MANUFACTURER;SUPPLIER; PRICE ; PURCHASE;%;VAT;REFERENCE;NAME;EAN13;CATEGORY;META TITLE;"TAGS	";KEYWORDS;REWRITE;SIZE;Depth;Width;Height;Weight
Akrapovic;Akrapovic;8 485,72;6 364,29;15;7;S-CO/TI/3;Chevrolet Corvette Stingray (C8) Akrapovic Slip-On Line (Titanium);3830000000000;Home;Chevrolet Corvette Stingray (C8) Akrapovic Slip-On Line (Titanium);Akrapovic,S-CO/TI/3,Chevrolet,Corvette,Stingray,(C8);Akrapovic,S-CO/TI/3,Chevrolet,Corvette,Stingray,(C8);Akrapovic-S-COTI3;;;;;
Akrapovic;Akrapovic;3 164,99;2 373,74;15;7;L-CO/SS/1;Chevrolet Corvette Stingray (C8) Akrapovic Link Pipe Set w Cat (SS);3830000000000;Home;Chevrolet Corvette Stingray (C8) Akrapovic Link Pipe Set w Cat (SS);Akrapovic,L-CO/SS/1,Chevrolet,Corvette,Stingray,(C8);Akrapovic,L-CO/SS/1,Chevrolet,Corvette,Stingray,(C8);Akrapovic-L-COSS1;;;;;
Akrapovic;Akrapovic;1 860,89;1 395,67;15;7;L-CO/SS/2;Chevrolet Corvette Stingray (C8) Akrapovic Link Pipe Set w/o Cat (SS);3830000000000;Home;Chevrolet Corvette Stingray (C8) Akrapovic Link Pipe Set w/o Cat (SS);Akrapovic,L-CO/SS/2,Chevrolet,Corvette,Stingray,(C8);Akrapovic,L-CO/SS/2,Chevrolet,Corvette,Stingray,(C8);Akrapovic-L-COSS2;;;;;
Akrapovic;Akrapovic;8 485,72;6 364,29;15;7;S-CO/TI/4;Chevrolet Corvette Stingray (C8) - OPF/GPF Akrapovic Slip-On Line (Titanium);3830000000000;Home;Chevrolet Corvette Stingray (C8) - OPF/GPF Akrapovic Slip-On Line (Titanium);Akrapovic,S-CO/TI/4,Chevrolet,Corvette,Stingray,(C8),-,OPF/GPF;Akrapovic,S-CO/TI/4,Chevrolet,Corvette,Stingray,(C8),-,OPF/GPF;Akrapovic-S-COTI4;;;;;
Akrapovic;Akrapovic;6 127,57;4 595,68;15;7;S-CO/TI/1;Chevrolet Corvette Stingray/Grand Sport (C7) Akrapovic Evolution Line (Titanium);3830000000000;Home;Chevrolet Corvette Stingray/Grand Sport (C7) Akrapovic Evolution Line (Titanium);Akrapovic,S-CO/TI/1,Chevrolet,Corvette,Stingray/Grand,Sport,(C7);Akrapovic,S-CO/TI/1,Chevrolet,Corvette,Stingray/Grand,Sport,(C7);Akrapovic-S-COTI1;;;;;
Akrapovic;Akrapovic;1 038,29;778,72;15;7;P-HF868;Chevrolet Corvette Stingray/Grand Sport (C7) Akrapovic Valve Actuator Kit;3830000000000;Home;Chevrolet Corvette Stingray/Grand Sport (C7) Akrapovic Valve Actuator Kit;Akrapovic,P-HF868,Chevrolet,Corvette,Stingray/Grand,Sport,(C7);Akrapovic,P-HF868,Chevrolet,Corvette,Stingray/Grand,Sport,(C7);Akrapovic-P-HF868;;;;;
Akrapovic;Akrapovic;567,36;425,52;15;7;P-HF886;Chevrolet Corvette Stingray/Grand Sport (C7) Akrapovic Control Kit;3830000000000;Home;Chevrolet Corvette Stingray/Grand Sport (C7) Akrapovic Control Kit;Akrapovic,P-HF886,Chevrolet,Corvette,Stingray/Grand,Sport,(C7);Akrapovic,P-HF886,Chevrolet,Corvette,Stingray/Grand,Sport,(C7);Akrapovic-P-HF886;;;;;
Akrapovic;Akrapovic;4 841,39;3 631,04;15;7;MTP-CO/TI/2;Chevrolet Corvette Z06 (C7) Akrapovic Slip-On Line (Titanium);3830000000000;Home;Chevrolet Corvette Z06 (C7) Akrapovic Slip-On Line (Titanium);Akrapovic,MTP-CO/TI/2,Chevrolet,Corvette,Z06,(C7);Akrapovic,MTP-CO/TI/2,Chevrolet,Corvette,Z06,(C7);Akrapovic-MTP-COTI2;;;;;
Akrapovic;Akrapovic;6 054,77;4 541,08;15;7;S-CO/TI/2;Chevrolet Corvette Z06 (C7) Akrapovic Evolution Line (Titanium);3830000000000;Home;Chevrolet Corvette Z06 (C7) Akrapovic Evolution Line (Titanium);Akrapovic,S-CO/TI/2,Chevrolet,Corvette,Z06,(C7);Akrapovic,S-CO/TI/2,Chevrolet,Corvette,Z06,(C7);Akrapovic-S-COTI2;;;;;
Akrapovic;Akrapovic;1 476,11;1 107,08;15;7;TP-NIR35C;Chevrolet Corvette ZO6/ZR1 (C6) Akrapovic Tail pipe set (Carbon,dia 125 mm) Corvette;3830000000000;Home;Chevrolet Corvette ZO6/ZR1 (C6) Akrapovic Tail pipe set (Carbon,dia 125 mm) Corvette;Akrapovic,TP-NIR35C,Chevrolet,Corvette,ZO6/ZR1,(C6);Akrapovic,TP-NIR35C,Chevrolet,Corvette,ZO6/ZR1,(C6);Akrapovic-TP-NIR35C;;;;;
Akrapovic;Akrapovic;1 504,52;1 128,39;15;7;TP-CT/1;Chevrolet Corvette ZO6/ZR1 (C6) Akrapovic Tail pipe set (Carbon,dia 115 mm);3830000000000;Home;Chevrolet Corvette ZO6/ZR1 (C6) Akrapovic Tail pipe set (Carbon,dia 115 mm);Akrapovic,TP-CT/1,Chevrolet,Corvette,ZO6/ZR1,(C6);Akrapovic,TP-CT/1,Chevrolet,Corvette,ZO6/ZR1,(C6);Akrapovic-TP-CT1;;;;;
Eventuri;Eventuri;2280;1368;15;7;EVE-C8VT-CF-INT;C8 Corvette Stingray Coupe Carbon Intake ;;Home;C8 Corvette Stingray Coupe Carbon Intake ;Eventuri,EVE-C8VT-CF-INT,C8 Corvette Stingray Coupe Carbon Intake ;Eventuri,EVE-C8VT-CF-INT,C8 Corvette Stingray Coupe Carbon Intake ;Eventuri-EVE-C8VT-CF-INT;110x52x42;;;;
Eventuri;Eventuri;2280;1368;15;7;EVE-C8HTC-CF-INT;C8 Corvette Stingray Hard Top Convertible Carbon Intake ;;Home;C8 Corvette Stingray Hard Top Convertible Carbon Intake ;Eventuri,EVE-C8HTC-CF-INT,C8 Corvette Stingray Hard Top Convertible Carbon Intake ;Eventuri,EVE-C8HTC-CF-INT,C8 Corvette Stingray Hard Top Convertible Carbon Intake ;Eventuri-EVE-C8HTC-CF-INT;110x52x42;;;;
Eventuri;Eventuri;550;330;15;7;EVE-C8VT-CF-ENG;C8 Corvette Stingray Carbon Engine Cover ;;Home;C8 Corvette Stingray Carbon Engine Cover ;Eventuri,EVE-C8VT-CF-ENG,C8 Corvette Stingray Carbon Engine Cover ;Eventuri,EVE-C8VT-CF-ENG,C8 Corvette Stingray Carbon Engine Cover ;Eventuri-EVE-C8VT-CF-ENG;72x42x17;;;;
Scorpion;Ford;446,12;223,06;25;7;SFDC087;Ford Mustang 2.3T Non GPF Model Only OEM / Scorpion De-cat downpipe   PD( 76mm/3) ;;Home;Ford Mustang 2.3T Non GPF Model Only OEM / Scorpion De-cat downpipe 76mm/3;Scorpion,Ford,Mustang 2.3T Non GPF Model Only,OEM / Scorpion,De-cat downpipe,76mm/3,;Scorpion,Ford,Mustang,2.3T,Non,GPF,Model,Only,OEM,/,Scorpion,De-cat,downpipe,76mm/3,;Scorpion-SFDC087;;;;;
Scorpion;Ford;831,57;415,785;25;7;SFDX087;Ford Mustang 2.3T Non GPF Model Only OEM / Scorpion Downpipe with high flow sports catalyst   PD( 76mm/3) ;;Home;Ford Mustang 2.3T Non GPF Model Only OEM / Scorpion Downpipe with high flow sports catalyst 76mm/3;Scorpion,Ford,Mustang 2.3T Non GPF Model Only,OEM / Scorpion,Downpipe with high flow sports catalyst,76mm/3,;Scorpion,Ford,Mustang,2.3T,Non,GPF,Model,Only,OEM,/,Scorpion,Downpipe,with,high,flow,sports,catalyst,76mm/3,;Scorpion-SFDX087;;;;;
Scorpion;Ford;1105,19;552,595;25;7;SFDS087;Ford Mustang 2.3T Non GPF Model Only OEM / Scorpion Non-resonated cat-back system   Daytona  PD( 70mm/2.75)  TD( 100mm);;Home;Ford Mustang 2.3T Non GPF Model Only OEM / Scorpion Non-resonated cat-back system  Daytona 70mm/2.75 100mm;Scorpion,Ford,Mustang 2.3T Non GPF Model Only,OEM / Scorpion,Non-resonated cat-back system ,Daytona,70mm/2.75,100mm;Scorpion,Ford,Mustang,2.3T,Non,GPF,Model,Only,OEM,/,Scorpion,Non-resonated,cat-back,system,Daytona,70mm/2.75,100mm;Scorpion-SFDS087;;;;;
Scorpion;Ford;1152,75;576,375;25;7;SFDS087C;Ford Mustang 2.3T Non GPF Model Only OEM / Scorpion Non-resonated cat-back system   Daytona  PD( 70mm/2.75)  TD( 100mm);;Home;Ford Mustang 2.3T Non GPF Model Only OEM / Scorpion Non-resonated cat-back system  Daytona 70mm/2.75 100mm;Scorpion,Ford,Mustang 2.3T Non GPF Model Only,OEM / Scorpion,Non-resonated cat-back system ,Daytona,70mm/2.75,100mm;Scorpion,Ford,Mustang,2.3T,Non,GPF,Model,Only,OEM,/,Scorpion,Non-resonated,cat-back,system,Daytona,70mm/2.75,100mm;Scorpion-SFDS087C;;;;;
Scorpion;Ford;1188,46;594,23;25;7;SFD087;Ford Mustang 2.3T Non GPF Model Only OEM / Scorpion Resonated cat-back system   Daytona  PD( 70mm/2.75)  TD( 100mm);;Home;Ford Mustang 2.3T Non GPF Model Only OEM / Scorpion Resonated cat-back system  Daytona 70mm/2.75 100mm;Scorpion,Ford,Mustang 2.3T Non GPF Model Only,OEM / Scorpion,Resonated cat-back system ,Daytona,70mm/2.75,100mm;Scorpion,Ford,Mustang,2.3T,Non,GPF,Model,Only,OEM,/,Scorpion,Resonated,cat-back,system,Daytona,70mm/2.75,100mm;Scorpion-SFD087;;;;;
Scorpion;Ford;1236,03;618,015;25;7;SFD087C;Ford Mustang 2.3T Non GPF Model Only OEM / Scorpion Resonated cat-back system   Daytona  PD( 70mm/2.75)  TD( 100mm);;Home;Ford Mustang 2.3T Non GPF Model Only OEM / Scorpion Resonated cat-back system  Daytona 70mm/2.75 100mm;Scorpion,Ford,Mustang 2.3T Non GPF Model Only,OEM / Scorpion,Resonated cat-back system ,Daytona,70mm/2.75,100mm;Scorpion,Ford,Mustang,2.3T,Non,GPF,Model,Only,OEM,/,Scorpion,Resonated,cat-back,system,Daytona,70mm/2.75,100mm;Scorpion-SFD087C;;;;;
Scorpion;Ford;1105,19;552,595;25;7;SFDS086;Ford Mustang 5.0 V8 GT Non GPF Model Only OEM Only Non-resonated cat-back system   Daytona  PD( 70mm/2.75)  TD( 100mm);;Home;Ford Mustang 5.0 V8 GT Non GPF Model Only OEM Only Non-resonated cat-back system  Daytona 70mm/2.75 100mm;Scorpion,Ford,Mustang 5.0 V8 GT Non GPF Model Only,OEM Only,Non-resonated cat-back system ,Daytona,70mm/2.75,100mm;Scorpion,Ford,Mustang,5.0,V8,GT,Non,GPF,Model,Only,OEM,Only,Non-resonated,cat-back,system,Daytona,70mm/2.75,100mm;Scorpion-SFDS086;;;;;
Scorpion;Ford;1152,76;576,38;25;7;SFDS086C;Ford Mustang 5.0 V8 GT Non GPF Model Only OEM Only Non-resonated cat-back system   Daytona  PD( 70mm/2.75)  TD( 100mm);;Home;Ford Mustang 5.0 V8 GT Non GPF Model Only OEM Only Non-resonated cat-back system  Daytona 70mm/2.75 100mm;Scorpion,Ford,Mustang 5.0 V8 GT Non GPF Model Only,OEM Only,Non-resonated cat-back system ,Daytona,70mm/2.75,100mm;Scorpion,Ford,Mustang,5.0,V8,GT,Non,GPF,Model,Only,OEM,Only,Non-resonated,cat-back,system,Daytona,70mm/2.75,100mm;Scorpion-SFDS086C;;;;;
Scorpion;Ford;1188,46;594,23;25;7;SFD086;Ford Mustang 5.0 V8 GT Non GPF Model Only OEM Only Resonated cat-back system  Daytona  PD( 70mm/2.75)  TD( 100mm);;Home;Ford Mustang 5.0 V8 GT Non GPF Model Only OEM Only Resonated cat-back system Daytona 70mm/2.75 100mm;Scorpion,Ford,Mustang 5.0 V8 GT Non GPF Model Only,OEM Only,Resonated cat-back system,Daytona,70mm/2.75,100mm;Scorpion,Ford,Mustang,5.0,V8,GT,Non,GPF,Model,Only,OEM,Only,Resonated,cat-back,system,Daytona,70mm/2.75,100mm;Scorpion-SFD086;;;;;
Scorpion;Ford;1236,04;618,02;25;7;SFD086C;Ford Mustang 5.0 V8 GT Non GPF Model Only OEM Only Resonated cat-back system  Daytona  PD( 70mm/2.75)  TD( 100mm);;Home;Ford Mustang 5.0 V8 GT Non GPF Model Only OEM Only Resonated cat-back system Daytona 70mm/2.75 100mm;Scorpion,Ford,Mustang 5.0 V8 GT Non GPF Model Only,OEM Only,Resonated cat-back system,Daytona,70mm/2.75,100mm;Scorpion,Ford,Mustang,5.0,V8,GT,Non,GPF,Model,Only,OEM,Only,Resonated,cat-back,system,Daytona,70mm/2.75,100mm;Scorpion-SFD086C;;;;;
Tein;Tein;768;576;15;7;GSGC0-8UAS2;Ford Mustang S550 Tein Coilovers Street Basis Z;;Home;Ford Mustang S550 Tein Coilovers Street Basis Z;Tein,GSGC0-8UAS2,Ford,Coilovers,Mustang,S550,STREET BASIS Z;Tein,GSGC0-8UAS2,Ford,Coilovers,Mustang,S550,STREET BASIS Z;Tein-GSGC0-8UAS2;;;;;
Tein;Tein;216;151,2;20;7;SKGC0-AUB00;Ford Mustang S550 Tein Springs S.Tech;;Home;Ford Mustang S550 Tein Springs S.Tech;Tein,SKGC0-AUB00,Ford,Springs,Mustang,S550,S.TECH;Tein,SKGC0-AUB00,Ford,Springs,Mustang,S550,S.TECH;Tein-SKGC0-AUB00;;;;;
Tein;Tein;984;738;15;7;VSGC0-C1AS1;Ford Mustang S550 Tein Coilovers Flex Z;;Home;Ford Mustang S550 Tein Coilovers Flex Z;Tein,VSGC0-C1AS1,Ford,Coilovers,Mustang,S550,FLEX Z;Tein,VSGC0-C1AS1,Ford,Coilovers,Mustang,S550,FLEX Z;Tein-VSGC0-C1AS1;;;;;
Tein;Tein;408;244,8;30;7;VSF86-A1DS2;Chevrolet TRALIBLAZER - Tein  Absorbers Endurapro;;Home;Chevrolet TRALIBLAZER - Tein  Absorbers Endurapro;Tein,VSF86-A1DS2,Chevrolet, Absorbers,TRALIBLAZER,-,Endurapro;Tein,VSF86-A1DS2,Chevrolet, Absorbers,TRALIBLAZER,-,Endurapro;Tein-VSF86-A1DS2;;;;;
P3 Gauges;P3 Gauges;389;225,62;35;7;U3P3FMS5;P3 V3 OBD2 - Ford Mustang Gen5 Gauge (2010-2014) Universal;;Home;P3 V3 OBD2 - Ford Mustang Gen5 Gauge (2010-2014) Universal;P3 Gauges,U3P3FMS5,P3 V3 OBD2 - Ford Mustang Gen5 Gauge (2010-2014) Universal;P3 Gauges,U3P3FMS5,P3,V3,OBD2,-,Ford,Mustang,Gen5,Gauge,(2010-2014),Universal;P3-Gauges-U3P3FMS5;;8;4;3;0,312
P3 Gauges;P3 Gauges;389;225,62;35;7;U3P3FMS6;P3 V3 OBD2 - Ford Mustang Gen6 Gauge (2015-2022) Universal;;Home;P3 V3 OBD2 - Ford Mustang Gen6 Gauge (2015-2022) Universal;P3 Gauges,U3P3FMS6,P3 V3 OBD2 - Ford Mustang Gen6 Gauge (2015-2022) Universal;P3 Gauges,U3P3FMS6,P3,V3,OBD2,-,Ford,Mustang,Gen6,Gauge,(2015-2022),Universal;P3-Gauges-U3P3FMS6;;8;4;3;0,312
P3 Gauges;P3 Gauges;389;225,62;35;7;U3P3CCM5;P3 V3 OBD2 - Chevrolet Camaro Gen5 Gauge (2010-2015) Universal;;Home;P3 V3 OBD2 - Chevrolet Camaro Gen5 Gauge (2010-2015) Universal;P3 Gauges,U3P3CCM5,P3 V3 OBD2 - Chevrolet Camaro Gen5 Gauge (2010-2015) Universal;P3 Gauges,U3P3CCM5,P3,V3,OBD2,-,Chevrolet,Camaro,Gen5,Gauge,(2010-2015),Universal;P3-Gauges-U3P3CCM5;;8;4;3;0,312
P3 Gauges;P3 Gauges;399;231,42;35;7;U3P3CCM6;P3 V3 OBD2 - Chevrolet Camaro Gen6 Gauge (2016+) Universal;;Home;P3 V3 OBD2 - Chevrolet Camaro Gen6 Gauge (2016+) Universal;P3 Gauges,U3P3CCM6,P3 V3 OBD2 - Chevrolet Camaro Gen6 Gauge (2016+) Universal;P3 Gauges,U3P3CCM6,P3,V3,OBD2,-,Chevrolet,Camaro,Gen6,Gauge,(2016+),Universal;P3-Gauges-U3P3CCM6;;8;4;3;0,454
P3 Gauges;P3 Gauges;389;225,62;35;7;L3P3CV6X;P3 V3 OBD2 - Chevrolet Corvette C6 Gauge (2005-2013) Left Hand Drive;;Home;P3 V3 OBD2 - Chevrolet Corvette C6 Gauge (2005-2013) Left Hand Drive;P3 Gauges,L3P3CV6X,P3 V3 OBD2 - Chevrolet Corvette C6 Gauge (2005-2013) Left Hand Drive;P3 Gauges,L3P3CV6X,P3,V3,OBD2,-,Chevrolet,Corvette,C6,Gauge,(2005-2013),Left,Hand,Drive;P3-Gauges-L3P3CV6X;;8;4;3;0,312
P3 Gauges;P3 Gauges;389;225,62;35;7;L3P3CV7X;P3 V3 OBD2 - Chevrolet Corvette C7 Gauge (2014-2019) Left Hand Drive;;Home;P3 V3 OBD2 - Chevrolet Corvette C7 Gauge (2014-2019) Left Hand Drive;P3 Gauges,L3P3CV7X,P3 V3 OBD2 - Chevrolet Corvette C7 Gauge (2014-2019) Left Hand Drive;P3 Gauges,L3P3CV7X,P3,V3,OBD2,-,Chevrolet,Corvette,C7,Gauge,(2014-2019),Left,Hand,Drive;P3-Gauges-L3P3CV7X;;8;4;3;0,312
P3 Gauges;P3 Gauges;389;225,62;35;7;L3P3CS13;P3 V3 OBD2 - Chevrolet Silverado Gauge Type 1 (2007.5-2014) Left Hand Drive;;Home;P3 V3 OBD2 - Chevrolet Silverado Gauge Type 1 (2007.5-2014) Left Hand Drive;P3 Gauges,L3P3CS13,P3 V3 OBD2 - Chevrolet Silverado Gauge Type 1 (2007.5-2014) Left Hand Drive;P3 Gauges,L3P3CS13,P3,V3,OBD2,-,Chevrolet,Silverado,Gauge,Type,1,(2007.5-2014),Left,Hand,Drive;P3-Gauges-L3P3CS13;;8;4;3;0,312
P3 Gauges;P3 Gauges;389;225,62;35;7;L3P3CTA2;P3 V3 OBD2 - Chevrolet Silverado Gauge Type 2 (2007.5-2014) Left Hand Drive;;Home;P3 V3 OBD2 - Chevrolet Silverado Gauge Type 2 (2007.5-2014) Left Hand Drive;P3 Gauges,L3P3CTA2,P3 V3 OBD2 - Chevrolet Silverado Gauge Type 2 (2007.5-2014) Left Hand Drive;P3 Gauges,L3P3CTA2,P3,V3,OBD2,-,Chevrolet,Silverado,Gauge,Type,2,(2007.5-2014),Left,Hand,Drive;P3-Gauges-L3P3CTA2;;8;4;3;0,312
P3 Gauges;P3 Gauges;389;225,62;35;7;L3P3CS4X;P3 V3 OBD2 - Chevrolet Silverado Gauge (2022+) Left Hand Drive;;Home;P3 V3 OBD2 - Chevrolet Silverado Gauge (2022+) Left Hand Drive;P3 Gauges,L3P3CS4X,P3 V3 OBD2 - Chevrolet Silverado Gauge (2022+) Left Hand Drive;P3 Gauges,L3P3CS4X,P3,V3,OBD2,-,Chevrolet,Silverado,Gauge,(2022+),Left,Hand,Drive;P3-Gauges-L3P3CS4X;;8;4;3;0,312
P3 Gauges;P3 Gauges;389;225,62;35;7;L3P3CSSX;P3 V3 OBD2 - Chevrolet SS/Holden Commodore Gauge (2013-2019) Left Hand Drive;;Home;P3 V3 OBD2 - Chevrolet SS/Holden Commodore Gauge (2013-2019) Left Hand Drive;P3 Gauges,L3P3CSSX,P3 V3 OBD2 - Chevrolet SS/Holden Commodore Gauge (2013-2019) Left Hand Drive;P3 Gauges,L3P3CSSX,P3,V3,OBD2,-,Chevrolet,SS,Holden,Commodore,Gauge,(2013-2019),Left,Hand,Drive;P3-Gauges-L3P3CSSX;;8;4;3;0,312
P3 Gauges;P3 Gauges;389;225,62;35;7;R3P3CSSX;P3 V3 OBD2 - Chevrolet SS/Holden Commodore Gauge (2013-2019) Right Hand Drive;;Home;P3 V3 OBD2 - Chevrolet SS/Holden Commodore Gauge (2013-2019) Right Hand Drive;P3 Gauges,R3P3CSSX,P3 V3 OBD2 - Chevrolet SS/Holden Commodore Gauge (2013-2019) Right Hand Drive;P3 Gauges,R3P3CSSX,P3,V3,OBD2,-,Chevrolet,SS,Holden,Commodore,Gauge,(2013-2019),Right,Hand,Drive;P3-Gauges-R3P3CSSX;;8;4;3;0,312
Mishimoto;Mishimoto;351,19;193,15;30;7;MMAI-MUS4-15P;Mishimoto 2015-2017 Ford Mustang Ecoboost Air Intake, Polished;748354018943;Air Intake Kits & Components;Mishimoto 2015-2017 Ford Mustang Ecoboost Air Intake, Polished;Mishimoto,MMAI-MUS4-15P,2015,2017,Ford,Mustang,Ecoboost,Air,Intake,,Polished;Mishimoto,MMAI-MUS4-15P,2015,2017,Ford,Mustang,Ecoboost,Air,Intake,,Polished;Mishimoto-MMAI-MUS4-15P;;28;18;18;54,65
Mishimoto;Mishimoto;351,19;193,15;30;7;MMAI-MUS4-15WBK;Mishimoto 2015-2017 Ford Mustang Ecoboost Air Intake, Wrinkle Black;748354018950;Air Intake Kits & Components;Mishimoto 2015-2017 Ford Mustang Ecoboost Air Intake, Wrinkle Black;Mishimoto,MMAI-MUS4-15WBK,2015,2017,Ford,Mustang,Ecoboost,Air,Intake,,Wrinkle,Black;Mishimoto,MMAI-MUS4-15WBK,2015,2017,Ford,Mustang,Ecoboost,Air,Intake,,Wrinkle,Black;Mishimoto-MMAI-MUS4-15WBK;;28;18;18;54,65
Mishimoto;Mishimoto;341,72;187,95;30;7;MMAI-MUS8-15BK;Mishimoto 2015-2017 Ford Mustang GT Performance Air Intake, Black;748354034561;Air Intake Kits & Components;Mishimoto 2015-2017 Ford Mustang GT Performance Air Intake, Black;Mishimoto,MMAI-MUS8-15BK,2015,2017,Ford,Mustang,GT,Performance,Air,Intake,,Black;Mishimoto,MMAI-MUS8-15BK,2015,2017,Ford,Mustang,GT,Performance,Air,Intake,,Black;Mishimoto-MMAI-MUS8-15BK;;24;16;10;23,13
Mishimoto;Mishimoto;341,72;187,95;30;7;MMAI-MUS8-15BL;Mishimoto 2015-2017 Ford Mustang GT Performance Air Intake, Blue;748354034578;Air Intake Kits & Components;Mishimoto 2015-2017 Ford Mustang GT Performance Air Intake, Blue;Mishimoto,MMAI-MUS8-15BL,2015,2017,Ford,Mustang,GT,Performance,Air,Intake,,Blue;Mishimoto,MMAI-MUS8-15BL,2015,2017,Ford,Mustang,GT,Performance,Air,Intake,,Blue;Mishimoto-MMAI-MUS8-15BL;;24;16;10;23,13
Mishimoto;Mishimoto;341,72;187,95;30;7;MMAI-MUS8-15RD;Mishimoto 2015-2017 Ford Mustang GT Performance Air Intake, Red;748354034585;Air Intake Kits & Components;Mishimoto 2015-2017 Ford Mustang GT Performance Air Intake, Red;Mishimoto,MMAI-MUS8-15RD,2015,2017,Ford,Mustang,GT,Performance,Air,Intake,,Red;Mishimoto,MMAI-MUS8-15RD,2015,2017,Ford,Mustang,GT,Performance,Air,Intake,,Red;Mishimoto-MMAI-MUS8-15RD;;24;16;10;23,13
Mishimoto;Mishimoto;166,12;91,37;30;7;MMBCC-MUS4-15PBE;Mishimoto Ford Mustang EcoBoost Baffled Oil Catch Can, 2015+;811580032707;Oil Catch Can Kits & Components;Mishimoto Ford Mustang EcoBoost Baffled Oil Catch Can, 2015+;Mishimoto,MMBCC-MUS4-15PBE,Ford,Mustang,EcoBoost,Baffled,Oil,Catch,Can,,2015+;Mishimoto,MMBCC-MUS4-15PBE,Ford,Mustang,EcoBoost,Baffled,Oil,Catch,Can,,2015+;Mishimoto-MMBCC-MUS4-15PBE;;14;10;8;6,75
Mishimoto;Mishimoto;203,24;111,78;30;7;MMBCC-MUS8-15PBE;Mishimoto Ford Mustang GT Baffled Oil Catch Can, 2015-2017;811580032721;Oil Catch Can Kits & Components;Mishimoto Ford Mustang GT Baffled Oil Catch Can, 2015-2017;Mishimoto,MMBCC-MUS8-15PBE,Ford,Mustang,GT,Baffled,Oil,Catch,Can,,2015,2017;Mishimoto,MMBCC-MUS8-15PBE,Ford,Mustang,GT,Baffled,Oil,Catch,Can,,2015,2017;Mishimoto-MMBCC-MUS8-15PBE;;14;10;8;7
Mishimoto;Mishimoto;192,66;105,96;30;7;MMBCC-MUS8-18PBE;Mishimoto Ford Mustang GT Baffled Oil Catch Can, 2018+;811580036989;Oil Catch Can Kits & Components;Mishimoto Ford Mustang GT Baffled Oil Catch Can, 2018+;Mishimoto,MMBCC-MUS8-18PBE,Ford,Mustang,GT,Baffled,Oil,Catch,Can,,2018+;Mishimoto,MMBCC-MUS8-18PBE,Ford,Mustang,GT,Baffled,Oil,Catch,Can,,2018+;Mishimoto-MMBCC-MUS8-18PBE;;14;10;8;6,75
Mishimoto;Mishimoto;92,77;51,02;30;7;MMEXH-ADAP-MUS4;Mishimoto Ford Mustang EcoBoost Exhaust Adapter, 2015+;748354028065;Exhaust Systems;Mishimoto Ford Mustang EcoBoost Exhaust Adapter, 2015+;Mishimoto,MMEXH-ADAP-MUS4,Ford,Mustang,EcoBoost,Exhaust,Adapter,,2015+;Mishimoto,MMEXH-ADAP-MUS4,Ford,Mustang,EcoBoost,Exhaust,Adapter,,2015+;Mishimoto-MMEXH-ADAP-MUS4;;23,6;13,75;13,75;26,88
Mishimoto;Mishimoto;985,4;541,97;30;7;MMEXH-MUS4-15;Mishimoto Ford Mustang EcoBoost Cat-Back Exhaust, 2015+;748354024890;Exhaust Systems;Mishimoto Ford Mustang EcoBoost Cat-Back Exhaust, 2015+;Mishimoto,MMEXH-MUS4-15,Ford,Mustang,EcoBoost,Cat,Back,Exhaust,,2015+;Mishimoto,MMEXH-MUS4-15,Ford,Mustang,EcoBoost,Cat,Back,Exhaust,,2015+;Mishimoto-MMEXH-MUS4-15;;43;11;20;56,99
Mishimoto;Mishimoto;542,4;298,32;30;7;MMEXH-MUS8-15APBK;Mishimoto 2015-2017 Ford Mustang GT Pro Axle-back, Black Tips;748354030464;Exhaust Systems;Mishimoto 2015-2017 Ford Mustang GT Pro Axle-back, Black Tips;Mishimoto,MMEXH-MUS8-15APBK,2015,2017,Ford,Mustang,GT,Pro,Axle,back,,Black,Tips;Mishimoto,MMEXH-MUS8-15APBK,2015,2017,Ford,Mustang,GT,Pro,Axle,back,,Black,Tips;Mishimoto-MMEXH-MUS8-15APBK;;33,5;9,85;13,75;27,33
Mishimoto;Mishimoto;542,4;298,32;30;7;MMEXH-MUS8-15APP;Mishimoto 2015-2017 Ford Mustang GT Pro Axle-back, Polished Tips;748354030457;Exhaust Systems;Mishimoto 2015-2017 Ford Mustang GT Pro Axle-back, Polished Tips;Mishimoto,MMEXH-MUS8-15APP,2015,2017,Ford,Mustang,GT,Pro,Axle,back,,Polished,Tips;Mishimoto,MMEXH-MUS8-15APP,2015,2017,Ford,Mustang,GT,Pro,Axle,back,,Polished,Tips;Mishimoto-MMEXH-MUS8-15APP;;33,5;9,85;13,75;27,33
Mishimoto;Mishimoto;442,06;243,13;30;7;MMEXH-MUS8-15ARBK;Mishimoto 2015-2017 Ford Mustang GT Race Axle-back, Black Tips;748354030440;Exhaust Systems;Mishimoto 2015-2017 Ford Mustang GT Race Axle-back, Black Tips;Mishimoto,MMEXH-MUS8-15ARBK,2015,2017,Ford,Mustang,GT,Race,Axle,back,,Black,Tips;Mishimoto,MMEXH-MUS8-15ARBK,2015,2017,Ford,Mustang,GT,Race,Axle,back,,Black,Tips;Mishimoto-MMEXH-MUS8-15ARBK;;33,5;9,85;13,75;27,33
Mishimoto;Mishimoto;442,06;243,13;30;7;MMEXH-MUS8-15ARP;Mishimoto 2015-2017 Ford Mustang GT Race Axle-back, Polished Tips;748354030433;Exhaust Systems;Mishimoto 2015-2017 Ford Mustang GT Race Axle-back, Polished Tips;Mishimoto,MMEXH-MUS8-15ARP,2015,2017,Ford,Mustang,GT,Race,Axle,back,,Polished,Tips;Mishimoto,MMEXH-MUS8-15ARP,2015,2017,Ford,Mustang,GT,Race,Axle,back,,Polished,Tips;Mishimoto-MMEXH-MUS8-15ARP;;33,5;9,85;13,75;27,33
Mishimoto;Mishimoto;739,28;406,6;30;7;MMEXH-MUS8-15ASBK;Mishimoto 2015-2017 Ford Mustang GT Street Axle-back, Black Tips;748354031324;Exhaust Systems;Mishimoto 2015-2017 Ford Mustang GT Street Axle-back, Black Tips;Mishimoto,MMEXH-MUS8-15ASBK,2015,2017,Ford,Mustang,GT,Street,Axle,back,,Black,Tips;Mishimoto,MMEXH-MUS8-15ASBK,2015,2017,Ford,Mustang,GT,Street,Axle,back,,Black,Tips;Mishimoto-MMEXH-MUS8-15ASBK;;33,5;9,85;13,75;27,33
Mishimoto;Mishimoto;739,28;406,6;30;7;MMEXH-MUS8-15ASP;Mishimoto 2015-2017 Ford Mustang GT Street Axle-back, Polished Tips;748354031317;Exhaust Systems;Mishimoto 2015-2017 Ford Mustang GT Street Axle-back, Polished Tips;Mishimoto,MMEXH-MUS8-15ASP,2015,2017,Ford,Mustang,GT,Street,Axle,back,,Polished,Tips;Mishimoto,MMEXH-MUS8-15ASP,2015,2017,Ford,Mustang,GT,Street,Axle,back,,Polished,Tips;Mishimoto-MMEXH-MUS8-15ASP;;33,5;9,85;13,75;27,33
Mishimoto;Mishimoto;217,72;119,75;30;7;MMEXH-MUS8-15HP;Mishimoto Ford Mustang GT H-Pipe, 2015+;748354030716;Exhaust Systems;Mishimoto Ford Mustang GT H-Pipe, 2015+;Mishimoto,MMEXH-MUS8-15HP,Ford,Mustang,GT,H,Pipe,,2015+;Mishimoto,MMEXH-MUS8-15HP,Ford,Mustang,GT,H,Pipe,,2015+;Mishimoto-MMEXH-MUS8-15HP;;33,5;13,75;9,8;27,19
Mishimoto;Mishimoto;217,72;119,75;30;7;MMEXH-MUS8-15XP;Mishimoto Ford Mustang GT X-Pipe, 2015+;748354030723;Exhaust Systems;Mishimoto Ford Mustang GT X-Pipe, 2015+;Mishimoto,MMEXH-MUS8-15XP,Ford,Mustang,GT,X,Pipe,,2015+;Mishimoto,MMEXH-MUS8-15XP,Ford,Mustang,GT,X,Pipe,,2015+;Mishimoto-MMEXH-MUS8-15XP;;33,5;13,75;9,8;27,19
Mishimoto;Mishimoto;214,88;118,18;30;7;MMFS-MUS-79;Mishimoto Ford Mustang Fan Shroud Kit, 1979-1993;748354799033;Fans & Accessories Kits;Mishimoto Ford Mustang Fan Shroud Kit, 1979-1993;Mishimoto,MMFS-MUS-79,Ford,Mustang,Fan,Shroud,Kit,,1979,1993;Mishimoto,MMFS-MUS-79,Ford,Mustang,Fan,Shroud,Kit,,1979,1993;Mishimoto-MMFS-MUS-79;;4;20;26;12,53
Mishimoto;Mishimoto;198,74;109,31;30;7;MMFS-MUS-94;Mishimoto Ford Mustang  Fan Shroud Kit, 1994-1996;748354799026;Fans & Accessories Kits;Mishimoto Ford Mustang  Fan Shroud Kit, 1994-1996;Mishimoto,MMFS-MUS-94,Ford,Mustang,,Fan,Shroud,Kit,,1994,1996;Mishimoto,MMFS-MUS-94,Ford,Mustang,,Fan,Shroud,Kit,,1994,1996;Mishimoto-MMFS-MUS-94;;31;21;5;19,61
Mishimoto;Mishimoto;214,88;118,18;30;7;MMFS-MUS-97;Mishimoto Ford Mustang  Fan Shroud Kit, 1997-2004;748354799019;Fans & Accessories Kits;Mishimoto Ford Mustang  Fan Shroud Kit, 1997-2004;Mishimoto,MMFS-MUS-97,Ford,Mustang,,Fan,Shroud,Kit,,1997,2004;Mishimoto,MMFS-MUS-97,Ford,Mustang,,Fan,Shroud,Kit,,1997,2004;Mishimoto-MMFS-MUS-97;;33,5;21,5;6;26,03
Mishimoto;Mishimoto;136,31;74,97;30;7;MMHOSE-GT-07BK;Mishimoto Ford Mustang GT Silicone Radiator Hose Kit, 2007-2010, Black;748354802924;Hoses & Couplers;Mishimoto Ford Mustang GT Silicone Radiator Hose Kit, 2007-2010, Black;Mishimoto,MMHOSE-GT-07BK,Ford,Mustang,GT,Silicone,Radiator,Hose,Kit,,2007,2010,,Black;Mishimoto,MMHOSE-GT-07BK,Ford,Mustang,GT,Silicone,Radiator,Hose,Kit,,2007,2010,,Black;Mishimoto-MMHOSE-GT-07BK;;21;10;3,5;4,43
Mishimoto;Mishimoto;136,31;74,97;30;7;MMHOSE-GT-07BL;Mishimoto Ford Mustang GT Silicone Radiator Hose Kit, 2007-2010, Blue;748354802931;Hoses & Couplers;Mishimoto Ford Mustang GT Silicone Radiator Hose Kit, 2007-2010, Blue;Mishimoto,MMHOSE-GT-07BL,Ford,Mustang,GT,Silicone,Radiator,Hose,Kit,,2007,2010,,Blue;Mishimoto,MMHOSE-GT-07BL,Ford,Mustang,GT,Silicone,Radiator,Hose,Kit,,2007,2010,,Blue;Mishimoto-MMHOSE-GT-07BL;;33;11;11;24,05
Mishimoto;Mishimoto;136,31;74,97;30;7;MMHOSE-GT-07RD;Mishimoto Ford Mustang GT Silicone Radiator Hose Kit, 2007-2010, Red;748354802948;Hoses & Couplers;Mishimoto Ford Mustang GT Silicone Radiator Hose Kit, 2007-2010, Red;Mishimoto,MMHOSE-GT-07RD,Ford,Mustang,GT,Silicone,Radiator,Hose,Kit,,2007,2010,,Red;Mishimoto,MMHOSE-GT-07RD,Ford,Mustang,GT,Silicone,Radiator,Hose,Kit,,2007,2010,,Red;Mishimoto-MMHOSE-GT-07RD;;33;11;11;24,05
Mishimoto;Mishimoto;86,14;47,38;30;7;MMHOSE-MUS-05BK;Mishimoto Ford Mustang GT Silicone Radiator Hose Kit, 2005-2006, Black;748354798081;Hoses & Couplers;Mishimoto Ford Mustang GT Silicone Radiator Hose Kit, 2005-2006, Black;Mishimoto,MMHOSE-MUS-05BK,Ford,Mustang,GT,Silicone,Radiator,Hose,Kit,,2005,2006,,Black;Mishimoto,MMHOSE-MUS-05BK,Ford,Mustang,GT,Silicone,Radiator,Hose,Kit,,2005,2006,,Black;Mishimoto-MMHOSE-MUS-05BK;;21;10;3,5;4,43
Mishimoto;Mishimoto;86,14;47,38;30;7;MMHOSE-MUS-05BL;Mishimoto Ford Mustang GT Silicone Radiator Hose Kit, 2005-2006, Blue;748354798098;Hoses & Couplers;Mishimoto Ford Mustang GT Silicone Radiator Hose Kit, 2005-2006, Blue;Mishimoto,MMHOSE-MUS-05BL,Ford,Mustang,GT,Silicone,Radiator,Hose,Kit,,2005,2006,,Blue;Mishimoto,MMHOSE-MUS-05BL,Ford,Mustang,GT,Silicone,Radiator,Hose,Kit,,2005,2006,,Blue;Mishimoto-MMHOSE-MUS-05BL;;22;11;3;4,37
Mishimoto;Mishimoto;86,14;47,38;30;7;MMHOSE-MUS-05RD;Mishimoto Ford Mustang GT Silicone Radiator Hose Kit, 2005-2006, Red;748354798104;Hoses & Couplers;Mishimoto Ford Mustang GT Silicone Radiator Hose Kit, 2005-2006, Red;Mishimoto,MMHOSE-MUS-05RD,Ford,Mustang,GT,Silicone,Radiator,Hose,Kit,,2005,2006,,Red;Mishimoto,MMHOSE-MUS-05RD,Ford,Mustang,GT,Silicone,Radiator,Hose,Kit,,2005,2006,,Red;Mishimoto-MMHOSE-MUS-05RD;;21;10;3,5;4,43
Mishimoto;Mishimoto;207,3;114,02;30;7;MMHOSE-MUS4-15ANCBK;Mishimoto 2015-2017 Ford Mustang Ecoboost Silicone ANC Hoses, Black;748354026016;Hoses & Couplers;Mishimoto 2015-2017 Ford Mustang Ecoboost Silicone ANC Hoses, Black;Mishimoto,MMHOSE-MUS4-15ANCBK,2015,2017,Ford,Mustang,Ecoboost,Silicone,ANC,Hoses,,Black;Mishimoto,MMHOSE-MUS4-15ANCBK,2015,2017,Ford,Mustang,Ecoboost,Silicone,ANC,Hoses,,Black;Mishimoto-MMHOSE-MUS4-15ANCBK;;21;6;12;9,11
Mishimoto;Mishimoto;207,3;114,02;30;7;MMHOSE-MUS4-15ANCBL;Mishimoto 2015-2017 Ford Mustang Ecoboost Silicone ANC Hoses, Blue;748354026023;Hoses & Couplers;Mishimoto 2015-2017 Ford Mustang Ecoboost Silicone ANC Hoses, Blue;Mishimoto,MMHOSE-MUS4-15ANCBL,2015,2017,Ford,Mustang,Ecoboost,Silicone,ANC,Hoses,,Blue;Mishimoto,MMHOSE-MUS4-15ANCBL,2015,2017,Ford,Mustang,Ecoboost,Silicone,ANC,Hoses,,Blue;Mishimoto-MMHOSE-MUS4-15ANCBL;;21;6;12;9,11
Mishimoto;Mishimoto;207,3;114,02;30;7;MMHOSE-MUS4-15ANCRD;Mishimoto 2015-2017 Ford Mustang Ecoboost Silicone ANC Hoses, Red;748354026030;Hoses & Couplers;Mishimoto 2015-2017 Ford Mustang Ecoboost Silicone ANC Hoses, Red;Mishimoto,MMHOSE-MUS4-15ANCRD,2015,2017,Ford,Mustang,Ecoboost,Silicone,ANC,Hoses,,Red;Mishimoto,MMHOSE-MUS4-15ANCRD,2015,2017,Ford,Mustang,Ecoboost,Silicone,ANC,Hoses,,Red;Mishimoto-MMHOSE-MUS4-15ANCRD;;21;6;12;9,11
Mishimoto;Mishimoto;130,63;71,85;30;7;MMHOSE-MUS4-15BK;Mishimoto 2015-2017 Ford Mustang Ecoboost Silicone Rad Hoses, Black;748354018035;Hoses & Couplers;Mishimoto 2015-2017 Ford Mustang Ecoboost Silicone Rad Hoses, Black;Mishimoto,MMHOSE-MUS4-15BK,2015,2017,Ford,Mustang,Ecoboost,Silicone,Rad,Hoses,,Black;Mishimoto,MMHOSE-MUS4-15BK,2015,2017,Ford,Mustang,Ecoboost,Silicone,Rad,Hoses,,Black;Mishimoto-MMHOSE-MUS4-15BK;;21;3;12;4,55
Mishimoto;Mishimoto;130,63;71,85;30;7;MMHOSE-MUS4-15BL;Mishimoto 2015-2017 Ford Mustang Ecoboost Silicone Rad Hoses, Blue;748354018042;Hoses & Couplers;Mishimoto 2015-2017 Ford Mustang Ecoboost Silicone Rad Hoses, Blue;Mishimoto,MMHOSE-MUS4-15BL,2015,2017,Ford,Mustang,Ecoboost,Silicone,Rad,Hoses,,Blue;Mishimoto,MMHOSE-MUS4-15BL,2015,2017,Ford,Mustang,Ecoboost,Silicone,Rad,Hoses,,Blue;Mishimoto-MMHOSE-MUS4-15BL;;21;3;12;4,55
Mishimoto;Mishimoto;130,63;71,85;30;7;MMHOSE-MUS4-15RD;Mishimoto 2015-2017 Ford Mustang Ecoboost Silicone Rad Hoses, Red;748354018059;Hoses & Couplers;Mishimoto 2015-2017 Ford Mustang Ecoboost Silicone Rad Hoses, Red;Mishimoto,MMHOSE-MUS4-15RD,2015,2017,Ford,Mustang,Ecoboost,Silicone,Rad,Hoses,,Red;Mishimoto,MMHOSE-MUS4-15RD,2015,2017,Ford,Mustang,Ecoboost,Silicone,Rad,Hoses,,Red;Mishimoto-MMHOSE-MUS4-15RD;;21;3;12;4,55
Mishimoto;Mishimoto;78,57;43,21;30;7;MMHOSE-MUS8-15ANCBK;Mishimoto Ford Mustang GT Silicone Ancillary Hose Kit, 2015+, Black;748354030549;Hoses & Couplers;Mishimoto Ford Mustang GT Silicone Ancillary Hose Kit, 2015+, Black;Mishimoto,MMHOSE-MUS8-15ANCBK,Ford,Mustang,GT,Silicone,Ancillary,Hose,Kit,,2015+,,Black;Mishimoto,MMHOSE-MUS8-15ANCBK,Ford,Mustang,GT,Silicone,Ancillary,Hose,Kit,,2015+,,Black;Mishimoto-MMHOSE-MUS8-15ANCBK;;21;6;12;9,11
Mishimoto;Mishimoto;78,57;43,21;30;7;MMHOSE-MUS8-15ANCBL;Mishimoto Ford Mustang GT Silicone Ancillary Hose Kit, 2015+, Blue;748354030556;Hoses & Couplers;Mishimoto Ford Mustang GT Silicone Ancillary Hose Kit, 2015+, Blue;Mishimoto,MMHOSE-MUS8-15ANCBL,Ford,Mustang,GT,Silicone,Ancillary,Hose,Kit,,2015+,,Blue;Mishimoto,MMHOSE-MUS8-15ANCBL,Ford,Mustang,GT,Silicone,Ancillary,Hose,Kit,,2015+,,Blue;Mishimoto-MMHOSE-MUS8-15ANCBL;;21;6;12;9,11
Mishimoto;Mishimoto;78,57;43,21;30;7;MMHOSE-MUS8-15ANCRD;Mishimoto Ford Mustang GT Silicone Ancillary Hose Kit, 2015+, Red;748354030563;Hoses & Couplers;Mishimoto Ford Mustang GT Silicone Ancillary Hose Kit, 2015+, Red;Mishimoto,MMHOSE-MUS8-15ANCRD,Ford,Mustang,GT,Silicone,Ancillary,Hose,Kit,,2015+,,Red;Mishimoto,MMHOSE-MUS8-15ANCRD,Ford,Mustang,GT,Silicone,Ancillary,Hose,Kit,,2015+,,Red;Mishimoto-MMHOSE-MUS8-15ANCRD;;21;6;12;9,11
Mishimoto;Mishimoto;137,25;75,49;30;7;MMHOSE-MUS8-15IHBK;Mishimoto 2015-2017 Ford Mustang GT Silicone Induction Hose, Black;748354031409;Hoses & Couplers;Mishimoto 2015-2017 Ford Mustang GT Silicone Induction Hose, Black;Mishimoto,MMHOSE-MUS8-15IHBK,2015,2017,Ford,Mustang,GT,Silicone,Induction,Hose,,Black;Mishimoto,MMHOSE-MUS8-15IHBK,2015,2017,Ford,Mustang,GT,Silicone,Induction,Hose,,Black;Mishimoto-MMHOSE-MUS8-15IHBK;;21;5;12;7,59
Mishimoto;Mishimoto;137,25;75,49;30;7;MMHOSE-MUS8-15IHBL;Mishimoto 2015-2017 Ford Mustang GT Silicone Induction Hose, Blue;748354031416;Hoses & Couplers;Mishimoto 2015-2017 Ford Mustang GT Silicone Induction Hose, Blue;Mishimoto,MMHOSE-MUS8-15IHBL,2015,2017,Ford,Mustang,GT,Silicone,Induction,Hose,,Blue;Mishimoto,MMHOSE-MUS8-15IHBL,2015,2017,Ford,Mustang,GT,Silicone,Induction,Hose,,Blue;Mishimoto-MMHOSE-MUS8-15IHBL;;21;5;12;7,59
Mishimoto;Mishimoto;137,25;75,49;30;7;MMHOSE-MUS8-15IHRD;Mishimoto 2015-2017 Ford Mustang GT Silicone Induction Hose, Red;748354031423;Hoses & Couplers;Mishimoto 2015-2017 Ford Mustang GT Silicone Induction Hose, Red;Mishimoto,MMHOSE-MUS8-15IHRD,2015,2017,Ford,Mustang,GT,Silicone,Induction,Hose,,Red;Mishimoto,MMHOSE-MUS8-15IHRD,2015,2017,Ford,Mustang,GT,Silicone,Induction,Hose,,Red;Mishimoto-MMHOSE-MUS8-15IHRD;;21;5;12;7,59
Mishimoto;Mishimoto;177,01;97,36;30;7;MMHOSE-MUS8-15LBK;Mishimoto 2015-2017 Ford Mustang GT Silicone Lower Rad Hose, Black;748354031454;Hoses & Couplers;Mishimoto 2015-2017 Ford Mustang GT Silicone Lower Rad Hose, Black;Mishimoto,MMHOSE-MUS8-15LBK,2015,2017,Ford,Mustang,GT,Silicone,Lower,Rad,Hose,,Black;Mishimoto,MMHOSE-MUS8-15LBK,2015,2017,Ford,Mustang,GT,Silicone,Lower,Rad,Hose,,Black;Mishimoto-MMHOSE-MUS8-15LBK;;21;6;12;9,11
Mishimoto;Mishimoto;177,01;97,36;30;7;MMHOSE-MUS8-15LBL;Mishimoto 2015-2017 Ford Mustang GT Silicone Lower Rad Hose, Blue;748354031461;Hoses & Couplers;Mishimoto 2015-2017 Ford Mustang GT Silicone Lower Rad Hose, Blue;Mishimoto,MMHOSE-MUS8-15LBL,2015,2017,Ford,Mustang,GT,Silicone,Lower,Rad,Hose,,Blue;Mishimoto,MMHOSE-MUS8-15LBL,2015,2017,Ford,Mustang,GT,Silicone,Lower,Rad,Hose,,Blue;Mishimoto-MMHOSE-MUS8-15LBL;;21;6;12;9,11
Mishimoto;Mishimoto;177,01;97,36;30;7;MMHOSE-MUS8-15LRD;Mishimoto 2015-2017 Ford Mustang GT Silicone Lower Rad Hose, Red;748354031478;Hoses & Couplers;Mishimoto 2015-2017 Ford Mustang GT Silicone Lower Rad Hose, Red;Mishimoto,MMHOSE-MUS8-15LRD,2015,2017,Ford,Mustang,GT,Silicone,Lower,Rad,Hose,,Red;Mishimoto,MMHOSE-MUS8-15LRD,2015,2017,Ford,Mustang,GT,Silicone,Lower,Rad,Hose,,Red;Mishimoto-MMHOSE-MUS8-15LRD;;21;6;12;9,11
Mishimoto;Mishimoto;86,14;47,38;30;7;MMHOSE-MUS8-15UBK;Mishimoto 2015-2017 Ford Mustang GT Silicone Upper Rad Hose, Black;748354030570;Hoses & Couplers;Mishimoto 2015-2017 Ford Mustang GT Silicone Upper Rad Hose, Black;Mishimoto,MMHOSE-MUS8-15UBK,2015,2017,Ford,Mustang,GT,Silicone,Upper,Rad,Hose,,Black;Mishimoto,MMHOSE-MUS8-15UBK,2015,2017,Ford,Mustang,GT,Silicone,Upper,Rad,Hose,,Black;Mishimoto-MMHOSE-MUS8-15UBK;;21;6;12;9,11
Mishimoto;Mishimoto;86,14;47,38;30;7;MMHOSE-MUS8-15UBL;Mishimoto 2015-2017 Ford Mustang GT Silicone Upper Rad Hose, Blue;748354030587;Hoses & Couplers;Mishimoto 2015-2017 Ford Mustang GT Silicone Upper Rad Hose, Blue;Mishimoto,MMHOSE-MUS8-15UBL,2015,2017,Ford,Mustang,GT,Silicone,Upper,Rad,Hose,,Blue;Mishimoto,MMHOSE-MUS8-15UBL,2015,2017,Ford,Mustang,GT,Silicone,Upper,Rad,Hose,,Blue;Mishimoto-MMHOSE-MUS8-15UBL;;21;6;12;9,11
Mishimoto;Mishimoto;86,14;47,38;30;7;MMHOSE-MUS8-15URD;Mishimoto 2015-2017 Ford Mustang GT Silicone Upper Rad Hose, Red;748354030594;Hoses & Couplers;Mishimoto 2015-2017 Ford Mustang GT Silicone Upper Rad Hose, Red;Mishimoto,MMHOSE-MUS8-15URD,2015,2017,Ford,Mustang,GT,Silicone,Upper,Rad,Hose,,Red;Mishimoto,MMHOSE-MUS8-15URD,2015,2017,Ford,Mustang,GT,Silicone,Upper,Rad,Hose,,Red;Mishimoto-MMHOSE-MUS8-15URD;;21;6;12;9,11
Mishimoto;Mishimoto;92,77;51,02;30;7;MMHOSE-MUS-86BK;Mishimoto Ford Mustang GT Silicone Radiator Hose Kit, 1986-1993, Black;748354798029;Hoses & Couplers;Mishimoto Ford Mustang GT Silicone Radiator Hose Kit, 1986-1993, Black;Mishimoto,MMHOSE-MUS-86BK,Ford,Mustang,GT,Silicone,Radiator,Hose,Kit,,1986,1993,,Black;Mishimoto,MMHOSE-MUS-86BK,Ford,Mustang,GT,Silicone,Radiator,Hose,Kit,,1986,1993,,Black;Mishimoto-MMHOSE-MUS-86BK;;22;5;10;6,63
Mishimoto;Mishimoto;84,12;46,27;30;7;MMHOSE-MUS-86BL;Mishimoto Ford Mustang GT Silicone Radiator Hose Kit, 1986-1993, Blue;748354798036;Hoses & Couplers;Mishimoto Ford Mustang GT Silicone Radiator Hose Kit, 1986-1993, Blue;Mishimoto,MMHOSE-MUS-86BL,Ford,Mustang,GT,Silicone,Radiator,Hose,Kit,,1986,1993,,Blue;Mishimoto,MMHOSE-MUS-86BL,Ford,Mustang,GT,Silicone,Radiator,Hose,Kit,,1986,1993,,Blue;Mishimoto-MMHOSE-MUS-86BL;;22;5,5;10;7,29
Mishimoto;Mishimoto;92,77;51,02;30;7;MMHOSE-MUS-86RD;Mishimoto Ford Mustang GT Silicone Radiator Hose Kit, 1986-1993, Red;748354798043;Hoses & Couplers;Mishimoto Ford Mustang GT Silicone Radiator Hose Kit, 1986-1993, Red;Mishimoto,MMHOSE-MUS-86RD,Ford,Mustang,GT,Silicone,Radiator,Hose,Kit,,1986,1993,,Red;Mishimoto,MMHOSE-MUS-86RD,Ford,Mustang,GT,Silicone,Radiator,Hose,Kit,,1986,1993,,Red;Mishimoto-MMHOSE-MUS-86RD;;22;11;3;4,37
Mishimoto;Mishimoto;114,53;62,99;30;7;MMHOSE-MUS-94BK;Mishimoto Ford Mustang GT Silicone Radiator Hose Kit, 1994-1995, Black;748354800678;Hoses & Couplers;Mishimoto Ford Mustang GT Silicone Radiator Hose Kit, 1994-1995, Black;Mishimoto,MMHOSE-MUS-94BK,Ford,Mustang,GT,Silicone,Radiator,Hose,Kit,,1994,1995,,Black;Mishimoto,MMHOSE-MUS-94BK,Ford,Mustang,GT,Silicone,Radiator,Hose,Kit,,1994,1995,,Black;Mishimoto-MMHOSE-MUS-94BK;;22;10;5,5;7,29
Mishimoto;Mishimoto;105,93;58,26;30;7;MMHOSE-MUS-94BL;Mishimoto Ford Mustang GT Silicone Radiator Hose Kit, 1994-1995, Blue;748354800685;Hoses & Couplers;Mishimoto Ford Mustang GT Silicone Radiator Hose Kit, 1994-1995, Blue;Mishimoto,MMHOSE-MUS-94BL,Ford,Mustang,GT,Silicone,Radiator,Hose,Kit,,1994,1995,,Blue;Mishimoto,MMHOSE-MUS-94BL,Ford,Mustang,GT,Silicone,Radiator,Hose,Kit,,1994,1995,,Blue;Mishimoto-MMHOSE-MUS-94BL;;21;10;3,5;4,43
Mishimoto;Mishimoto;103,85;57,12;30;7;MMHOSE-MUS-94RD;Mishimoto Ford Mustang GT Silicone Radiator Hose Kit, 1994-1995, Red;748354800692;Hoses & Couplers;Mishimoto Ford Mustang GT Silicone Radiator Hose Kit, 1994-1995, Red;Mishimoto,MMHOSE-MUS-94RD,Ford,Mustang,GT,Silicone,Radiator,Hose,Kit,,1994,1995,,Red;Mishimoto,MMHOSE-MUS-94RD,Ford,Mustang,GT,Silicone,Radiator,Hose,Kit,,1994,1995,,Red;Mishimoto-MMHOSE-MUS-94RD;;21;10;3,5;4,43
Mishimoto;Mishimoto;105,93;58,26;30;7;MMHOSE-MUS-96BK;Mishimoto Ford Mustang GT Silicone Radiator Hose Kit, 2001-2004, Black;748354798050;Hoses & Couplers;Mishimoto Ford Mustang GT Silicone Radiator Hose Kit, 2001-2004, Black;Mishimoto,MMHOSE-MUS-96BK,Ford,Mustang,GT,Silicone,Radiator,Hose,Kit,,2001,2004,,Black;Mishimoto,MMHOSE-MUS-96BK,Ford,Mustang,GT,Silicone,Radiator,Hose,Kit,,2001,2004,,Black;Mishimoto-MMHOSE-MUS-96BK;;33;11;4;8,75
Mishimoto;Mishimoto;105,93;58,26;30;7;MMHOSE-MUS-96BL;Mishimoto Ford Mustang GT Silicone Radiator Hose Kit, 2001-2004, Blue;748354798067;Hoses & Couplers;Mishimoto Ford Mustang GT Silicone Radiator Hose Kit, 2001-2004, Blue;Mishimoto,MMHOSE-MUS-96BL,Ford,Mustang,GT,Silicone,Radiator,Hose,Kit,,2001,2004,,Blue;Mishimoto,MMHOSE-MUS-96BL,Ford,Mustang,GT,Silicone,Radiator,Hose,Kit,,2001,2004,,Blue;Mishimoto-MMHOSE-MUS-96BL;;21;10;3,5;4,43
Mishimoto;Mishimoto;105,93;58,26;30;7;MMHOSE-MUS-96RD;Mishimoto Ford Mustang GT Silicone Radiator Hose Kit, 2001-2004, Red;748354798074;Hoses & Couplers;Mishimoto Ford Mustang GT Silicone Radiator Hose Kit, 2001-2004, Red;Mishimoto,MMHOSE-MUS-96RD,Ford,Mustang,GT,Silicone,Radiator,Hose,Kit,,2001,2004,,Red;Mishimoto,MMHOSE-MUS-96RD,Ford,Mustang,GT,Silicone,Radiator,Hose,Kit,,2001,2004,,Red;Mishimoto-MMHOSE-MUS-96RD;;21;10;3,5;4,43
Mishimoto;Mishimoto;176,07;96,84;30;7;MMHOSE-VET-14BK;Mishimoto Chevrolet Corvette C7 Silicone Radiator Hose Kit, 2014-2019, Black;811580036156;Hoses & Couplers;Mishimoto Chevrolet Corvette C7 Silicone Radiator Hose Kit, 2014-2019, Black;Mishimoto,MMHOSE-VET-14BK,Chevrolet,Corvette,C7,Silicone,Radiator,Hose,Kit,,2014,2019,,Black;Mishimoto,MMHOSE-VET-14BK,Chevrolet,Corvette,C7,Silicone,Radiator,Hose,Kit,,2014,2019,,Black;Mishimoto-MMHOSE-VET-14BK;;22;10;5;6,63
Mishimoto;Mishimoto;162,84;89,56;30;7;MMHOSE-VET-14BL;Mishimoto Chevrolet Corvette C7 Silicone Radiator Hose Kit, 2014-2019, Blue;811580036187;Hoses & Couplers;Mishimoto Chevrolet Corvette C7 Silicone Radiator Hose Kit, 2014-2019, Blue;Mishimoto,MMHOSE-VET-14BL,Chevrolet,Corvette,C7,Silicone,Radiator,Hose,Kit,,2014,2019,,Blue;Mishimoto,MMHOSE-VET-14BL,Chevrolet,Corvette,C7,Silicone,Radiator,Hose,Kit,,2014,2019,,Blue;Mishimoto-MMHOSE-VET-14BL;;22;10;5;6,63
Mishimoto;Mishimoto;176,07;96,84;30;7;MMHOSE-VET-14MBK;Mishimoto Chevrolet Corvette C7 Silicone Radiator Hose Kit, 2014-2019, Matte Black;811580036163;Hoses & Couplers;Mishimoto Chevrolet Corvette C7 Silicone Radiator Hose Kit, 2014-2019, Matte Black;Mishimoto,MMHOSE-VET-14MBK,Chevrolet,Corvette,C7,Silicone,Radiator,Hose,Kit,,2014,2019,,Matte,Black;Mishimoto,MMHOSE-VET-14MBK,Chevrolet,Corvette,C7,Silicone,Radiator,Hose,Kit,,2014,2019,,Matte,Black;Mishimoto-MMHOSE-VET-14MBK;;22;10;5;6,63
Mishimoto;Mishimoto;162,84;89,56;30;7;MMHOSE-VET-14RD;Mishimoto Chevrolet Corvette C7 Silicone Radiator Hose Kit, 2014-2019, Red;811580036170;Hoses & Couplers;Mishimoto Chevrolet Corvette C7 Silicone Radiator Hose Kit, 2014-2019, Red;Mishimoto,MMHOSE-VET-14RD,Chevrolet,Corvette,C7,Silicone,Radiator,Hose,Kit,,2014,2019,,Red;Mishimoto,MMHOSE-VET-14RD,Chevrolet,Corvette,C7,Silicone,Radiator,Hose,Kit,,2014,2019,,Red;Mishimoto-MMHOSE-VET-14RD;;22;10;5;6,63
Mishimoto;Mishimoto;186,48;102,56;30;7;MMICP-MUS4-15CP;Mishimoto Ford Mustang EcoBoost Cold-Side Intercooler Pipe Kit, 2015+, Polished;748354019964;Intercooler Kits;Mishimoto Ford Mustang EcoBoost Cold-Side Intercooler Pipe Kit, 2015+, Polished;Mishimoto,MMICP-MUS4-15CP,Ford,Mustang,EcoBoost,Cold,Side,Intercooler,Pipe,Kit,,2015+,,Polished;Mishimoto,MMICP-MUS4-15CP,Ford,Mustang,EcoBoost,Cold,Side,Intercooler,Pipe,Kit,,2015+,,Polished;Mishimoto-MMICP-MUS4-15CP;;14;10;8;6,75
Mishimoto;Mishimoto;179,3;98,62;30;7;MMICP-MUS4-15CWBK;Mishimoto Ford Mustang EcoBoost Cold-Side Intercooler Pipe Kit, 2015+, Wrinkle Black;748354019971;Intercooler Kits;Mishimoto Ford Mustang EcoBoost Cold-Side Intercooler Pipe Kit, 2015+, Wrinkle Black;Mishimoto,MMICP-MUS4-15CWBK,Ford,Mustang,EcoBoost,Cold,Side,Intercooler,Pipe,Kit,,2015+,,Wrinkle,Black;Mishimoto,MMICP-MUS4-15CWBK,Ford,Mustang,EcoBoost,Cold,Side,Intercooler,Pipe,Kit,,2015+,,Wrinkle,Black;Mishimoto-MMICP-MUS4-15CWBK;;14;10;8;6,75
Mishimoto;Mishimoto;253,68;139,52;30;7;MMICP-MUS4-15HP;Mishimoto Ford Mustang EcoBoost Hot-Side Intercooler Pipe Kit, 2015+, Polished;748354019988;Intercooler Kits;Mishimoto Ford Mustang EcoBoost Hot-Side Intercooler Pipe Kit, 2015+, Polished;Mishimoto,MMICP-MUS4-15HP,Ford,Mustang,EcoBoost,Hot,Side,Intercooler,Pipe,Kit,,2015+,,Polished;Mishimoto,MMICP-MUS4-15HP,Ford,Mustang,EcoBoost,Hot,Side,Intercooler,Pipe,Kit,,2015+,,Polished;Mishimoto-MMICP-MUS4-15HP;;20;16;10;19,28
Mishimoto;Mishimoto;253,68;139,52;30;7;MMICP-MUS4-15HWBK;Mishimoto Ford Mustang EcoBoost Hot-Side Intercooler Pipe Kit, 2015+, Wrinkle Black;748354019995;Intercooler Kits;Mishimoto Ford Mustang EcoBoost Hot-Side Intercooler Pipe Kit, 2015+, Wrinkle Black;Mishimoto,MMICP-MUS4-15HWBK,Ford,Mustang,EcoBoost,Hot,Side,Intercooler,Pipe,Kit,,2015+,,Wrinkle,Black;Mishimoto,MMICP-MUS4-15HWBK,Ford,Mustang,EcoBoost,Hot,Side,Intercooler,Pipe,Kit,,2015+,,Wrinkle,Black;Mishimoto-MMICP-MUS4-15HWBK;;20;16;10;19,28
Mishimoto;Mishimoto;372,95;205,12;30;7;MMICP-MUS4-15P;Mishimoto Ford Mustang EcoBoost Intercooler Pipe Kit, 2015+, Polished;748354020007;Intercooler Kits;Mishimoto Ford Mustang EcoBoost Intercooler Pipe Kit, 2015+, Polished;Mishimoto,MMICP-MUS4-15P,Ford,Mustang,EcoBoost,Intercooler,Pipe,Kit,,2015+,,Polished;Mishimoto,MMICP-MUS4-15P,Ford,Mustang,EcoBoost,Intercooler,Pipe,Kit,,2015+,,Polished;Mishimoto-MMICP-MUS4-15P;;48;12;12;41,64
Mishimoto;Mishimoto;372,95;205,12;30;7;MMICP-MUS4-15WBK;Mishimoto Ford Mustang EcoBoost Intercooler Pipe Kit, 2015+, Wrinkle Black;748354020014;Intercooler Kits;Mishimoto Ford Mustang EcoBoost Intercooler Pipe Kit, 2015+, Wrinkle Black;Mishimoto,MMICP-MUS4-15WBK,Ford,Mustang,EcoBoost,Intercooler,Pipe,Kit,,2015+,,Wrinkle,Black;Mishimoto,MMICP-MUS4-15WBK,Ford,Mustang,EcoBoost,Intercooler,Pipe,Kit,,2015+,,Wrinkle,Black;Mishimoto-MMICP-MUS4-15WBK;;48;12;12;41,64
Mishimoto;Mishimoto;552,05;303,63;30;7;MMINT-MUS4-15BK;Mishimoto Ford Mustang EcoBoost Intercooler, 2015+, Black;748354019056;Intercooler Kits;Mishimoto Ford Mustang EcoBoost Intercooler, 2015+, Black;Mishimoto,MMINT-MUS4-15BK,Ford,Mustang,EcoBoost,Intercooler,,2015+,,Black;Mishimoto,MMINT-MUS4-15BK,Ford,Mustang,EcoBoost,Intercooler,,2015+,,Black;Mishimoto-MMINT-MUS4-15BK;;34;9;10;20
Mishimoto;Mishimoto;868,03;477,42;30;7;MMINT-MUS4-15KPBK;Mishimoto Ford Mustang EcoBoost Intercooler Kit, 2015+, Black w/ Polished Pipes;748354021509;Intercooler Kits;Mishimoto Ford Mustang EcoBoost Intercooler Kit, 2015+, Black w/ Polished Pipes;Mishimoto,MMINT-MUS4-15KPBK,Ford,Mustang,EcoBoost,Intercooler,Kit,,2015+,,Black,w,,Polished,Pipes;Mishimoto,MMINT-MUS4-15KPBK,Ford,Mustang,EcoBoost,Intercooler,Kit,,2015+,,Black,w,,Polished,Pipes;Mishimoto-MMINT-MUS4-15KPBK;;20;16;10;30
Mishimoto;Mishimoto;868,03;477,42;30;7;MMINT-MUS4-15KPSL;Mishimoto Ford Mustang EcoBoost Intercooler Kit, 2015+, Silver w/ Polished Pipes;748354021516;Intercooler Kits;Mishimoto Ford Mustang EcoBoost Intercooler Kit, 2015+, Silver w/ Polished Pipes;Mishimoto,MMINT-MUS4-15KPSL,Ford,Mustang,EcoBoost,Intercooler,Kit,,2015+,,Silver,w,,Polished,Pipes;Mishimoto,MMINT-MUS4-15KPSL,Ford,Mustang,EcoBoost,Intercooler,Kit,,2015+,,Silver,w,,Polished,Pipes;Mishimoto-MMINT-MUS4-15KPSL;;20;16;10;30
Mishimoto;Mishimoto;868,03;477,42;30;7;MMINT-MUS4-15KWBK;Mishimoto Ford Mustang EcoBoost Intercooler Kit, 2015+, Black w/ Wrinkle Black Pipes;748354021523;Intercooler Kits;Mishimoto Ford Mustang EcoBoost Intercooler Kit, 2015+, Black w/ Wrinkle Black Pipes;Mishimoto,MMINT-MUS4-15KWBK,Ford,Mustang,EcoBoost,Intercooler,Kit,,2015+,,Black,w,,Wrinkle,Black,Pipes;Mishimoto,MMINT-MUS4-15KWBK,Ford,Mustang,EcoBoost,Intercooler,Kit,,2015+,,Black,w,,Wrinkle,Black,Pipes;Mishimoto-MMINT-MUS4-15KWBK;;20;16;10;30
Mishimoto;Mishimoto;868,03;477,42;30;7;MMINT-MUS4-15KWSL;Mishimoto Ford Mustang EcoBoost Intercooler Kit, 2015+, Silver w/ Wrinkle Black Pipes;748354021530;Intercooler Kits;Mishimoto Ford Mustang EcoBoost Intercooler Kit, 2015+, Silver w/ Wrinkle Black Pipes;Mishimoto,MMINT-MUS4-15KWSL,Ford,Mustang,EcoBoost,Intercooler,Kit,,2015+,,Silver,w,,Wrinkle,Black,Pipes;Mishimoto,MMINT-MUS4-15KWSL,Ford,Mustang,EcoBoost,Intercooler,Kit,,2015+,,Silver,w,,Wrinkle,Black,Pipes;Mishimoto-MMINT-MUS4-15KWSL;;20;16;10;30
Mishimoto;Mishimoto;552,05;303,63;30;7;MMINT-MUS4-15SL;Mishimoto Ford Mustang EcoBoost Intercooler, 2015+, Silver;748354019063;Intercooler Kits;Mishimoto Ford Mustang EcoBoost Intercooler, 2015+, Silver;Mishimoto,MMINT-MUS4-15SL,Ford,Mustang,EcoBoost,Intercooler,,2015+,,Silver;Mishimoto,MMINT-MUS4-15SL,Ford,Mustang,EcoBoost,Intercooler,,2015+,,Silver;Mishimoto-MMINT-MUS4-15SL;;34;9;10;20
Mishimoto;Mishimoto;528,2;290,51;30;7;MMOC-MUS4-15;Mishimoto 2015-2017 Ford Mustang Ecoboost Oil Cooler Kit, Silver;748354016734;Oil Cooler Kits & Components;Mishimoto 2015-2017 Ford Mustang Ecoboost Oil Cooler Kit, Silver;Mishimoto,MMOC-MUS4-15,2015,2017,Ford,Mustang,Ecoboost,Oil,Cooler,Kit,,Silver;Mishimoto,MMOC-MUS4-15,2015,2017,Ford,Mustang,Ecoboost,Oil,Cooler,Kit,,Silver;Mishimoto-MMOC-MUS4-15;;18;8,5;15;13,83
Mishimoto;Mishimoto;528,2;290,51;30;7;MMOC-MUS4-15BK;Mishimoto 2015-2017 Ford Mustang Ecoboost Oil Cooler Kit, Black;748354016741;Oil Cooler Kits & Components;Mishimoto 2015-2017 Ford Mustang Ecoboost Oil Cooler Kit, Black;Mishimoto,MMOC-MUS4-15BK,2015,2017,Ford,Mustang,Ecoboost,Oil,Cooler,Kit,,Black;Mishimoto,MMOC-MUS4-15BK,2015,2017,Ford,Mustang,Ecoboost,Oil,Cooler,Kit,,Black;Mishimoto-MMOC-MUS4-15BK;;18;8,5;15;13,83
Mishimoto;Mishimoto;570,79;313,93;30;7;MMOC-MUS4-15T;Mishimoto 2015-2017 Ford Mustang Ecoboost T-stat Oil Cooler, Silver;748354016758;Oil Cooler Kits & Components;Mishimoto 2015-2017 Ford Mustang Ecoboost T-stat Oil Cooler, Silver;Mishimoto,MMOC-MUS4-15T,2015,2017,Ford,Mustang,Ecoboost,T,stat,Oil,Cooler,,Silver;Mishimoto,MMOC-MUS4-15T,2015,2017,Ford,Mustang,Ecoboost,T,stat,Oil,Cooler,,Silver;Mishimoto-MMOC-MUS4-15T;;18;8,5;15;13,83
Mishimoto;Mishimoto;570,79;313,93;30;7;MMOC-MUS4-15TBK;Mishimoto 2015-2017 Ford Mustang Ecoboost T-stat Oil Cooler, Black;748354016765;Oil Cooler Kits & Components;Mishimoto 2015-2017 Ford Mustang Ecoboost T-stat Oil Cooler, Black;Mishimoto,MMOC-MUS4-15TBK,2015,2017,Ford,Mustang,Ecoboost,T,stat,Oil,Cooler,,Black;Mishimoto,MMOC-MUS4-15TBK,2015,2017,Ford,Mustang,Ecoboost,T,stat,Oil,Cooler,,Black;Mishimoto-MMOC-MUS4-15TBK;;18;8,5;15;13,83
Mishimoto;Mishimoto;628,53;345,69;30;7;MMOC-MUS8-15T;Mishimoto Ford Mustang GT Thermostatic Oil Cooler Kit, 2015-2017, Silver;748354031126;Oil Cooler Kits & Components;Mishimoto Ford Mustang GT Thermostatic Oil Cooler Kit, 2015-2017, Silver;Mishimoto,MMOC-MUS8-15T,Ford,Mustang,GT,Thermostatic,Oil,Cooler,Kit,,2015,2017,,Silver;Mishimoto,MMOC-MUS8-15T,Ford,Mustang,GT,Thermostatic,Oil,Cooler,Kit,,2015,2017,,Silver;Mishimoto-MMOC-MUS8-15T;;31;7,5;23,5;32,91
Mishimoto;Mishimoto;628,53;345,69;30;7;MMOC-MUS8-15TBK;Mishimoto Ford Mustang GT Thermostatic Oil Cooler Kit, 2015-2017, Black;748354031133;Oil Cooler Kits & Components;Mishimoto Ford Mustang GT Thermostatic Oil Cooler Kit, 2015-2017, Black;Mishimoto,MMOC-MUS8-15TBK,Ford,Mustang,GT,Thermostatic,Oil,Cooler,Kit,,2015,2017,,Black;Mishimoto,MMOC-MUS8-15TBK,Ford,Mustang,GT,Thermostatic,Oil,Cooler,Kit,,2015,2017,,Black;Mishimoto-MMOC-MUS8-15TBK;;31;7,5;23,5;32,91
Mishimoto;Mishimoto;535,83;294,71;30;7;MMOC-MUS8-15TBKRHD;Mishimoto Ford Mustang GT RHD Thermostatic Oil Cooler Kit, 2015-2017, Black;811580036040;Oil Cooler Kits & Components;Mishimoto Ford Mustang GT RHD Thermostatic Oil Cooler Kit, 2015-2017, Black;Mishimoto,MMOC-MUS8-15TBKRHD,Ford,Mustang,GT,RHD,Thermostatic,Oil,Cooler,Kit,,2015,2017,,Black;Mishimoto,MMOC-MUS8-15TBKRHD,Ford,Mustang,GT,RHD,Thermostatic,Oil,Cooler,Kit,,2015,2017,,Black;Mishimoto-MMOC-MUS8-15TBKRHD;;31;7,5;23,5;32,91
Mishimoto;Mishimoto;535,83;294,71;30;7;MMOC-MUS8-15TRHD;Mishimoto Ford Mustang GT RHD Thermostatic Oil Cooler Kit, 2015-2017, Silver;811580036033;Oil Cooler Kits & Components;Mishimoto Ford Mustang GT RHD Thermostatic Oil Cooler Kit, 2015-2017, Silver;Mishimoto,MMOC-MUS8-15TRHD,Ford,Mustang,GT,RHD,Thermostatic,Oil,Cooler,Kit,,2015,2017,,Silver;Mishimoto,MMOC-MUS8-15TRHD,Ford,Mustang,GT,RHD,Thermostatic,Oil,Cooler,Kit,,2015,2017,,Silver;Mishimoto-MMOC-MUS8-15TRHD;;31;7,5;23,5;32,91
Mishimoto;Mishimoto;616,86;339,27;30;7;MMOC-MUS8-18T;Mishimoto 18+ Ford Mustang GT Oil Cooler Kit, Silver, Thermostatic;811580037504;Oil Cooler Kits & Components;Mishimoto 18+ Ford Mustang GT Oil Cooler Kit, Silver, Thermostatic;Mishimoto,MMOC-MUS8-18T,18+,Ford,Mustang,GT,Oil,Cooler,Kit,,Silver,,Thermostatic;Mishimoto,MMOC-MUS8-18T,18+,Ford,Mustang,GT,Oil,Cooler,Kit,,Silver,,Thermostatic;Mishimoto-MMOC-MUS8-18T;;31;23;7;30,07
Mishimoto;Mishimoto;616,86;339,27;30;7;MMOC-MUS8-18TBK;Mishimoto 18+ Ford Mustang GT Oil Cooler Kit, Black, Thermostatic;811580037498;Oil Cooler Kits & Components;Mishimoto 18+ Ford Mustang GT Oil Cooler Kit, Black, Thermostatic;Mishimoto,MMOC-MUS8-18TBK,18+,Ford,Mustang,GT,Oil,Cooler,Kit,,Black,,Thermostatic;Mishimoto,MMOC-MUS8-18TBK,18+,Ford,Mustang,GT,Oil,Cooler,Kit,,Black,,Thermostatic;Mishimoto-MMOC-MUS8-18TBK;;31;23;7;30,07
Mishimoto;Mishimoto;637;350,35;30;7;MMOC-MUS8-18TBKRHD;Mishimoto 18+ Ford Mustang GT RHD Oil Cooler Kit, Black, Thermostatic;811580037511;Oil Cooler Kits & Components;Mishimoto 18+ Ford Mustang GT RHD Oil Cooler Kit, Black, Thermostatic;Mishimoto,MMOC-MUS8-18TBKRHD,18+,Ford,Mustang,GT,RHD,Oil,Cooler,Kit,,Black,,Thermostatic;Mishimoto,MMOC-MUS8-18TBKRHD,18+,Ford,Mustang,GT,RHD,Oil,Cooler,Kit,,Black,,Thermostatic;Mishimoto-MMOC-MUS8-18TBKRHD;;31;23;7;30,07
Mishimoto;Mishimoto;723,57;397,96;30;7;MMOC-MUS8-18TRHD;Mishimoto 18+ Ford Mustang GT RHD Oil Cooler Kit, Silver, Thermostatic;811580037528;Oil Cooler Kits & Components;Mishimoto 18+ Ford Mustang GT RHD Oil Cooler Kit, Silver, Thermostatic;Mishimoto,MMOC-MUS8-18TRHD,18+,Ford,Mustang,GT,RHD,Oil,Cooler,Kit,,Silver,,Thermostatic;Mishimoto,MMOC-MUS8-18TRHD,18+,Ford,Mustang,GT,RHD,Oil,Cooler,Kit,,Silver,,Thermostatic;Mishimoto-MMOC-MUS8-18TRHD;;31;23;7;30,07
Mishimoto;Mishimoto;36,07;19,84;30;7;MMOCP-MUS8-15;Mishimoto Ford Mustang GT RHD Oil Cooler Block Off Plate, 2015+;811580035371;Oil Cooler Kits & Components;Mishimoto Ford Mustang GT RHD Oil Cooler Block Off Plate, 2015+;Mishimoto,MMOCP-MUS8-15,Ford,Mustang,GT,RHD,Oil,Cooler,Block,Off,Plate,,2015+;Mishimoto,MMOCP-MUS8-15,Ford,Mustang,GT,RHD,Oil,Cooler,Block,Off,Plate,,2015+;Mishimoto-MMOCP-MUS8-15;;5,5;5,25;1,5;0,8
Mishimoto;Mishimoto;42,02;23,11;30;7;MMOFC-MUS1-BK;Mishimoto Ford Mustang Oil Filler Cap, 1987-2001 , Black;748666005600;Accessories;Mishimoto Ford Mustang Oil Filler Cap, 1987-2001 , Black;Mishimoto,MMOFC-MUS1-BK,Ford,Mustang,Oil,Filler,Cap,,1987,2001,,,Black;Mishimoto,MMOFC-MUS1-BK,Ford,Mustang,Oil,Filler,Cap,,1987,2001,,,Black;Mishimoto-MMOFC-MUS1-BK;;3,5;3,5;2,5;0,5
Mishimoto;Mishimoto;51,37;28,25;30;7;MMOFC-MUS1-HOONRD;Mishimoto Ford Mustang Oil Filler Cap, 1987-2001, Hoonigan, Red;748354031065;Accessories;Mishimoto Ford Mustang Oil Filler Cap, 1987-2001, Hoonigan, Red;Mishimoto,MMOFC-MUS1-HOONRD,Ford,Mustang,Oil,Filler,Cap,,1987,2001,,Hoonigan,,Red;Mishimoto,MMOFC-MUS1-HOONRD,Ford,Mustang,Oil,Filler,Cap,,1987,2001,,Hoonigan,,Red;Mishimoto-MMOFC-MUS1-HOONRD;;5;5;2,5;0,8
Mishimoto;Mishimoto;51,37;28,25;30;7;MMOFC-MUS1-HOONSL;Mishimoto Ford Mustang Oil Filler Cap, 1987-2001, Hoonigan, Silver;748354031072;Accessories;Mishimoto Ford Mustang Oil Filler Cap, 1987-2001, Hoonigan, Silver;Mishimoto,MMOFC-MUS1-HOONSL,Ford,Mustang,Oil,Filler,Cap,,1987,2001,,Hoonigan,,Silver;Mishimoto,MMOFC-MUS1-HOONSL,Ford,Mustang,Oil,Filler,Cap,,1987,2001,,Hoonigan,,Silver;Mishimoto-MMOFC-MUS1-HOONSL;;5;5;2,5;0,8
Mishimoto;Mishimoto;42,02;23,11;30;7;MMOFC-MUS1-RD;Mishimoto Ford Mustang Oil Filler Cap, 1987-2001 , Red;748666007253;Accessories;Mishimoto Ford Mustang Oil Filler Cap, 1987-2001 , Red;Mishimoto,MMOFC-MUS1-RD,Ford,Mustang,Oil,Filler,Cap,,1987,2001,,,Red;Mishimoto,MMOFC-MUS1-RD,Ford,Mustang,Oil,Filler,Cap,,1987,2001,,,Red;Mishimoto-MMOFC-MUS1-RD;;3,5;3,5;2,5;0,5
Mishimoto;Mishimoto;43,72;24,05;30;7;MMOFC-MUS2-BK;Mishimoto Ford Mustang Oil Filler Cap, 1986-2014, Black;748666005624;Accessories;Mishimoto Ford Mustang Oil Filler Cap, 1986-2014, Black;Mishimoto,MMOFC-MUS2-BK,Ford,Mustang,Oil,Filler,Cap,,1986,2014,,Black;Mishimoto,MMOFC-MUS2-BK,Ford,Mustang,Oil,Filler,Cap,,1986,2014,,Black;Mishimoto-MMOFC-MUS2-BK;;3,5;3,5;2,5;0,5
Mishimoto;Mishimoto;51,37;28,25;30;7;MMOFC-MUS2-HOONRD;Mishimoto Ford Mustang Oil Filler Cap, 1986-2014, Hoonigan, Red;748354031089;Accessories;Mishimoto Ford Mustang Oil Filler Cap, 1986-2014, Hoonigan, Red;Mishimoto,MMOFC-MUS2-HOONRD,Ford,Mustang,Oil,Filler,Cap,,1986,2014,,Hoonigan,,Red;Mishimoto,MMOFC-MUS2-HOONRD,Ford,Mustang,Oil,Filler,Cap,,1986,2014,,Hoonigan,,Red;Mishimoto-MMOFC-MUS2-HOONRD;;5;5;2,5;0,8
Mishimoto;Mishimoto;50,28;27,65;30;7;MMOFC-MUS2-HOONSL;Mishimoto Ford Mustang Oil Filler Cap, 1986-2014, Hoonigan, Silver;748354031096;Accessories;Mishimoto Ford Mustang Oil Filler Cap, 1986-2014, Hoonigan, Silver;Mishimoto,MMOFC-MUS2-HOONSL,Ford,Mustang,Oil,Filler,Cap,,1986,2014,,Hoonigan,,Silver;Mishimoto,MMOFC-MUS2-HOONSL,Ford,Mustang,Oil,Filler,Cap,,1986,2014,,Hoonigan,,Silver;Mishimoto-MMOFC-MUS2-HOONSL;;5;5;2,5;0,8
Mishimoto;Mishimoto;43,72;24,05;30;7;MMOFC-MUS2-RD;Mishimoto Ford Mustang Oil Filler Cap, 1986-2014, Red;748666005631;Accessories;Mishimoto Ford Mustang Oil Filler Cap, 1986-2014, Red;Mishimoto,MMOFC-MUS2-RD,Ford,Mustang,Oil,Filler,Cap,,1986,2014,,Red;Mishimoto,MMOFC-MUS2-RD,Ford,Mustang,Oil,Filler,Cap,,1986,2014,,Red;Mishimoto-MMOFC-MUS2-RD;;3,5;3,5;2,5;0,5
Mishimoto;Mishimoto;895,75;492,66;30;7;MMRAD-C7-14;Mishimoto Chevrolet Corvette C7 Performance Radiator, 2014-2019;811580036071;Radiators;Mishimoto Chevrolet Corvette C7 Performance Radiator, 2014-2019;Mishimoto,MMRAD-C7-14,Chevrolet,Corvette,C7,Performance,Radiator,,2014,2019;Mishimoto,MMRAD-C7-14,Chevrolet,Corvette,C7,Performance,Radiator,,2014,2019;Mishimoto-MMRAD-C7-14;;31;22;6;24,65
Mishimoto;Mishimoto;272,62;149,94;30;7;MMRAD-MUS-05;Mishimoto Ford Mustang GT Performance Radiator, 2005-2014;748354797473;Radiators;Mishimoto Ford Mustang GT Performance Radiator, 2005-2014;Mishimoto,MMRAD-MUS-05,Ford,Mustang,GT,Performance,Radiator,,2005,2014;Mishimoto,MMRAD-MUS-05,Ford,Mustang,GT,Performance,Radiator,,2005,2014;Mishimoto-MMRAD-MUS-05;;34;8;25,5;41,78
Mishimoto;Mishimoto;524,41;288,43;30;7;MMRAD-MUS4-15;Mishimoto Ford Mustang EcoBoost Performance Radiator, 2015+;748354021301;Radiators;Mishimoto Ford Mustang EcoBoost Performance Radiator, 2015+;Mishimoto,MMRAD-MUS4-15,Ford,Mustang,EcoBoost,Performance,Radiator,,2015+;Mishimoto,MMRAD-MUS4-15,Ford,Mustang,EcoBoost,Performance,Radiator,,2015+;Mishimoto-MMRAD-MUS4-15;;33,5;8;23,5;37,94
Mishimoto;Mishimoto;341,72;187,95;30;7;MMRAD-MUS-64;Mishimoto Ford Mustang Performance Radiator, 1964-1966;748354803150;Radiators;Mishimoto Ford Mustang Performance Radiator, 1964-1966;Mishimoto,MMRAD-MUS-64,Ford,Mustang,Performance,Radiator,,1964,1966;Mishimoto,MMRAD-MUS-64,Ford,Mustang,Performance,Radiator,,1964,1966;Mishimoto-MMRAD-MUS-64;;27,5;8;23,5;31,14
Mishimoto;Mishimoto;263,16;144,74;30;7;MMRAD-MUS-79;Mishimoto Ford Mustang GT Performance Radiator, 1979-1993;748354797480;Radiators;Mishimoto Ford Mustang GT Performance Radiator, 1979-1993;Mishimoto,MMRAD-MUS-79,Ford,Mustang,GT,Performance,Radiator,,1979,1993;Mishimoto,MMRAD-MUS-79,Ford,Mustang,GT,Performance,Radiator,,1979,1993;Mishimoto-MMRAD-MUS-79;;33,5;8;24;38,75
Mishimoto;Mishimoto;330,07;181,54;30;7;MMRAD-MUS-79A;Mishimoto Ford Mustang GT Performance Radiator, 1979-1993;748354807134;Radiators;Mishimoto Ford Mustang GT Performance Radiator, 1979-1993;Mishimoto,MMRAD-MUS-79A,Ford,Mustang,GT,Performance,Radiator,,1979,1993;Mishimoto,MMRAD-MUS-79A,Ford,Mustang,GT,Performance,Radiator,,1979,1993;Mishimoto-MMRAD-MUS-79A;;33,5;8;24;38,75
Mishimoto;Mishimoto;363,49;199,92;30;7;MMRAD-MUS-79DP;Mishimoto Ford Mustang GT Performance Radiator, 1979-1993;748354803143;Radiators;Mishimoto Ford Mustang GT Performance Radiator, 1979-1993;Mishimoto,MMRAD-MUS-79DP,Ford,Mustang,GT,Performance,Radiator,,1979,1993;Mishimoto,MMRAD-MUS-79DP,Ford,Mustang,GT,Performance,Radiator,,1979,1993;Mishimoto-MMRAD-MUS-79DP;;33,5;7;23,5;33,2
Mishimoto;Mishimoto;573,85;315,62;30;7;MMRAD-MUS8-15;Mishimoto Ford Mustang GT Performance Radiator, 2015+;748354027648;Radiators;Mishimoto Ford Mustang GT Performance Radiator, 2015+;Mishimoto,MMRAD-MUS8-15,Ford,Mustang,GT,Performance,Radiator,,2015+;Mishimoto,MMRAD-MUS8-15,Ford,Mustang,GT,Performance,Radiator,,2015+;Mishimoto-MMRAD-MUS8-15;;31,3;25;23,5;110,78
Mishimoto;Mishimoto;362,22;199,22;30;7;MMRAD-MUS-94B;Mishimoto Ford Mustang GT Performance Radiator, 1994-1995;748666000506;Radiators;Mishimoto Ford Mustang GT Performance Radiator, 1994-1995;Mishimoto,MMRAD-MUS-94B,Ford,Mustang,GT,Performance,Radiator,,1994,1995;Mishimoto,MMRAD-MUS-94B,Ford,Mustang,GT,Performance,Radiator,,1994,1995;Mishimoto-MMRAD-MUS-94B;;32;9;24;41,64
Mishimoto;Mishimoto;414,61;228,04;30;7;MMRAD-MUS-94BA;Mishimoto Ford Mustang GT Performance Radiator, 1994-1995;748666000513;Radiators;Mishimoto Ford Mustang GT Performance Radiator, 1994-1995;Mishimoto,MMRAD-MUS-94BA,Ford,Mustang,GT,Performance,Radiator,,1994,1995;Mishimoto,MMRAD-MUS-94BA,Ford,Mustang,GT,Performance,Radiator,,1994,1995;Mishimoto-MMRAD-MUS-94BA;;32;9;24;41,64
Mishimoto;Mishimoto;399,47;219,71;30;7;MMRAD-MUS-96B;Mishimoto Ford Mustang GT Performance Radiator, 1996;748666000520;Radiators;Mishimoto Ford Mustang GT Performance Radiator, 1996;Mishimoto,MMRAD-MUS-96B,Ford,Mustang,GT,Performance,Radiator,,1996;Mishimoto,MMRAD-MUS-96B,Ford,Mustang,GT,Performance,Radiator,,1996;Mishimoto-MMRAD-MUS-96B;;36;9;24,5;47,82
Mishimoto;Mishimoto;399,47;219,71;30;7;MMRAD-MUS-97B;Mishimoto Ford Mustang GT Performance Radiator, 1997-2004;748666001312;Radiators;Mishimoto Ford Mustang GT Performance Radiator, 1997-2004;Mishimoto,MMRAD-MUS-97B,Ford,Mustang,GT,Performance,Radiator,,1997,2004;Mishimoto,MMRAD-MUS-97B,Ford,Mustang,GT,Performance,Radiator,,1997,2004;Mishimoto-MMRAD-MUS-97B;;36;9;24;46,84
Mishimoto;Mishimoto;414,61;228,04;30;7;MMRAD-MUS-97BA;Mishimoto Ford Mustang GT Performance Radiator, 1997-2004;748666001329;Radiators;Mishimoto Ford Mustang GT Performance Radiator, 1997-2004;Mishimoto,MMRAD-MUS-97BA,Ford,Mustang,GT,Performance,Radiator,,1997,2004;Mishimoto,MMRAD-MUS-97BA,Ford,Mustang,GT,Performance,Radiator,,1997,2004;Mishimoto-MMRAD-MUS-97BA;;36;9;24;46,84
Mishimoto;Mishimoto;18,83;10,35;30;7;MMRS-MUS-94;Mishimoto Ford Mustang Radiator Stays, 1994-1996;748354803334;Accessories;Mishimoto Ford Mustang Radiator Stays, 1994-1996;Mishimoto,MMRS-MUS-94,Ford,Mustang,Radiator,Stays,,1994,1996;Mishimoto,MMRS-MUS-94,Ford,Mustang,Radiator,Stays,,1994,1996;Mishimoto-MMRS-MUS-94;;5;5;5;2
Mishimoto;Mishimoto;20,14;11,08;30;7;MMRS-MUS-97;Mishimoto Ford Mustang Radiator Stays, 1997-2004;748354803341;Accessories;Mishimoto Ford Mustang Radiator Stays, 1997-2004;Mishimoto,MMRS-MUS-97,Ford,Mustang,Radiator,Stays,,1997,2004;Mishimoto,MMRS-MUS-97,Ford,Mustang,Radiator,Stays,,1997,2004;Mishimoto-MMRS-MUS-97;;5;5;5;2
Mishimoto;Mishimoto;190,26;104,64;30;7;MMRT-MUS-15E;Mishimoto Ford Mustang Expansion Tank, 2015+, Polished;748354021035;Reservoir, Overflow, And Expansion Tank Kits;Mishimoto Ford Mustang Expansion Tank, 2015+, Polished;Mishimoto,MMRT-MUS-15E,Ford,Mustang,Expansion,Tank,,2015+,,Polished;Mishimoto,MMRT-MUS-15E,Ford,Mustang,Expansion,Tank,,2015+,,Polished;Mishimoto-MMRT-MUS-15E;;16;10,5;10,5;10,63
Mishimoto;Mishimoto;190,26;104,64;30;7;MMRT-MUS-15EBK;Mishimoto Ford Mustang Expansion Tank, 2015+, Wrinkle Black;748354021042;Reservoir, Overflow, And Expansion Tank Kits;Mishimoto Ford Mustang Expansion Tank, 2015+, Wrinkle Black;Mishimoto,MMRT-MUS-15EBK,Ford,Mustang,Expansion,Tank,,2015+,,Wrinkle,Black;Mishimoto,MMRT-MUS-15EBK,Ford,Mustang,Expansion,Tank,,2015+,,Wrinkle,Black;Mishimoto-MMRT-MUS-15EBK;;16;10,5;10,5;10,63
Mishimoto;Mishimoto;198,78;109,33;30;7;MMSTB-MUS-15;Mishimoto Ford Mustang Strut Tower Bar, 2015+;748354027150;Chassis Components;Mishimoto Ford Mustang Strut Tower Bar, 2015+;Mishimoto,MMSTB-MUS-15,Ford,Mustang,Strut,Tower,Bar,,2015+;Mishimoto,MMSTB-MUS-15,Ford,Mustang,Strut,Tower,Bar,,2015+;Mishimoto-MMSTB-MUS-15;;48;11;6;19,08
Mishimoto;Mishimoto;384,71;211,59;30;7;MMTC-MUS-15SL;Mishimoto Ford Mustang Transmission Cooler Kit, 2015+;748354034912;Transmission Cooler Kits & Components;Mishimoto Ford Mustang Transmission Cooler Kit, 2015+;Mishimoto,MMTC-MUS-15SL,Ford,Mustang,Transmission,Cooler,Kit,,2015+;Mishimoto,MMTC-MUS-15SL,Ford,Mustang,Transmission,Cooler,Kit,,2015+;Mishimoto-MMTC-MUS-15SL;;37,13;7;17,3;27,09
Mishimoto;Mishimoto;46,08;25,34;30;7;MMTS-VET-14;Mishimoto Chevrolet Corvette C7 Thermostat, 2014-2019;748354026320;Thermostats;Mishimoto Chevrolet Corvette C7 Thermostat, 2014-2019;Mishimoto,MMTS-VET-14,Chevrolet,Corvette,C7,Thermostat,,2014,2019;Mishimoto,MMTS-VET-14,Chevrolet,Corvette,C7,Thermostat,,2014,2019;Mishimoto-MMTS-VET-14;;2,55;2,55;2,55;0,25
Mishimoto;Mishimoto;46,08;25,34;30;7;MMTS-VET-180;Mishimoto Chevrolet Corvette C7 Thermostat, 2014-2019;811580032523;Thermostats;Mishimoto Chevrolet Corvette C7 Thermostat, 2014-2019;Mishimoto,MMTS-VET-180,Chevrolet,Corvette,C7,Thermostat,,2014,2019;Mishimoto,MMTS-VET-180,Chevrolet,Corvette,C7,Thermostat,,2014,2019;Mishimoto-MMTS-VET-180;;2;2;2;1
Mishimoto;Mishimoto;181;99,55;30;7;R1693-AT;Mishimoto Chevrolet C/K Truck Replacement Radiator, 1994-2000;748354031775;Radiators;Mishimoto Chevrolet C/K Truck Replacement Radiator, 1994-2000;Mishimoto,R1693-AT,Chevrolet,C,K,Truck,Replacement,Radiator,,1994,2000;Mishimoto,R1693-AT,Chevrolet,C,K,Truck,Replacement,Radiator,,1994,2000;Mishimoto-R1693-AT;;22;6;43;34,19
