Manufacturer;Supplier;Price;Purchase;%;VAT;Reference;Name;EAN13;Category;Meta title;Tags;Keywords;Rewrite
Akrapovic;Akrapovic;4655,64;3724,51;15;7;L-PO/SS/4;Porsche 911 Turbo / Turbo S / Cabriolet / Sport Classic (992)  - OPF/GPF Akrapovic Link Pipe Set w Cat (SS);3831113596459;Home;Porsche 911 Turbo / Turbo S / Cabriolet / Sport Classic (992)  - OPF/GPF Akrapovic Link Pipe Set w Cat (SS);Akrapovic,L,PO,SS,4,Porsche,911,Turbo,Turbo,S,Cabriolet,Sport,Classic,(992),OPF,GPF;Akrapovic,L,PO,SS,4,Porsche,911,Turbo,Turbo,S,Cabriolet,Sport,Classic,(992),OPF,GPF;Akrapovic-L-POSS4
Akrapovic;Akrapovic;6122,74;4898,19;15;7;S-PO991TSO-HT;Porsche 911 Turbo/Turbo S (991) Akrapovic Slip-On Line (Titanium);3831113527163;Home;Porsche 911 Turbo/Turbo S (991) Akrapovic Slip-On Line (Titanium);Akrapovic,S,PO991TSO,HT,Porsche,911,Turbo,Turbo,S,(991);Akrapovic,S,PO991TSO,HT,Porsche,911,Turbo,Turbo,S,(991);Akrapovic-S-PO991TSO-HT
Akrapovic;Akrapovic;1688,79;1351,03;15;7;DI-PO/CA/2;Porsche 911 Turbo/Turbo S (991) Akrapovic Rear Carbon Fibre Diffuser;3831113527217;Home;Porsche 911 Turbo/Turbo S (991) Akrapovic Rear Carbon Fibre Diffuser;Akrapovic,DI,PO,CA,2,Porsche,911,Turbo,Turbo,S,(991);Akrapovic,DI,PO,CA,2,Porsche,911,Turbo,Turbo,S,(991);Akrapovic-DI-POCA2
Akrapovic;Akrapovic;2435,45;1948,36;15;7;L-PO991T/2;Porsche 911 Turbo/Turbo S (991) Akrapovic Link-Pipe Set w/o Cat (Titanium);3831113529174;Home;Porsche 911 Turbo/Turbo S (991) Akrapovic Link-Pipe Set w/o Cat (Titanium);Akrapovic,L,PO991T,2,Porsche,911,Turbo,Turbo,S,(991);Akrapovic,L,PO991T,2,Porsche,911,Turbo,Turbo,S,(991);Akrapovic-L-PO991T2
Akrapovic;Akrapovic;5134,24;4107,39;15;7;L-PO997TFLS-100;Porsche 911 Turbo/Turbo S (997 FL) Akrapovic Link pipe set (100 cpsi cats, Titanium);3831095081103;Home;Porsche 911 Turbo/Turbo S (997 FL) Akrapovic Link pipe set (100 cpsi cats, Titanium);Akrapovic,L,PO997TFLS,100,Porsche,911,Turbo,Turbo,S,(997,FL);Akrapovic,L,PO997TFLS,100,Porsche,911,Turbo,Turbo,S,(997,FL);Akrapovic-L-PO997TFLS-100
Akrapovic;Akrapovic;483,26;386,61;15;7;P-HF964;Porsche Boxster (981) Akrapovic Akrapovič Sound Kit;3831113539692;Home;Porsche Boxster (981) Akrapovic Akrapovič Sound Kit;Akrapovic,P,HF964,Porsche,Boxster,(981);Akrapovic,P,HF964,Porsche,Boxster,(981);Akrapovic-P-HF964
Akrapovic;Akrapovic;483,26;386,61;15;7;P-HF964;Porsche Boxster GTS (981) Akrapovic Akrapovič Sound Kit;3831113539692;Home;Porsche Boxster GTS (981) Akrapovic Akrapovič Sound Kit;Akrapovic,P,HF964,Porsche,Boxster,GTS,(981);Akrapovic,P,HF964,Porsche,Boxster,GTS,(981);Akrapovic-P-HF964
Akrapovic;Akrapovic;483,26;386,61;15;7;P-HF964;Porsche Boxster S (981) Akrapovic Akrapovič Sound Kit;3831113539692;Home;Porsche Boxster S (981) Akrapovic Akrapovič Sound Kit;Akrapovic,P,HF964,Porsche,Boxster,S,(981);Akrapovic,P,HF964,Porsche,Boxster,S,(981);Akrapovic-P-HF964
Akrapovic;Akrapovic;724,67;579,74;15;7;L-PO/T/7;Porsche Cayenne (958) Akrapovic Link pipe Cayenne (Titanium);3831113504904;Home;Porsche Cayenne (958) Akrapovic Link pipe Cayenne (Titanium);Akrapovic,L,PO,T,7,Porsche,Cayenne,(958);Akrapovic,L,PO,T,7,Porsche,Cayenne,(958);Akrapovic-L-POT7
Akrapovic;Akrapovic;5836,36;4669,09;15;7;S-PO/TI/12;Porsche Cayenne / Coupé (536) Akrapovic Evolution Line (Titanium);3831113577434;Home;Porsche Cayenne / Coupé (536) Akrapovic Evolution Line (Titanium);Akrapovic,S,PO,TI,12,Porsche,Cayenne,Coupé,(536);Akrapovic,S,PO,TI,12,Porsche,Cayenne,Coupé,(536);Akrapovic-S-POTI12
Akrapovic;Akrapovic;381,95;305,56;15;7;P-HF1199;Porsche Cayenne / Coupé (536) Akrapovic Akrapovič Sound Kit;3831113577403;Home;Porsche Cayenne / Coupé (536) Akrapovic Akrapovič Sound Kit;Akrapovic,P,HF1199,Porsche,Cayenne,Coupé,(536);Akrapovic,P,HF1199,Porsche,Cayenne,Coupé,(536);Akrapovic-P-HF1199
Akrapovic;Akrapovic;1565,27;1252,22;15;7;TP-CT/53;Porsche Cayenne / Coupé (536) Akrapovic Tail pipe set (Carbon);3831113577410;Home;Porsche Cayenne / Coupé (536) Akrapovic Tail pipe set (Carbon);Akrapovic,TP,CT,53,Porsche,Cayenne,Coupé,(536);Akrapovic,TP,CT,53,Porsche,Cayenne,Coupé,(536);Akrapovic-TP-CT53
Akrapovic;Akrapovic;1565,27;1252,22;15;7;TP-T/S/23;Porsche Cayenne / Coupé (536) Akrapovic Tail pipe set (Titanium);3831113577427;Home;Porsche Cayenne / Coupé (536) Akrapovic Tail pipe set (Titanium);Akrapovic,TP,T,S,23,Porsche,Cayenne,Coupé,(536);Akrapovic,TP,T,S,23,Porsche,Cayenne,Coupé,(536);Akrapovic-TP-TS23
Akrapovic;Akrapovic;1565,27;1252,22;15;7;TP-T/S/23;Porsche Cayenne / Coupé (536) - OPF/GPF Akrapovic Tail pipe set (Titanium);3831113577427;Home;Porsche Cayenne / Coupé (536) - OPF/GPF Akrapovic Tail pipe set (Titanium);Akrapovic,TP,T,S,23,Porsche,Cayenne,Coupé,(536),OPF,GPF;Akrapovic,TP,T,S,23,Porsche,Cayenne,Coupé,(536),OPF,GPF;Akrapovic-TP-TS23
Akrapovic;Akrapovic;1565,27;1252,22;15;7;TP-CT/53;Porsche Cayenne / Coupé (536) - OPF/GPF Akrapovic Tail pipe set (Carbon);3831113577410;Home;Porsche Cayenne / Coupé (536) - OPF/GPF Akrapovic Tail pipe set (Carbon);Akrapovic,TP,CT,53,Porsche,Cayenne,Coupé,(536),OPF,GPF;Akrapovic,TP,CT,53,Porsche,Cayenne,Coupé,(536),OPF,GPF;Akrapovic-TP-CT53
Akrapovic;Akrapovic;6054,77;4843,82;15;7;S-PO/TI/11H;Porsche Cayenne / Coupé (536) - OPF/GPF Akrapovic Evolution Line (Titanium);3831113577397;Home;Porsche Cayenne / Coupé (536) - OPF/GPF Akrapovic Evolution Line (Titanium);Akrapovic,S,PO,TI,11H,Porsche,Cayenne,Coupé,(536),OPF,GPF;Akrapovic,S,PO,TI,11H,Porsche,Cayenne,Coupé,(536),OPF,GPF;Akrapovic-S-POTI11H
Akrapovic;Akrapovic;381,95;305,56;15;7;P-HF1199;Porsche Cayenne / Coupé (536) - OPF/GPF Akrapovic Akrapovič Sound Kit;3831113577403;Home;Porsche Cayenne / Coupé (536) - OPF/GPF Akrapovic Akrapovič Sound Kit;Akrapovic,P,HF1199,Porsche,Cayenne,Coupé,(536),OPF,GPF;Akrapovic,P,HF1199,Porsche,Cayenne,Coupé,(536),OPF,GPF;Akrapovic-P-HF1199
Akrapovic;Akrapovic;724,67;579,74;15;7;L-PO/T/3;Porsche Cayenne Diesel (958) Akrapovic Link pipe Diesel (Titanium);3831095098491;Home;Porsche Cayenne Diesel (958) Akrapovic Link pipe Diesel (Titanium);Akrapovic,L,PO,T,3,Porsche,Cayenne,Diesel,(958);Akrapovic,L,PO,T,3,Porsche,Cayenne,Diesel,(958);Akrapovic-L-POT3
Akrapovic;Akrapovic;381,95;305,56;15;7;P-HF1199;Porsche Cayenne E-Hybrid / Coupé (536) Akrapovic Akrapovič Sound Kit;3831113577403;Home;Porsche Cayenne E-Hybrid / Coupé (536) Akrapovic Akrapovič Sound Kit;Akrapovic,P,HF1199,Porsche,Cayenne,E,Hybrid,Coupé,(536);Akrapovic,P,HF1199,Porsche,Cayenne,E,Hybrid,Coupé,(536);Akrapovic-P-HF1199
Akrapovic;Akrapovic;5836,36;4669,09;15;7;S-PO/TI/12;Porsche Cayenne E-Hybrid / Coupé (536) Akrapovic Evolution Line (Titanium);3831113577434;Home;Porsche Cayenne E-Hybrid / Coupé (536) Akrapovic Evolution Line (Titanium);Akrapovic,S,PO,TI,12,Porsche,Cayenne,E,Hybrid,Coupé,(536);Akrapovic,S,PO,TI,12,Porsche,Cayenne,E,Hybrid,Coupé,(536);Akrapovic-S-POTI12
Akrapovic;Akrapovic;1565,27;1252,22;15;7;TP-CT/53;Porsche Cayenne E-Hybrid / Coupé (536) Akrapovic Tail pipe set (Carbon);3831113577410;Home;Porsche Cayenne E-Hybrid / Coupé (536) Akrapovic Tail pipe set (Carbon);Akrapovic,TP,CT,53,Porsche,Cayenne,E,Hybrid,Coupé,(536);Akrapovic,TP,CT,53,Porsche,Cayenne,E,Hybrid,Coupé,(536);Akrapovic-TP-CT53
Akrapovic;Akrapovic;1565,27;1252,22;15;7;TP-T/S/23;Porsche Cayenne E-Hybrid / Coupé (536) Akrapovic Tail pipe set (Titanium);3831113577427;Home;Porsche Cayenne E-Hybrid / Coupé (536) Akrapovic Tail pipe set (Titanium);Akrapovic,TP,T,S,23,Porsche,Cayenne,E,Hybrid,Coupé,(536);Akrapovic,TP,T,S,23,Porsche,Cayenne,E,Hybrid,Coupé,(536);Akrapovic-TP-TS23
Akrapovic;Akrapovic;1565,27;1252,22;15;7;TP-T/S/23;Porsche Cayenne E-Hybrid / Coupé (536) - OPF/GPF Akrapovic Tail pipe set (Titanium);3831113577427;Home;Porsche Cayenne E-Hybrid / Coupé (536) - OPF/GPF Akrapovic Tail pipe set (Titanium);Akrapovic,TP,T,S,23,Porsche,Cayenne,E,Hybrid,Coupé,(536),OPF,GPF;Akrapovic,TP,T,S,23,Porsche,Cayenne,E,Hybrid,Coupé,(536),OPF,GPF;Akrapovic-TP-TS23
Akrapovic;Akrapovic;1565,27;1252,22;15;7;TP-CT/53;Porsche Cayenne E-Hybrid / Coupé (536) - OPF/GPF Akrapovic Tail pipe set (Carbon);3831113577410;Home;Porsche Cayenne E-Hybrid / Coupé (536) - OPF/GPF Akrapovic Tail pipe set (Carbon);Akrapovic,TP,CT,53,Porsche,Cayenne,E,Hybrid,Coupé,(536),OPF,GPF;Akrapovic,TP,CT,53,Porsche,Cayenne,E,Hybrid,Coupé,(536),OPF,GPF;Akrapovic-TP-CT53
Akrapovic;Akrapovic;6054,77;4843,82;15;7;S-PO/TI/11H;Porsche Cayenne E-Hybrid / Coupé (536) - OPF/GPF Akrapovic Evolution Line (Titanium);3831113577397;Home;Porsche Cayenne E-Hybrid / Coupé (536) - OPF/GPF Akrapovic Evolution Line (Titanium);Akrapovic,S,PO,TI,11H,Porsche,Cayenne,E,Hybrid,Coupé,(536),OPF,GPF;Akrapovic,S,PO,TI,11H,Porsche,Cayenne,E,Hybrid,Coupé,(536),OPF,GPF;Akrapovic-S-POTI11H
Akrapovic;Akrapovic;381,95;305,56;15;7;P-HF1199;Porsche Cayenne E-Hybrid / Coupé (536) - OPF/GPF Akrapovic Akrapovič Sound Kit;3831113577403;Home;Porsche Cayenne E-Hybrid / Coupé (536) - OPF/GPF Akrapovic Akrapovič Sound Kit;Akrapovic,P,HF1199,Porsche,Cayenne,E,Hybrid,Coupé,(536),OPF,GPF;Akrapovic,P,HF1199,Porsche,Cayenne,E,Hybrid,Coupé,(536),OPF,GPF;Akrapovic-P-HF1199
Akrapovic;Akrapovic;1688,79;1351,03;15;7;E-PO/T/3;Porsche Cayenne GTS (958 FL) Akrapovic Evolution Link Pipe Set (Titanium);3831113544894;Home;Porsche Cayenne GTS (958 FL) Akrapovic Evolution Link Pipe Set (Titanium);Akrapovic,E,PO,T,3,Porsche,Cayenne,GTS,(958,FL);Akrapovic,E,PO,T,3,Porsche,Cayenne,GTS,(958,FL);Akrapovic-E-POT3
Akrapovic;Akrapovic;381,95;305,56;15;7;P-HF1199;Porsche Cayenne S / Coupé (536) Akrapovic Akrapovič Sound Kit;3831113577403;Home;Porsche Cayenne S / Coupé (536) Akrapovic Akrapovič Sound Kit;Akrapovic,P,HF1199,Porsche,Cayenne,S,Coupé,(536);Akrapovic,P,HF1199,Porsche,Cayenne,S,Coupé,(536);Akrapovic-P-HF1199
Akrapovic;Akrapovic;1565,27;1252,22;15;7;TP-CT/53;Porsche Cayenne S / Coupé (536) Akrapovic Tail pipe set (Carbon);3831113577410;Home;Porsche Cayenne S / Coupé (536) Akrapovic Tail pipe set (Carbon);Akrapovic,TP,CT,53,Porsche,Cayenne,S,Coupé,(536);Akrapovic,TP,CT,53,Porsche,Cayenne,S,Coupé,(536);Akrapovic-TP-CT53
Akrapovic;Akrapovic;1565,27;1252,22;15;7;TP-T/S/23;Porsche Cayenne S / Coupé (536) Akrapovic Tail pipe set (Titanium);3831113577427;Home;Porsche Cayenne S / Coupé (536) Akrapovic Tail pipe set (Titanium);Akrapovic,TP,T,S,23,Porsche,Cayenne,S,Coupé,(536);Akrapovic,TP,T,S,23,Porsche,Cayenne,S,Coupé,(536);Akrapovic-TP-TS23
Akrapovic;Akrapovic;6406,65;5125,32;15;7;S-PO/TI/20;Porsche Cayenne S / Coupé (536) Akrapovic Evolution Line (Titanium);3831113590457;Home;Porsche Cayenne S / Coupé (536) Akrapovic Evolution Line (Titanium);Akrapovic,S,PO,TI,20,Porsche,Cayenne,S,Coupé,(536);Akrapovic,S,PO,TI,20,Porsche,Cayenne,S,Coupé,(536);Akrapovic-S-POTI20
Akrapovic;Akrapovic;6406,65;5125,32;15;7;S-PO/TI/20;Porsche Cayenne S / Coupé (536) - OPF/GPF Akrapovic Evolution Line (Titanium);3831113590457;Home;Porsche Cayenne S / Coupé (536) - OPF/GPF Akrapovic Evolution Line (Titanium);Akrapovic,S,PO,TI,20,Porsche,Cayenne,S,Coupé,(536),OPF,GPF;Akrapovic,S,PO,TI,20,Porsche,Cayenne,S,Coupé,(536),OPF,GPF;Akrapovic-S-POTI20
Akrapovic;Akrapovic;1565,27;1252,22;15;7;TP-T/S/23;Porsche Cayenne S / Coupé (536) - OPF/GPF Akrapovic Tail pipe set (Titanium);3831113577427;Home;Porsche Cayenne S / Coupé (536) - OPF/GPF Akrapovic Tail pipe set (Titanium);Akrapovic,TP,T,S,23,Porsche,Cayenne,S,Coupé,(536),OPF,GPF;Akrapovic,TP,T,S,23,Porsche,Cayenne,S,Coupé,(536),OPF,GPF;Akrapovic-TP-TS23
Akrapovic;Akrapovic;1565,27;1252,22;15;7;TP-CT/53;Porsche Cayenne S / Coupé (536) - OPF/GPF Akrapovic Tail pipe set (Carbon);3831113577410;Home;Porsche Cayenne S / Coupé (536) - OPF/GPF Akrapovic Tail pipe set (Carbon);Akrapovic,TP,CT,53,Porsche,Cayenne,S,Coupé,(536),OPF,GPF;Akrapovic,TP,CT,53,Porsche,Cayenne,S,Coupé,(536),OPF,GPF;Akrapovic-TP-CT53
Akrapovic;Akrapovic;381,95;305,56;15;7;P-HF1199;Porsche Cayenne S / Coupé (536) - OPF/GPF Akrapovic Akrapovič Sound Kit;3831113577403;Home;Porsche Cayenne S / Coupé (536) - OPF/GPF Akrapovic Akrapovič Sound Kit;Akrapovic,P,HF1199,Porsche,Cayenne,S,Coupé,(536),OPF,GPF;Akrapovic,P,HF1199,Porsche,Cayenne,S,Coupé,(536),OPF,GPF;Akrapovic-P-HF1199
Akrapovic;Akrapovic;724,67;579,74;15;7;L-PO/T/4;Porsche Cayenne S / GTS (958) Akrapovic Link pipe S Version (Titanium);3831095098507;Home;Porsche Cayenne S / GTS (958) Akrapovic Link pipe S Version (Titanium);Akrapovic,L,PO,T,4,Porsche,Cayenne,S,GTS,(958);Akrapovic,L,PO,T,4,Porsche,Cayenne,S,GTS,(958);Akrapovic-L-POT4
Akrapovic;Akrapovic;724,67;579,74;15;7;L-PO/T/4;Porsche Cayenne S Hybrid (958) Akrapovic Link pipe S Version (Titanium);3831095098507;Home;Porsche Cayenne S Hybrid (958) Akrapovic Link pipe S Version (Titanium);Akrapovic,L,PO,T,4,Porsche,Cayenne,S,Hybrid,(958);Akrapovic,L,PO,T,4,Porsche,Cayenne,S,Hybrid,(958);Akrapovic-L-POT4
Akrapovic;Akrapovic;1129,29;903,43;15;7;P-HF872;Porsche Cayenne S Hybrid (958) Akrapovic Akrapovič Sound Kit;3831113529273;Home;Porsche Cayenne S Hybrid (958) Akrapovic Akrapovič Sound Kit;Akrapovic,P,HF872,Porsche,Cayenne,S,Hybrid,(958);Akrapovic,P,HF872,Porsche,Cayenne,S,Hybrid,(958);Akrapovic-P-HF872
Akrapovic;Akrapovic;1181,83;945,46;15;7;P-HF1003;Porsche Cayenne Turbo (958 FL) Akrapovic Akrapovič Sound Kit;3831113543576;Home;Porsche Cayenne Turbo (958 FL) Akrapovic Akrapovič Sound Kit;Akrapovic,P,HF1003,Porsche,Cayenne,Turbo,(958,FL);Akrapovic,P,HF1003,Porsche,Cayenne,Turbo,(958,FL);Akrapovic-P-HF1003
Akrapovic;Akrapovic;1688,79;1351,03;15;7;E-PO/T/3;Porsche Cayenne Turbo (958 FL) Akrapovic Evolution Link Pipe Set (Titanium);3831113544894;Home;Porsche Cayenne Turbo (958 FL) Akrapovic Evolution Link Pipe Set (Titanium);Akrapovic,E,PO,T,3,Porsche,Cayenne,Turbo,(958,FL);Akrapovic,E,PO,T,3,Porsche,Cayenne,Turbo,(958,FL);Akrapovic-E-POT3
Akrapovic;Akrapovic;1129,29;903,43;15;7;P-HF872;Porsche Cayenne Turbo (958) Akrapovic Akrapovič Sound Kit;3831113529273;Home;Porsche Cayenne Turbo (958) Akrapovic Akrapovič Sound Kit;Akrapovic,P,HF872,Porsche,Cayenne,Turbo,(958);Akrapovic,P,HF872,Porsche,Cayenne,Turbo,(958);Akrapovic-P-HF872
Akrapovic;Akrapovic;381,95;305,56;15;7;P-HF1199;Porsche Cayenne Turbo / Coupé / GTS (536) Akrapovic Akrapovič Sound Kit;3831113577403;Home;Porsche Cayenne Turbo / Coupé / GTS (536) Akrapovic Akrapovič Sound Kit;Akrapovic,P,HF1199,Porsche,Cayenne,Turbo,Coupé,GTS,(536);Akrapovic,P,HF1199,Porsche,Cayenne,Turbo,Coupé,GTS,(536);Akrapovic-P-HF1199
Akrapovic;Akrapovic;1565,27;1252,22;15;7;TP-CT/53;Porsche Cayenne Turbo / Coupé / GTS (536) Akrapovic Tail pipe set (Carbon);3831113577410;Home;Porsche Cayenne Turbo / Coupé / GTS (536) Akrapovic Tail pipe set (Carbon);Akrapovic,TP,CT,53,Porsche,Cayenne,Turbo,Coupé,GTS,(536);Akrapovic,TP,CT,53,Porsche,Cayenne,Turbo,Coupé,GTS,(536);Akrapovic-TP-CT53
Akrapovic;Akrapovic;1565,27;1252,22;15;7;TP-T/S/23;Porsche Cayenne Turbo / Coupé / GTS (536) Akrapovic Tail pipe set (Titanium);3831113577427;Home;Porsche Cayenne Turbo / Coupé / GTS (536) Akrapovic Tail pipe set (Titanium);Akrapovic,TP,T,S,23,Porsche,Cayenne,Turbo,Coupé,GTS,(536);Akrapovic,TP,T,S,23,Porsche,Cayenne,Turbo,Coupé,GTS,(536);Akrapovic-TP-TS23
Akrapovic;Akrapovic;6054,77;4843,82;15;7;S-PO/TI/17H;Porsche Cayenne Turbo / Coupé / GTS (536) Akrapovic Evolution Line (Titanium);3831113579599;Home;Porsche Cayenne Turbo / Coupé / GTS (536) Akrapovic Evolution Line (Titanium);Akrapovic,S,PO,TI,17H,Porsche,Cayenne,Turbo,Coupé,GTS,(536);Akrapovic,S,PO,TI,17H,Porsche,Cayenne,Turbo,Coupé,GTS,(536);Akrapovic-S-POTI17H
Akrapovic;Akrapovic;6054,77;4843,82;15;7;S-PO/TI/17H;Porsche Cayenne Turbo / Coupé / GTS (536) - OPF/GPF Akrapovic Evolution Line (Titanium);3831113579599;Home;Porsche Cayenne Turbo / Coupé / GTS (536) - OPF/GPF Akrapovic Evolution Line (Titanium);Akrapovic,S,PO,TI,17H,Porsche,Cayenne,Turbo,Coupé,GTS,(536),OPF,GPF;Akrapovic,S,PO,TI,17H,Porsche,Cayenne,Turbo,Coupé,GTS,(536),OPF,GPF;Akrapovic-S-POTI17H
Akrapovic;Akrapovic;1565,27;1252,22;15;7;TP-T/S/23;Porsche Cayenne Turbo / Coupé / GTS (536) - OPF/GPF Akrapovic Tail pipe set (Titanium);3831113577427;Home;Porsche Cayenne Turbo / Coupé / GTS (536) - OPF/GPF Akrapovic Tail pipe set (Titanium);Akrapovic,TP,T,S,23,Porsche,Cayenne,Turbo,Coupé,GTS,(536),OPF,GPF;Akrapovic,TP,T,S,23,Porsche,Cayenne,Turbo,Coupé,GTS,(536),OPF,GPF;Akrapovic-TP-TS23
Akrapovic;Akrapovic;1565,27;1252,22;15;7;TP-CT/53;Porsche Cayenne Turbo / Coupé / GTS (536) - OPF/GPF Akrapovic Tail pipe set (Carbon);3831113577410;Home;Porsche Cayenne Turbo / Coupé / GTS (536) - OPF/GPF Akrapovic Tail pipe set (Carbon);Akrapovic,TP,CT,53,Porsche,Cayenne,Turbo,Coupé,GTS,(536),OPF,GPF;Akrapovic,TP,CT,53,Porsche,Cayenne,Turbo,Coupé,GTS,(536),OPF,GPF;Akrapovic-TP-CT53
Akrapovic;Akrapovic;381,95;305,56;15;7;P-HF1199;Porsche Cayenne Turbo / Coupé / GTS (536) - OPF/GPF Akrapovic Akrapovič Sound Kit;3831113577403;Home;Porsche Cayenne Turbo / Coupé / GTS (536) - OPF/GPF Akrapovic Akrapovič Sound Kit;Akrapovic,P,HF1199,Porsche,Cayenne,Turbo,Coupé,GTS,(536),OPF,GPF;Akrapovic,P,HF1199,Porsche,Cayenne,Turbo,Coupé,GTS,(536),OPF,GPF;Akrapovic-P-HF1199
Akrapovic;Akrapovic;1129,29;903,43;15;7;P-HF872;Porsche Cayenne Turbo S (958) Akrapovic Akrapovič Sound Kit;3831113529273;Home;Porsche Cayenne Turbo S (958) Akrapovic Akrapovič Sound Kit;Akrapovic,P,HF872,Porsche,Cayenne,Turbo,S,(958);Akrapovic,P,HF872,Porsche,Cayenne,Turbo,S,(958);Akrapovic-P-HF872
Akrapovic;Akrapovic;381,95;305,56;15;7;P-HF1199;Porsche Cayenne Turbo S-E-Hybrid / Coupé (536) Akrapovic Akrapovič Sound Kit;3831113577403;Home;Porsche Cayenne Turbo S-E-Hybrid / Coupé (536) Akrapovic Akrapovič Sound Kit;Akrapovic,P,HF1199,Porsche,Cayenne,Turbo,S,E,Hybrid,Coupé,(536);Akrapovic,P,HF1199,Porsche,Cayenne,Turbo,S,E,Hybrid,Coupé,(536);Akrapovic-P-HF1199
Akrapovic;Akrapovic;1565,27;1252,22;15;7;TP-CT/53;Porsche Cayenne Turbo S-E-Hybrid / Coupé (536) Akrapovic Tail pipe set (Carbon);3831113577410;Home;Porsche Cayenne Turbo S-E-Hybrid / Coupé (536) Akrapovic Tail pipe set (Carbon);Akrapovic,TP,CT,53,Porsche,Cayenne,Turbo,S,E,Hybrid,Coupé,(536);Akrapovic,TP,CT,53,Porsche,Cayenne,Turbo,S,E,Hybrid,Coupé,(536);Akrapovic-TP-CT53
Akrapovic;Akrapovic;1565,27;1252,22;15;7;TP-T/S/23;Porsche Cayenne Turbo S-E-Hybrid / Coupé (536) Akrapovic Tail pipe set (Titanium);3831113577427;Home;Porsche Cayenne Turbo S-E-Hybrid / Coupé (536) Akrapovic Tail pipe set (Titanium);Akrapovic,TP,T,S,23,Porsche,Cayenne,Turbo,S,E,Hybrid,Coupé,(536);Akrapovic,TP,T,S,23,Porsche,Cayenne,Turbo,S,E,Hybrid,Coupé,(536);Akrapovic-TP-TS23
Akrapovic;Akrapovic;6054,77;4843,82;15;7;S-PO/TI/17H;Porsche Cayenne Turbo S-E-Hybrid / Coupé (536) Akrapovic Evolution Line (Titanium);3831113579599;Home;Porsche Cayenne Turbo S-E-Hybrid / Coupé (536) Akrapovic Evolution Line (Titanium);Akrapovic,S,PO,TI,17H,Porsche,Cayenne,Turbo,S,E,Hybrid,Coupé,(536);Akrapovic,S,PO,TI,17H,Porsche,Cayenne,Turbo,S,E,Hybrid,Coupé,(536);Akrapovic-S-POTI17H
Akrapovic;Akrapovic;6054,77;4843,82;15;7;S-PO/TI/17H;Porsche Cayenne Turbo S-E-Hybrid / Coupé (536) - OPF/GPF Akrapovic Evolution Line (Titanium);3831113579599;Home;Porsche Cayenne Turbo S-E-Hybrid / Coupé (536) - OPF/GPF Akrapovic Evolution Line (Titanium);Akrapovic,S,PO,TI,17H,Porsche,Cayenne,Turbo,S,E,Hybrid,Coupé,(536),OPF,GPF;Akrapovic,S,PO,TI,17H,Porsche,Cayenne,Turbo,S,E,Hybrid,Coupé,(536),OPF,GPF;Akrapovic-S-POTI17H
Akrapovic;Akrapovic;1565,27;1252,22;15;7;TP-T/S/23;Porsche Cayenne Turbo S-E-Hybrid / Coupé (536) - OPF/GPF Akrapovic Tail pipe set (Titanium);3831113577427;Home;Porsche Cayenne Turbo S-E-Hybrid / Coupé (536) - OPF/GPF Akrapovic Tail pipe set (Titanium);Akrapovic,TP,T,S,23,Porsche,Cayenne,Turbo,S,E,Hybrid,Coupé,(536),OPF,GPF;Akrapovic,TP,T,S,23,Porsche,Cayenne,Turbo,S,E,Hybrid,Coupé,(536),OPF,GPF;Akrapovic-TP-TS23
Akrapovic;Akrapovic;1565,27;1252,22;15;7;TP-CT/53;Porsche Cayenne Turbo S-E-Hybrid / Coupé (536) - OPF/GPF Akrapovic Tail pipe set (Carbon);3831113577410;Home;Porsche Cayenne Turbo S-E-Hybrid / Coupé (536) - OPF/GPF Akrapovic Tail pipe set (Carbon);Akrapovic,TP,CT,53,Porsche,Cayenne,Turbo,S,E,Hybrid,Coupé,(536),OPF,GPF;Akrapovic,TP,CT,53,Porsche,Cayenne,Turbo,S,E,Hybrid,Coupé,(536),OPF,GPF;Akrapovic-TP-CT53
Akrapovic;Akrapovic;381,95;305,56;15;7;P-HF1199;Porsche Cayenne Turbo S-E-Hybrid / Coupé (536) - OPF/GPF Akrapovic Akrapovič Sound Kit;3831113577403;Home;Porsche Cayenne Turbo S-E-Hybrid / Coupé (536) - OPF/GPF Akrapovic Akrapovič Sound Kit;Akrapovic,P,HF1199,Porsche,Cayenne,Turbo,S,E,Hybrid,Coupé,(536),OPF,GPF;Akrapovic,P,HF1199,Porsche,Cayenne,Turbo,S,E,Hybrid,Coupé,(536),OPF,GPF;Akrapovic-P-HF1199
Akrapovic;Akrapovic;483,26;386,61;15;7;P-HF964;Porsche Cayman (981) Akrapovic Akrapovič Sound Kit;3831113539692;Home;Porsche Cayman (981) Akrapovic Akrapovič Sound Kit;Akrapovic,P,HF964,Porsche,Cayman,(981);Akrapovic,P,HF964,Porsche,Cayman,(981);Akrapovic-P-HF964
Akrapovic;Akrapovic;483,26;386,61;15;7;P-HF964;Porsche Cayman GTS (981) Akrapovic Akrapovič Sound Kit;3831113539692;Home;Porsche Cayman GTS (981) Akrapovic Akrapovič Sound Kit;Akrapovic,P,HF964,Porsche,Cayman,GTS,(981);Akrapovic,P,HF964,Porsche,Cayman,GTS,(981);Akrapovic-P-HF964
Akrapovic;Akrapovic;483,26;386,61;15;7;P-HF964;Porsche Cayman S (981) Akrapovic Akrapovič Sound Kit;3831113539692;Home;Porsche Cayman S (981) Akrapovic Akrapovič Sound Kit;Akrapovic,P,HF964,Porsche,Cayman,S,(981);Akrapovic,P,HF964,Porsche,Cayman,S,(981);Akrapovic-P-HF964
Akrapovic;Akrapovic;6798,33;5438,66;15;7;S-PO/TI/7H;Porsche Macan GTS (95B) Akrapovic Evolution Line (Titanium);3831113557726;Home;Porsche Macan GTS (95B) Akrapovic Evolution Line (Titanium);Akrapovic,S,PO,TI,7H,Porsche,Macan,GTS,(95B);Akrapovic,S,PO,TI,7H,Porsche,Macan,GTS,(95B);Akrapovic-S-POTI7H
Akrapovic;Akrapovic;1829,37;1463,5;15;7;DI-PO/CA/5/G;Porsche Macan GTS (95B) Akrapovic Rear Carbon Fibre Diffuser - High Gloss;3831113555814;Home;Porsche Macan GTS (95B) Akrapovic Rear Carbon Fibre Diffuser - High Gloss;Akrapovic,DI,PO,CA,5,G,Porsche,Macan,GTS,(95B);Akrapovic,DI,PO,CA,5,G,Porsche,Macan,GTS,(95B);Akrapovic-DI-POCA5G
Akrapovic;Akrapovic;1829,37;1463,5;15;7;DI-PO/CA/5/G;Porsche Macan S (95B) Akrapovic Rear Carbon Fibre Diffuser - High Gloss;3831113555814;Home;Porsche Macan S (95B) Akrapovic Rear Carbon Fibre Diffuser - High Gloss;Akrapovic,DI,PO,CA,5,G,Porsche,Macan,S,(95B);Akrapovic,DI,PO,CA,5,G,Porsche,Macan,S,(95B);Akrapovic-DI-POCA5G
Akrapovic;Akrapovic;420,26;336,21;15;7;P-HF1228;Porsche Macan S (95B) Akrapovic Fitting kit (for mounting on Macan S / Turbo Non-Sport);3831113576840;Home;Porsche Macan S (95B) Akrapovic Fitting kit (for mounting on Macan S / Turbo Non-Sport);Akrapovic,P,HF1228,Porsche,Macan,S,(95B);Akrapovic,P,HF1228,Porsche,Macan,S,(95B);Akrapovic-P-HF1228
Akrapovic;Akrapovic;6798,33;5438,66;15;7;S-PO/TI/7H;Porsche Macan S (95B) Akrapovic Evolution Line (Titanium);3831113557726;Home;Porsche Macan S (95B) Akrapovic Evolution Line (Titanium);Akrapovic,S,PO,TI,7H,Porsche,Macan,S,(95B);Akrapovic,S,PO,TI,7H,Porsche,Macan,S,(95B);Akrapovic-S-POTI7H
Akrapovic;Akrapovic;1829,37;1463,5;15;7;DI-PO/CA/5/G;Porsche Macan Turbo (95B) Akrapovic Rear Carbon Fibre Diffuser - High Gloss;3831113555814;Home;Porsche Macan Turbo (95B) Akrapovic Rear Carbon Fibre Diffuser - High Gloss;Akrapovic,DI,PO,CA,5,G,Porsche,Macan,Turbo,(95B);Akrapovic,DI,PO,CA,5,G,Porsche,Macan,Turbo,(95B);Akrapovic-DI-POCA5G
Akrapovic;Akrapovic;6798,33;5438,66;15;7;S-PO/TI/7H;Porsche Macan Turbo (95B) Akrapovic Evolution Line (Titanium);3831113557726;Home;Porsche Macan Turbo (95B) Akrapovic Evolution Line (Titanium);Akrapovic,S,PO,TI,7H,Porsche,Macan,Turbo,(95B);Akrapovic,S,PO,TI,7H,Porsche,Macan,Turbo,(95B);Akrapovic-S-POTI7H
Akrapovic;Akrapovic;174,12;139,3;15;7;P-HF641;Porsche Panamera (970) Akrapovic Fitting kit;3831095099153;Home;Porsche Panamera (970) Akrapovic Fitting kit;Akrapovic,P,HF641,Porsche,Panamera,(970);Akrapovic,P,HF641,Porsche,Panamera,(970);Akrapovic-P-HF641
Akrapovic;Akrapovic;1565,27;1252,22;15;7;TP-CT/48;Porsche Panamera / 4 / Sport Turismo (971) Akrapovic Tail pipe set (Carbon);3831113563871;Home;Porsche Panamera / 4 / Sport Turismo (971) Akrapovic Tail pipe set (Carbon);Akrapovic,TP,CT,48,Porsche,Panamera,4,Sport,Turismo,(971);Akrapovic,TP,CT,48,Porsche,Panamera,4,Sport,Turismo,(971);Akrapovic-TP-CT48
Akrapovic;Akrapovic;381,95;305,56;15;7;P-HF1149;Porsche Panamera / 4 / Sport Turismo (971) Akrapovic Akrapovič Sound Kit;3831113563918;Home;Porsche Panamera / 4 / Sport Turismo (971) Akrapovic Akrapovič Sound Kit;Akrapovic,P,HF1149,Porsche,Panamera,4,Sport,Turismo,(971);Akrapovic,P,HF1149,Porsche,Panamera,4,Sport,Turismo,(971);Akrapovic-P-HF1149
Akrapovic;Akrapovic;4186,17;3348,94;15;7;S-PO/TI/13;Porsche Panamera / 4 / Sport Turismo (971) Akrapovic Slip-On Line (Titanium);3831113574266;Home;Porsche Panamera / 4 / Sport Turismo (971) Akrapovic Slip-On Line (Titanium);Akrapovic,S,PO,TI,13,Porsche,Panamera,4,Sport,Turismo,(971);Akrapovic,S,PO,TI,13,Porsche,Panamera,4,Sport,Turismo,(971);Akrapovic-S-POTI13
Akrapovic;Akrapovic;1565,27;1252,22;15;7;TP-T/S/18;Porsche Panamera / 4 / Sport Turismo (971) Akrapovic Tail pipe set (Titanium);3831113563888;Home;Porsche Panamera / 4 / Sport Turismo (971) Akrapovic Tail pipe set (Titanium);Akrapovic,TP,T,S,18,Porsche,Panamera,4,Sport,Turismo,(971);Akrapovic,TP,T,S,18,Porsche,Panamera,4,Sport,Turismo,(971);Akrapovic-TP-TS18
Akrapovic;Akrapovic;174,12;139,3;15;7;P-HF641;Porsche Panamera 4 (970) Akrapovic Fitting kit;3831095099153;Home;Porsche Panamera 4 (970) Akrapovic Fitting kit;Akrapovic,P,HF641,Porsche,Panamera,4,(970);Akrapovic,P,HF641,Porsche,Panamera,4,(970);Akrapovic-P-HF641
Akrapovic;Akrapovic;1565,27;1252,22;15;7;TP-T/S/18;Porsche Panamera 4 E-Hybrid / Sport Turismo (971) Akrapovic Tail pipe set (Titanium);3831113563888;Home;Porsche Panamera 4 E-Hybrid / Sport Turismo (971) Akrapovic Tail pipe set (Titanium);Akrapovic,TP,T,S,18,Porsche,Panamera,4,E,Hybrid,Sport,Turismo,(971);Akrapovic,TP,T,S,18,Porsche,Panamera,4,E,Hybrid,Sport,Turismo,(971);Akrapovic-TP-TS18
Akrapovic;Akrapovic;381,95;305,56;15;7;P-HF1149;Porsche Panamera 4 E-Hybrid / Sport Turismo (971) Akrapovic Akrapovič Sound Kit;3831113563918;Home;Porsche Panamera 4 E-Hybrid / Sport Turismo (971) Akrapovic Akrapovič Sound Kit;Akrapovic,P,HF1149,Porsche,Panamera,4,E,Hybrid,Sport,Turismo,(971);Akrapovic,P,HF1149,Porsche,Panamera,4,E,Hybrid,Sport,Turismo,(971);Akrapovic-P-HF1149
Akrapovic;Akrapovic;1565,27;1252,22;15;7;TP-CT/48;Porsche Panamera 4 E-Hybrid / Sport Turismo (971) Akrapovic Tail pipe set (Carbon);3831113563871;Home;Porsche Panamera 4 E-Hybrid / Sport Turismo (971) Akrapovic Tail pipe set (Carbon);Akrapovic,TP,CT,48,Porsche,Panamera,4,E,Hybrid,Sport,Turismo,(971);Akrapovic,TP,CT,48,Porsche,Panamera,4,E,Hybrid,Sport,Turismo,(971);Akrapovic-TP-CT48
Akrapovic;Akrapovic;4186,17;3348,94;15;7;S-PO/TI/16;Porsche Panamera 4 E-Hybrid / Sport Turismo (971) Akrapovic Slip-On Line (Titanium);3831113579278;Home;Porsche Panamera 4 E-Hybrid / Sport Turismo (971) Akrapovic Slip-On Line (Titanium);Akrapovic,S,PO,TI,16,Porsche,Panamera,4,E,Hybrid,Sport,Turismo,(971);Akrapovic,S,PO,TI,16,Porsche,Panamera,4,E,Hybrid,Sport,Turismo,(971);Akrapovic-S-POTI16
Akrapovic;Akrapovic;174,12;139,3;15;7;P-HF641;Porsche Panamera 4S (970) Akrapovic Fitting kit;3831095099153;Home;Porsche Panamera 4S (970) Akrapovic Fitting kit;Akrapovic,P,HF641,Porsche,Panamera,4S,(970);Akrapovic,P,HF641,Porsche,Panamera,4S,(970);Akrapovic-P-HF641
Akrapovic;Akrapovic;1565,27;1252,22;15;7;TP-CT/48;Porsche Panamera 4S / Sport Turismo (971) Akrapovic Tail pipe set (Carbon);3831113563871;Home;Porsche Panamera 4S / Sport Turismo (971) Akrapovic Tail pipe set (Carbon);Akrapovic,TP,CT,48,Porsche,Panamera,4S,Sport,Turismo,(971);Akrapovic,TP,CT,48,Porsche,Panamera,4S,Sport,Turismo,(971);Akrapovic-TP-CT48
Akrapovic;Akrapovic;381,95;305,56;15;7;P-HF1149;Porsche Panamera 4S / Sport Turismo (971) Akrapovic Akrapovič Sound Kit;3831113563918;Home;Porsche Panamera 4S / Sport Turismo (971) Akrapovic Akrapovič Sound Kit;Akrapovic,P,HF1149,Porsche,Panamera,4S,Sport,Turismo,(971);Akrapovic,P,HF1149,Porsche,Panamera,4S,Sport,Turismo,(971);Akrapovic-P-HF1149
Akrapovic;Akrapovic;1565,27;1252,22;15;7;TP-T/S/18;Porsche Panamera 4S / Sport Turismo (971) Akrapovic Tail pipe set (Titanium);3831113563888;Home;Porsche Panamera 4S / Sport Turismo (971) Akrapovic Tail pipe set (Titanium);Akrapovic,TP,T,S,18,Porsche,Panamera,4S,Sport,Turismo,(971);Akrapovic,TP,T,S,18,Porsche,Panamera,4S,Sport,Turismo,(971);Akrapovic-TP-TS18
Akrapovic;Akrapovic;4186,17;3348,94;15;7;S-PO/TI/16;Porsche Panamera 4S / Sport Turismo (971) Akrapovic Slip-On Line (Titanium);3831113579278;Home;Porsche Panamera 4S / Sport Turismo (971) Akrapovic Slip-On Line (Titanium);Akrapovic,S,PO,TI,16,Porsche,Panamera,4S,Sport,Turismo,(971);Akrapovic,S,PO,TI,16,Porsche,Panamera,4S,Sport,Turismo,(971);Akrapovic-S-POTI16
Akrapovic;Akrapovic;174,12;139,3;15;7;P-HF641;Porsche Panamera GTS (970) Akrapovic Fitting kit;3831095099153;Home;Porsche Panamera GTS (970) Akrapovic Fitting kit;Akrapovic,P,HF641,Porsche,Panamera,GTS,(970);Akrapovic,P,HF641,Porsche,Panamera,GTS,(970);Akrapovic-P-HF641
Akrapovic;Akrapovic;1565,27;1252,22;15;7;TP-T/S/18;Porsche Panamera GTS / Sport Turismo (971) Akrapovic Tail pipe set (Titanium);3831113563888;Home;Porsche Panamera GTS / Sport Turismo (971) Akrapovic Tail pipe set (Titanium);Akrapovic,TP,T,S,18,Porsche,Panamera,GTS,Sport,Turismo,(971);Akrapovic,TP,T,S,18,Porsche,Panamera,GTS,Sport,Turismo,(971);Akrapovic-TP-TS18
Akrapovic;Akrapovic;211,29;169,03;15;7;P-HF1170;Porsche Panamera GTS / Sport Turismo (971) Akrapovic Middle Valve Actuator Kit;3831113567213;Home;Porsche Panamera GTS / Sport Turismo (971) Akrapovic Middle Valve Actuator Kit;Akrapovic,P,HF1170,Porsche,Panamera,GTS,Sport,Turismo,(971);Akrapovic,P,HF1170,Porsche,Panamera,GTS,Sport,Turismo,(971);Akrapovic-P-HF1170
Akrapovic;Akrapovic;6321,72;5057,38;15;7;S-PO/TI/9H;Porsche Panamera GTS / Sport Turismo (971) Akrapovic Evolution Line (Titanium);3831113561471;Home;Porsche Panamera GTS / Sport Turismo (971) Akrapovic Evolution Line (Titanium);Akrapovic,S,PO,TI,9H,Porsche,Panamera,GTS,Sport,Turismo,(971);Akrapovic,S,PO,TI,9H,Porsche,Panamera,GTS,Sport,Turismo,(971);Akrapovic-S-POTI9H
Akrapovic;Akrapovic;381,95;305,56;15;7;P-HF1149;Porsche Panamera GTS / Sport Turismo (971) Akrapovic Akrapovič Sound Kit;3831113563918;Home;Porsche Panamera GTS / Sport Turismo (971) Akrapovic Akrapovič Sound Kit;Akrapovic,P,HF1149,Porsche,Panamera,GTS,Sport,Turismo,(971);Akrapovic,P,HF1149,Porsche,Panamera,GTS,Sport,Turismo,(971);Akrapovic-P-HF1149
Akrapovic;Akrapovic;1565,27;1252,22;15;7;TP-CT/48;Porsche Panamera GTS / Sport Turismo (971) Akrapovic Tail pipe set (Carbon);3831113563871;Home;Porsche Panamera GTS / Sport Turismo (971) Akrapovic Tail pipe set (Carbon);Akrapovic,TP,CT,48,Porsche,Panamera,GTS,Sport,Turismo,(971);Akrapovic,TP,CT,48,Porsche,Panamera,GTS,Sport,Turismo,(971);Akrapovic-TP-CT48
Akrapovic;Akrapovic;174,12;139,3;15;7;P-HF641;Porsche Panamera S (970) Akrapovic Fitting kit;3831095099153;Home;Porsche Panamera S (970) Akrapovic Fitting kit;Akrapovic,P,HF641,Porsche,Panamera,S,(970);Akrapovic,P,HF641,Porsche,Panamera,S,(970);Akrapovic-P-HF641
Akrapovic;Akrapovic;689,1;551,28;15;7;P-HF871;Porsche Panamera Turbo (970 FL) Akrapovic Akrapovič Sound Kit;3831113529280;Home;Porsche Panamera Turbo (970 FL) Akrapovic Akrapovič Sound Kit;Akrapovic,P,HF871,Porsche,Panamera,Turbo,(970,FL);Akrapovic,P,HF871,Porsche,Panamera,Turbo,(970,FL);Akrapovic-P-HF871
Akrapovic;Akrapovic;689,1;551,28;15;7;P-HF871;Porsche Panamera Turbo (970) Akrapovic Akrapovič Sound Kit;3831113529280;Home;Porsche Panamera Turbo (970) Akrapovic Akrapovič Sound Kit;Akrapovic,P,HF871,Porsche,Panamera,Turbo,(970);Akrapovic,P,HF871,Porsche,Panamera,Turbo,(970);Akrapovic-P-HF871
Akrapovic;Akrapovic;1565,27;1252,22;15;7;TP-CT/48;Porsche Panamera Turbo / Sport Turismo (971) Akrapovic Tail pipe set (Carbon);3831113563871;Home;Porsche Panamera Turbo / Sport Turismo (971) Akrapovic Tail pipe set (Carbon);Akrapovic,TP,CT,48,Porsche,Panamera,Turbo,Sport,Turismo,(971);Akrapovic,TP,CT,48,Porsche,Panamera,Turbo,Sport,Turismo,(971);Akrapovic-TP-CT48
Akrapovic;Akrapovic;381,95;305,56;15;7;P-HF1149;Porsche Panamera Turbo / Sport Turismo (971) Akrapovic Akrapovič Sound Kit;3831113563918;Home;Porsche Panamera Turbo / Sport Turismo (971) Akrapovic Akrapovič Sound Kit;Akrapovic,P,HF1149,Porsche,Panamera,Turbo,Sport,Turismo,(971);Akrapovic,P,HF1149,Porsche,Panamera,Turbo,Sport,Turismo,(971);Akrapovic-P-HF1149
Akrapovic;Akrapovic;211,29;169,03;15;7;P-HF1170;Porsche Panamera Turbo / Sport Turismo (971) Akrapovic Middle Valve Actuator Kit;3831113567213;Home;Porsche Panamera Turbo / Sport Turismo (971) Akrapovic Middle Valve Actuator Kit;Akrapovic,P,HF1170,Porsche,Panamera,Turbo,Sport,Turismo,(971);Akrapovic,P,HF1170,Porsche,Panamera,Turbo,Sport,Turismo,(971);Akrapovic-P-HF1170
Akrapovic;Akrapovic;1565,27;1252,22;15;7;TP-T/S/18;Porsche Panamera Turbo / Sport Turismo (971) Akrapovic Tail pipe set (Titanium);3831113563888;Home;Porsche Panamera Turbo / Sport Turismo (971) Akrapovic Tail pipe set (Titanium);Akrapovic,TP,T,S,18,Porsche,Panamera,Turbo,Sport,Turismo,(971);Akrapovic,TP,T,S,18,Porsche,Panamera,Turbo,Sport,Turismo,(971);Akrapovic-TP-TS18
Akrapovic;Akrapovic;6321,72;5057,38;15;7;S-PO/TI/9H;Porsche Panamera Turbo / Sport Turismo (971) Akrapovic Evolution Line (Titanium);3831113561471;Home;Porsche Panamera Turbo / Sport Turismo (971) Akrapovic Evolution Line (Titanium);Akrapovic,S,PO,TI,9H,Porsche,Panamera,Turbo,Sport,Turismo,(971);Akrapovic,S,PO,TI,9H,Porsche,Panamera,Turbo,Sport,Turismo,(971);Akrapovic-S-POTI9H
Akrapovic;Akrapovic;689,1;551,28;15;7;P-HF871;Porsche Panamera Turbo S (970 FL) Akrapovic Akrapovič Sound Kit;3831113529280;Home;Porsche Panamera Turbo S (970 FL) Akrapovic Akrapovič Sound Kit;Akrapovic,P,HF871,Porsche,Panamera,Turbo,S,(970,FL);Akrapovic,P,HF871,Porsche,Panamera,Turbo,S,(970,FL);Akrapovic-P-HF871
Akrapovic;Akrapovic;689,1;551,28;15;7;P-HF871;Porsche Panamera Turbo S (970) Akrapovic Akrapovič Sound Kit;3831113529280;Home;Porsche Panamera Turbo S (970) Akrapovic Akrapovič Sound Kit;Akrapovic,P,HF871,Porsche,Panamera,Turbo,S,(970);Akrapovic,P,HF871,Porsche,Panamera,Turbo,S,(970);Akrapovic-P-HF871
Akrapovic;Akrapovic;1565,27;1252,22;15;7;TP-T/S/18;Porsche Panamera Turbo S E-Hybrid / Sport Turismo (971) Akrapovic Tail pipe set (Titanium);3831113563888;Home;Porsche Panamera Turbo S E-Hybrid / Sport Turismo (971) Akrapovic Tail pipe set (Titanium);Akrapovic,TP,T,S,18,Porsche,Panamera,Turbo,S,E,Hybrid,Sport,Turismo,(971);Akrapovic,TP,T,S,18,Porsche,Panamera,Turbo,S,E,Hybrid,Sport,Turismo,(971);Akrapovic-TP-TS18
Akrapovic;Akrapovic;211,29;169,03;15;7;P-HF1170;Porsche Panamera Turbo S E-Hybrid / Sport Turismo (971) Akrapovic Middle Valve Actuator Kit;3831113567213;Home;Porsche Panamera Turbo S E-Hybrid / Sport Turismo (971) Akrapovic Middle Valve Actuator Kit;Akrapovic,P,HF1170,Porsche,Panamera,Turbo,S,E,Hybrid,Sport,Turismo,(971);Akrapovic,P,HF1170,Porsche,Panamera,Turbo,S,E,Hybrid,Sport,Turismo,(971);Akrapovic-P-HF1170
Akrapovic;Akrapovic;381,95;305,56;15;7;P-HF1149;Porsche Panamera Turbo S E-Hybrid / Sport Turismo (971) Akrapovic Akrapovič Sound Kit;3831113563918;Home;Porsche Panamera Turbo S E-Hybrid / Sport Turismo (971) Akrapovic Akrapovič Sound Kit;Akrapovic,P,HF1149,Porsche,Panamera,Turbo,S,E,Hybrid,Sport,Turismo,(971);Akrapovic,P,HF1149,Porsche,Panamera,Turbo,S,E,Hybrid,Sport,Turismo,(971);Akrapovic-P-HF1149
Akrapovic;Akrapovic;1565,27;1252,22;15;7;TP-CT/48;Porsche Panamera Turbo S E-Hybrid / Sport Turismo (971) Akrapovic Tail pipe set (Carbon);3831113563871;Home;Porsche Panamera Turbo S E-Hybrid / Sport Turismo (971) Akrapovic Tail pipe set (Carbon);Akrapovic,TP,CT,48,Porsche,Panamera,Turbo,S,E,Hybrid,Sport,Turismo,(971);Akrapovic,TP,CT,48,Porsche,Panamera,Turbo,S,E,Hybrid,Sport,Turismo,(971);Akrapovic-TP-CT48
Akrapovic;Akrapovic;6321,72;5057,38;15;7;S-PO/TI/9H;Porsche Panamera Turbo S E-Hybrid / Sport Turismo (971) Akrapovic Evolution Line (Titanium);3831113561471;Home;Porsche Panamera Turbo S E-Hybrid / Sport Turismo (971) Akrapovic Evolution Line (Titanium);Akrapovic,S,PO,TI,9H,Porsche,Panamera,Turbo,S,E,Hybrid,Sport,Turismo,(971);Akrapovic,S,PO,TI,9H,Porsche,Panamera,Turbo,S,E,Hybrid,Sport,Turismo,(971);Akrapovic-S-POTI9H
Akrapovic;Akrapovic;304,48;243,58;15;7;L-RECL3RS/1;Renault Clio III RS 200 Akrapovic Evolution Link pipe set (SS);3831095084661;Home;Renault Clio III RS 200 Akrapovic Evolution Link pipe set (SS);Akrapovic,L,RECL3RS,1,Renault,Clio,III,RS,200;Akrapovic,L,RECL3RS,1,Renault,Clio,III,RS,200;Akrapovic-L-RECL3RS1
Akrapovic;Akrapovic;1132,87;906,3;15;7;MTP-RECL3RSH;Renault Clio III RS 200 Akrapovic Slip-On Line (SS);3831095084609;Home;Renault Clio III RS 200 Akrapovic Slip-On Line (SS);Akrapovic,MTP,RECL3RSH,Renault,Clio,III,RS,200;Akrapovic,MTP,RECL3RSH,Renault,Clio,III,RS,200;Akrapovic-MTP-RECL3RSH
Akrapovic;Akrapovic;2316,22;1852,98;15;7;S-RE/T/1;Renault Mégane III Coupé RS Akrapovic Evolution Line (Titanium);3831113522632;Home;Renault Mégane III Coupé RS Akrapovic Evolution Line (Titanium);Akrapovic,S,RE,T,1,Renault,Mégane,III,Coupé,RS;Akrapovic,S,RE,T,1,Renault,Mégane,III,Coupé,RS;Akrapovic-S-RET1
Akrapovic;Akrapovic;3027,38;2421,9;15;7;S-RE/T/4H;Renault Mégane IV RS Akrapovic Slip-On Line (Titanium);3831113585767;Home;Renault Mégane IV RS Akrapovic Slip-On Line (Titanium);Akrapovic,S,RE,T,4H,Renault,Mégane,IV,RS;Akrapovic,S,RE,T,4H,Renault,Mégane,IV,RS;Akrapovic-S-RET4H
Akrapovic;Akrapovic;512,01;409,61;15;7;L-RE/T/2;Renault Mégane IV RS Akrapovic Evolution Link pipe set (Titanium);3831113589017;Home;Renault Mégane IV RS Akrapovic Evolution Link pipe set (Titanium);Akrapovic,L,RE,T,2,Renault,Mégane,IV,RS;Akrapovic,L,RE,T,2,Renault,Mégane,IV,RS;Akrapovic-L-RET2
Akrapovic;Akrapovic;512,01;409,61;15;7;L-RE/T/2;Renault Mégane IV RS - OPF/GPF Akrapovic Evolution Link pipe set (Titanium);3831113589017;Home;Renault Mégane IV RS - OPF/GPF Akrapovic Evolution Link pipe set (Titanium);Akrapovic,L,RE,T,2,Renault,Mégane,IV,RS,OPF,GPF;Akrapovic,L,RE,T,2,Renault,Mégane,IV,RS,OPF,GPF;Akrapovic-L-RET2
Akrapovic;Akrapovic;3027,38;2421,9;15;7;S-RE/T/4H;Renault Mégane IV RS - OPF/GPF Akrapovic Slip-On Line (Titanium);3831113585767;Home;Renault Mégane IV RS - OPF/GPF Akrapovic Slip-On Line (Titanium);Akrapovic,S,RE,T,4H,Renault,Mégane,IV,RS,OPF,GPF;Akrapovic,S,RE,T,4H,Renault,Mégane,IV,RS,OPF,GPF;Akrapovic-S-RET4H
Akrapovic;Akrapovic;2744,28;2195,42;15;7;S-TY/T/2;Toyota GR Yaris Akrapovic Slip-On Race Line (Titanium);3831126401115;Home;Toyota GR Yaris Akrapovic Slip-On Race Line (Titanium);Akrapovic,S,TY,T,2,Toyota,GR,Yaris;Akrapovic,S,TY,T,2,Toyota,GR,Yaris;Akrapovic-S-TYT2
Akrapovic;Akrapovic;436,59;349,27;15;7;E-TY/SS/3;Toyota GR Yaris Akrapovic Evolution Link Pipe (SS);3831126401122;Home;Toyota GR Yaris Akrapovic Evolution Link Pipe (SS);Akrapovic,E,TY,SS,3,Toyota,GR,Yaris;Akrapovic,E,TY,SS,3,Toyota,GR,Yaris;Akrapovic-E-TYSS3
Akrapovic;Akrapovic;2162,8;1730,24;15;7;DP-TY/SS/1;Toyota Supra (A90) Akrapovic Downpipe w Cat (SS);3831113577700;Home;Toyota Supra (A90) Akrapovic Downpipe w Cat (SS);Akrapovic,DP,TY,SS,1,Toyota,Supra,(A90);Akrapovic,DP,TY,SS,1,Toyota,Supra,(A90);Akrapovic-DP-TYSS1
Akrapovic;Akrapovic;3264;2611,2;15;7;S-TY/T/1H;Toyota Supra (A90) Akrapovic Slip-On Line (Titanium);3831113575744;Home;Toyota Supra (A90) Akrapovic Slip-On Line (Titanium);Akrapovic,S,TY,T,1H,Toyota,Supra,(A90);Akrapovic,S,TY,T,1H,Toyota,Supra,(A90);Akrapovic-S-TYT1H
Akrapovic;Akrapovic;1166,89;933,51;15;7;E-TY/SS/1;Toyota Supra (A90) Akrapovic Evolution Link pipe set (SS);3831113575751;Home;Toyota Supra (A90) Akrapovic Evolution Link pipe set (SS);Akrapovic,E,TY,SS,1,Toyota,Supra,(A90);Akrapovic,E,TY,SS,1,Toyota,Supra,(A90);Akrapovic-E-TYSS1
Akrapovic;Akrapovic;3264;2611,2;15;7;S-TY/T/1H;Toyota Supra (A90) - OPF/GPF Akrapovic Slip-On Line (Titanium);3831113575744;Home;Toyota Supra (A90) - OPF/GPF Akrapovic Slip-On Line (Titanium);Akrapovic,S,TY,T,1H,Toyota,Supra,(A90),OPF,GPF;Akrapovic,S,TY,T,1H,Toyota,Supra,(A90),OPF,GPF;Akrapovic-S-TYT1H
Akrapovic;Akrapovic;1166,89;933,51;15;7;E-TY/SS/2;Toyota Supra (A90) - OPF/GPF Akrapovic Evolution Link pipe set (SS) - for OPF/GPF;3831113575775;Home;Toyota Supra (A90) - OPF/GPF Akrapovic Evolution Link pipe set (SS) - for OPF/GPF;Akrapovic,E,TY,SS,2,Toyota,Supra,(A90),OPF,GPF;Akrapovic,E,TY,SS,2,Toyota,Supra,(A90),OPF,GPF;Akrapovic-E-TYSS2
Akrapovic;Akrapovic;2162,8;1730,24;15;7;DP-TY/SS/2;Toyota Supra (A90) - OPF/GPF Akrapovic Downpipe w Cat (SS);3831113579551;Home;Toyota Supra (A90) - OPF/GPF Akrapovic Downpipe w Cat (SS);Akrapovic,DP,TY,SS,2,Toyota,Supra,(A90),OPF,GPF;Akrapovic,DP,TY,SS,2,Toyota,Supra,(A90),OPF,GPF;Akrapovic-DP-TYSS2
Akrapovic;Akrapovic;675,49;540,39;15;7;TP-VWGMK6-CA;Volkswagen Golf (VI) GTD Akrapovic Tail pipe set (Carbon);3831095074075;Home;Volkswagen Golf (VI) GTD Akrapovic Tail pipe set (Carbon);Akrapovic,TP,VWGMK6,CA,Volkswagen,Golf,(VI),GTD;Akrapovic,TP,VWGMK6,CA,Volkswagen,Golf,(VI),GTD;Akrapovic-TP-VWGMK6-CA
Akrapovic;Akrapovic;675,49;540,39;15;7;TP-VWGMK6-CA;Volkswagen Golf (VI) GTI Akrapovic Tail pipe set (Carbon);3831095074075;Home;Volkswagen Golf (VI) GTI Akrapovic Tail pipe set (Carbon);Akrapovic,TP,VWGMK6,CA,Volkswagen,Golf,(VI),GTI;Akrapovic,TP,VWGMK6,CA,Volkswagen,Golf,(VI),GTI;Akrapovic-TP-VWGMK6-CA
Akrapovic;Akrapovic;675,49;540,39;15;7;TP-VWGMK6-CA;Volkswagen Golf (VI) TSI 1,4 (118KW) Akrapovic Tail pipe set (Carbon);3831095074075;Home;Volkswagen Golf (VI) TSI 1,4 (118KW) Akrapovic Tail pipe set (Carbon);Akrapovic,TP,VWGMK6,CA,Volkswagen,Golf,(VI),TSI,1,4,(118KW);Akrapovic,TP,VWGMK6,CA,Volkswagen,Golf,(VI),TSI,1,4,(118KW);Akrapovic-TP-VWGMK6-CA
Akrapovic;Akrapovic;675,49;540,39;15;7;TP-VWGMK6-CA;Volkswagen Golf (VI) TSI 1,4 (90KW) Akrapovic Tail pipe set (Carbon);3831095074075;Home;Volkswagen Golf (VI) TSI 1,4 (90KW) Akrapovic Tail pipe set (Carbon);Akrapovic,TP,VWGMK6,CA,Volkswagen,Golf,(VI),TSI,1,4,(90KW);Akrapovic,TP,VWGMK6,CA,Volkswagen,Golf,(VI),TSI,1,4,(90KW);Akrapovic-TP-VWGMK6-CA
Akrapovic;Akrapovic;675,49;540,39;15;7;TP-VWGMK6-CA;Volkswagen Golf (VI) TSI 1,8 Akrapovic Tail pipe set (Carbon);3831095074075;Home;Volkswagen Golf (VI) TSI 1,8 Akrapovic Tail pipe set (Carbon);Akrapovic,TP,VWGMK6,CA,Volkswagen,Golf,(VI),TSI,1,8;Akrapovic,TP,VWGMK6,CA,Volkswagen,Golf,(VI),TSI,1,8;Akrapovic-TP-VWGMK6-CA
Akrapovic;Akrapovic;1967,87;1574,3;15;7;MTP-VW/T/1H;Volkswagen Golf (VII) GTI Akrapovic Slip-On Line (Titanium);3831113517553;Home;Volkswagen Golf (VII) GTI Akrapovic Slip-On Line (Titanium);Akrapovic,MTP,VW,T,1H,Volkswagen,Golf,(VII),GTI;Akrapovic,MTP,VW,T,1H,Volkswagen,Golf,(VII),GTI;Akrapovic-MTP-VWT1H
Akrapovic;Akrapovic;3748,3;2998,64;15;7;S-VW/T/1;Volkswagen Golf (VII) GTI Akrapovic Evolution Line (Titanium);3831113518154;Home;Volkswagen Golf (VII) GTI Akrapovic Evolution Line (Titanium);Akrapovic,S,VW,T,1,Volkswagen,Golf,(VII),GTI;Akrapovic,S,VW,T,1,Volkswagen,Golf,(VII),GTI;Akrapovic-S-VWT1
Akrapovic;Akrapovic;1100,1;880,08;15;7;DI-VW/CA/1;Volkswagen Golf (VII) GTI Akrapovic Rear Carbon Fibre Diffuser;3831113517584;Home;Volkswagen Golf (VII) GTI Akrapovic Rear Carbon Fibre Diffuser;Akrapovic,DI,VW,CA,1,Volkswagen,Golf,(VII),GTI;Akrapovic,DI,VW,CA,1,Volkswagen,Golf,(VII),GTI;Akrapovic-DI-VWCA1
Akrapovic;Akrapovic;1967,87;1574,3;15;7;MTP-VW/T/2;Volkswagen Golf (VII) GTI Akrapovic Slip-On Race Line (Titanium);3831113524933;Home;Volkswagen Golf (VII) GTI Akrapovic Slip-On Race Line (Titanium);Akrapovic,MTP,VW,T,2,Volkswagen,Golf,(VII),GTI;Akrapovic,MTP,VW,T,2,Volkswagen,Golf,(VII),GTI;Akrapovic-MTP-VWT2
Akrapovic;Akrapovic;2093,62;1674,9;15;7;MTP-VW/T/3H;Volkswagen Golf (VII) GTI FL (169 kW) Akrapovic Slip-On Line (Titanium);3831113553711;Home;Volkswagen Golf (VII) GTI FL (169 kW) Akrapovic Slip-On Line (Titanium);Akrapovic,MTP,VW,T,3H,Volkswagen,Golf,(VII),GTI,FL,(169,kW);Akrapovic,MTP,VW,T,3H,Volkswagen,Golf,(VII),GTI,FL,(169,kW);Akrapovic-MTP-VWT3H
Akrapovic;Akrapovic;2093,62;1674,9;15;7;MTP-VW/T/4H;Volkswagen Golf (VII) GTI FL (169 kW) Akrapovic Slip-On Race Line (Titanium);3831113553728;Home;Volkswagen Golf (VII) GTI FL (169 kW) Akrapovic Slip-On Race Line (Titanium);Akrapovic,MTP,VW,T,4H,Volkswagen,Golf,(VII),GTI,FL,(169,kW);Akrapovic,MTP,VW,T,4H,Volkswagen,Golf,(VII),GTI,FL,(169,kW);Akrapovic-MTP-VWT4H
Akrapovic;Akrapovic;2093,62;1674,9;15;7;MTP-VW/T/4H;Volkswagen Golf (VII) GTI FL Performance (180 kW) Akrapovic Slip-On Race Line (Titanium);3831113553728;Home;Volkswagen Golf (VII) GTI FL Performance (180 kW) Akrapovic Slip-On Race Line (Titanium);Akrapovic,MTP,VW,T,4H,Volkswagen,Golf,(VII),GTI,FL,Performance,(180,kW);Akrapovic,MTP,VW,T,4H,Volkswagen,Golf,(VII),GTI,FL,Performance,(180,kW);Akrapovic-MTP-VWT4H
Akrapovic;Akrapovic;2093,62;1674,9;15;7;MTP-VW/T/3H;Volkswagen Golf (VII) GTI FL Performance (180 kW) Akrapovic Slip-On Line (Titanium);3831113553711;Home;Volkswagen Golf (VII) GTI FL Performance (180 kW) Akrapovic Slip-On Line (Titanium);Akrapovic,MTP,VW,T,3H,Volkswagen,Golf,(VII),GTI,FL,Performance,(180,kW);Akrapovic,MTP,VW,T,3H,Volkswagen,Golf,(VII),GTI,FL,Performance,(180,kW);Akrapovic-MTP-VWT3H
