Manufacturer;Supplier;Price EUR;Purchase USD;%;VAT;Reference;Name;Category;Meta title;Tags;Keywords;Rewrite;Depth;Width;Height;Weight
P3 Gauges;P3 Gauges;389;225,62;35;7;L3P3VGT8;P3 V3 OBD2 - VW Mk8 Gauge (2020+) Left Hand Drive,Golf/GTI/Alltrack/TDI, Red bars/ White digits;Home;P3 V3 OBD2 - VW Mk8 Gauge (2020+) Left Hand Drive,Golf/GTI/Alltrack/TDI, Red bars/ White digits;P3 Gauges,L3P3VGT8,P3 V3 OBD2 - VW Mk8 Gauge (2020+) Left Hand Drive,Golf/GTI/Alltrack/TDI, Red bars/ White digits;P3 Gauges,L3P3VGT8,P3,V3,OBD2,-,VW,Mk8,Gauge,(2020+),Left,Hand,Drive,Golf,GTI,Alltrack,TDI,,Red,bars,,,White,digits;P3-Gauges-L3P3VGT8;8;4;3;0,312
P3 Gauges;P3 Gauges;389;225,62;35;7;L3P3VGR8;P3 V3 OBD2 - VW Mk8 Gauge (2020+) Left Hand Drive, R Models, Blue bars/ White digits;Home;P3 V3 OBD2 - VW Mk8 Gauge (2020+) Left Hand Drive, R Models, Blue bars/ White digits;P3 Gauges,L3P3VGR8,P3 V3 OBD2 - VW Mk8 Gauge (2020+) Left Hand Drive, R Models, Blue bars/ White digits;P3 Gauges,L3P3VGR8,P3,V3,OBD2,-,VW,Mk8,Gauge,(2020+),Left,Hand,Drive,,R,Models,,Blue,bars,,,White,digits;P3-Gauges-L3P3VGR8;8;4;3;0,312
P3 Gauges;P3 Gauges;389;225,62;35;7;L3P3BF1W;P3 V3 OBD2 - BMW F1X Gauge (2010-2017) Left Hand Drive, Orange bars/ White digits;Home;P3 V3 OBD2 - BMW F1X Gauge (2010-2017) Left Hand Drive, Orange bars/ White digits;P3 Gauges,L3P3BF1W,P3 V3 OBD2 - BMW F1X Gauge (2010-2017) Left Hand Drive, Orange bars/ White digits;P3 Gauges,L3P3BF1W,P3,V3,OBD2,-,BMW,F1X,Gauge,(2010-2017),Left,Hand,Drive,,Orange,bars,,,White,digits;P3-Gauges-L3P3BF1W;8;4;3;0,312
P3 Gauges;P3 Gauges;389;225,62;35;7;R3P3BF1W;P3 V3 OBD2 - BMW F1X Gauge (2010-2017) Right Hand Drive, Orange bars/ White digits;Home;P3 V3 OBD2 - BMW F1X Gauge (2010-2017) Right Hand Drive, Orange bars/ White digits;P3 Gauges,R3P3BF1W,P3 V3 OBD2 - BMW F1X Gauge (2010-2017) Right Hand Drive, Orange bars/ White digits;P3 Gauges,R3P3BF1W,P3,V3,OBD2,-,BMW,F1X,Gauge,(2010-2017),Right,Hand,Drive,,Orange,bars,,,White,digits;P3-Gauges-R3P3BF1W;8;4;3;0,312
P3 Gauges;P3 Gauges;389;225,62;35;7;L3P3BFW6;P3 V3 OBD2 - BMW F12 Gauge (2011-2018) Left Hand Drive, Orange bars/ White digits;Home;P3 V3 OBD2 - BMW F12 Gauge (2011-2018) Left Hand Drive, Orange bars/ White digits;P3 Gauges,L3P3BFW6,P3 V3 OBD2 - BMW F12 Gauge (2011-2018) Left Hand Drive, Orange bars/ White digits;P3 Gauges,L3P3BFW6,P3,V3,OBD2,-,BMW,F12,Gauge,(2011-2018),Left,Hand,Drive,,Orange,bars,,,White,digits;P3-Gauges-L3P3BFW6;8;4;3;0,312
P3 Gauges;P3 Gauges;389;225,62;35;7;R3P3BFW6;P3 V3 OBD2 - BMW F12 Gauge (2011-2018) Right Hand Drive, Orange bars/ White digits;Home;P3 V3 OBD2 - BMW F12 Gauge (2011-2018) Right Hand Drive, Orange bars/ White digits;P3 Gauges,R3P3BFW6,P3 V3 OBD2 - BMW F12 Gauge (2011-2018) Right Hand Drive, Orange bars/ White digits;P3 Gauges,R3P3BFW6,P3,V3,OBD2,-,BMW,F12,Gauge,(2011-2018),Right,Hand,Drive,,Orange,bars,,,White,digits;P3-Gauges-R3P3BFW6;8;4;3;0,312
P3 Gauges;P3 Gauges;389;225,62;35;7;L3P3BF2W;P3 V3 OBD2 - BMW F2X/ F87 Gauge (2011-2019) Left Hand Drive, Orange bars/ White digits;Home;P3 V3 OBD2 - BMW F2X/ F87 Gauge (2011-2019) Left Hand Drive, Orange bars/ White digits;P3 Gauges,L3P3BF2W,P3 V3 OBD2 - BMW F2X/ F87 Gauge (2011-2019) Left Hand Drive, Orange bars/ White digits;P3 Gauges,L3P3BF2W,P3,V3,OBD2,-,BMW,F2X,,,F87,Gauge,(2011-2019),Left,Hand,Drive,,Orange,bars,,,White,digits;P3-Gauges-L3P3BF2W;8;4;3;0,312
P3 Gauges;P3 Gauges;389;225,62;35;7;R3P3BF2W;P3 V3 OBD2 - BMW F2X/ F87 Gauge (2011-2019) Right Hand Drive, Orange bars/ White digits;Home;P3 V3 OBD2 - BMW F2X/ F87 Gauge (2011-2019) Right Hand Drive, Orange bars/ White digits;P3 Gauges,R3P3BF2W,P3 V3 OBD2 - BMW F2X/ F87 Gauge (2011-2019) Right Hand Drive, Orange bars/ White digits;P3 Gauges,R3P3BF2W,P3,V3,OBD2,-,BMW,F2X,,,F87,Gauge,(2011-2019),Right,Hand,Drive,,Orange,bars,,,White,digits;P3-Gauges-R3P3BF2W;8;4;3;0,312
P3 Gauges;P3 Gauges;389;225,62;35;7;L3P3BF3W;P3 V3 OBD2 - BMW F3X/ F8X Gauge (2011-2019) Left Hand Drive, Orange bars/ White digits;Home;P3 V3 OBD2 - BMW F3X/ F8X Gauge (2011-2019) Left Hand Drive, Orange bars/ White digits;P3 Gauges,L3P3BF3W,P3 V3 OBD2 - BMW F3X/ F8X Gauge (2011-2019) Left Hand Drive, Orange bars/ White digits;P3 Gauges,L3P3BF3W,P3,V3,OBD2,-,BMW,F3X,,,F8X,Gauge,(2011-2019),Left,Hand,Drive,,Orange,bars,,,White,digits;P3-Gauges-L3P3BF3W;8;4;3;0,312
P3 Gauges;P3 Gauges;389;225,62;35;7;R3P3BF3W;P3 V3 OBD2 - BMW F3X/ F8X Gauge (2011-2019) Right Hand Drive, Orange bars/ White digits;Home;P3 V3 OBD2 - BMW F3X/ F8X Gauge (2011-2019) Right Hand Drive, Orange bars/ White digits;P3 Gauges,R3P3BF3W,P3 V3 OBD2 - BMW F3X/ F8X Gauge (2011-2019) Right Hand Drive, Orange bars/ White digits;P3 Gauges,R3P3BF3W,P3,V3,OBD2,-,BMW,F3X,,,F8X,Gauge,(2011-2019),Right,Hand,Drive,,Orange,bars,,,White,digits;P3-Gauges-R3P3BF3W;8;4;3;0,312
P3 Gauges;P3 Gauges;389;225,62;35;7;L3P3CSSX;P3 V3 OBD2 - Chevrolet SS/Holden Commodore Gauge (2013-2019) Left Hand Drive;Home;P3 V3 OBD2 - Chevrolet SS/Holden Commodore Gauge (2013-2019) Left Hand Drive;P3 Gauges,L3P3CSSX,P3 V3 OBD2 - Chevrolet SS/Holden Commodore Gauge (2013-2019) Left Hand Drive;P3 Gauges,L3P3CSSX,P3,V3,OBD2,-,Chevrolet,SS,Holden,Commodore,Gauge,(2013-2019),Left,Hand,Drive;P3-Gauges-L3P3CSSX;8;4;3;0,312
P3 Gauges;P3 Gauges;389;225,62;35;7;R3P3CSSX;P3 V3 OBD2 - Chevrolet SS/Holden Commodore Gauge (2013-2019) Right Hand Drive;Home;P3 V3 OBD2 - Chevrolet SS/Holden Commodore Gauge (2013-2019) Right Hand Drive;P3 Gauges,R3P3CSSX,P3 V3 OBD2 - Chevrolet SS/Holden Commodore Gauge (2013-2019) Right Hand Drive;P3 Gauges,R3P3CSSX,P3,V3,OBD2,-,Chevrolet,SS,Holden,Commodore,Gauge,(2013-2019),Right,Hand,Drive;P3-Gauges-R3P3CSSX;8;4;3;0,312
P3 Gauges;P3 Gauges;389;225,62;35;7;R3P3GMR5;P3 V3 OBD2 - Buick Regal/ Opel Insignia Gauge (2008-2017) Right Hand Drive, Blue bars/ White digits;Home;P3 V3 OBD2 - Buick Regal/ Opel Insignia Gauge (2008-2017) Right Hand Drive, Blue bars/ White digits;P3 Gauges,R3P3GMR5,P3 V3 OBD2 - Buick Regal/ Opel Insignia Gauge (2008-2017) Right Hand Drive, Blue bars/ White digits;P3 Gauges,R3P3GMR5,P3,V3,OBD2,-,Buick,Regal,,,Opel,Insignia,Gauge,(2008-2017),Right,Hand,Drive,,Blue,bars,,,White,digits;P3-Gauges-R3P3GMR5;8;4;3;0,312
P3 Gauges;P3 Gauges;389;225,62;35;7;L3P3GRR5;P3 V3 OBD2 - Buick Regal/ Opel Insignia Gauge (2008-2017) Left Hand Drive, Red bars/ White digits;Home;P3 V3 OBD2 - Buick Regal/ Opel Insignia Gauge (2008-2017) Left Hand Drive, Red bars/ White digits;P3 Gauges,L3P3GRR5,P3 V3 OBD2 - Buick Regal/ Opel Insignia Gauge (2008-2017) Left Hand Drive, Red bars/ White digits;P3 Gauges,L3P3GRR5,P3,V3,OBD2,-,Buick,Regal,,,Opel,Insignia,Gauge,(2008-2017),Left,Hand,Drive,,Red,bars,,White,digits;P3-Gauges-L3P3GRR5;8;4;3;0,312
P3 Gauges;P3 Gauges;389;225,62;35;7;R3P3GRR5;P3 V3 OBD2 - Buick Regal/ Opel Insignia Gauge (2008-2017) Right Hand Drive, Red bars/ White digits;Home;P3 V3 OBD2 - Buick Regal/ Opel Insignia Gauge (2008-2017) Right Hand Drive, Red bars/ White digits;P3 Gauges,R3P3GRR5,P3 V3 OBD2 - Buick Regal/ Opel Insignia Gauge (2008-2017) Right Hand Drive, Red bars/ White digits;P3 Gauges,R3P3GRR5,P3,V3,OBD2,-,Buick,Regal,,,Opel,Insignia,Gauge,(2008-2017),Right,Hand,Drive,,Red,bars,,White,digits;P3-Gauges-R3P3GRR5;8;4;3;0,312
P3 Gauges;P3 Gauges;389;225,62;35;7;L3P3S8SR;P3 V3 OBD2 - Subaru WRX/STI Gauge (2015-2021) Left Hand Drive, Red bars/ White digits;Home;P3 V3 OBD2 - Subaru WRX/STI Gauge (2015-2021) Left Hand Drive, Red bars/ White digits;P3 Gauges,L3P3S8SR,P3 V3 OBD2 - Subaru WRX/STI Gauge (2015-2021) Left Hand Drive, Red bars/ White digits;P3 Gauges,L3P3S8SR,P3,V3,OBD2,-,Subaru,WRX,STI,Gauge,(2015-2021),Left,Hand,Drive,,Red,bars,,,White,digits;P3-Gauges-L3P3S8SR;8;4;3;0,312
P3 Gauges;P3 Gauges;389;225,62;35;7;R3P3S8SR;P3 V3 OBD2 - Subaru WRX/STI Gauge (2015-2021) Right Hand Drive, Red bars/ White digits;Home;P3 V3 OBD2 - Subaru WRX/STI Gauge (2015-2021) Right Hand Drive, Red bars/ White digits;P3 Gauges,R3P3S8SR,P3 V3 OBD2 - Subaru WRX/STI Gauge (2015-2021) Right Hand Drive, Red bars/ White digits;P3 Gauges,R3P3S8SR,P3,V3,OBD2,-,Subaru,WRX,STI,Gauge,(2015-2021),Right,Hand,Drive,,Red,bars,,,White,digits;P3-Gauges-R3P3S8SR;8;4;3;0,312
P3 Gauges;P3 Gauges;389;225,62;35;7;L3P3JGC4;P3 V3 OBD2 - Jeep Grand Cherokee Gauge (2011-2019) Left Hand Drive;Home;P3 V3 OBD2 - Jeep Grand Cherokee Gauge (2011-2019) Left Hand Drive;P3 Gauges,L3P3JGC4,P3 V3 OBD2 - Jeep Grand Cherokee Gauge (2011-2019) Left Hand Drive;P3 Gauges,L3P3JGC4,P3,V3,OBD2,-,Jeep,Grand,Cherokee,Gauge,(2011-2019),Left,Hand,Drive;P3-Gauges-L3P3JGC4;8;4;3;0,312
P3 Gauges;P3 Gauges;289;167,62;35;7;LAP3BF1W;P3 Analog Gauge - BMW F1X (2011-2017) Left Hand Drive, Orange bars/ White digits;Home;P3 Analog Gauge - BMW F1X (2011-2017) Left Hand Drive, Orange bars/ White digits;P3 Gauges,LAP3BF1W,P3 Analog Gauge - BMW F1X (2011-2017) Left Hand Drive, Orange bars/ White digits;P3 Gauges,LAP3BF1W,P3,Analog,Gauge,-,BMW,F1X,(2011-2017),Left,Hand,Drive,,Orange,bars,,,White,digits;P3-Gauges-LAP3BF1W;8;4;3;0,312
P3 Gauges;P3 Gauges;289;167,62;35;7;RAP3BF1W;P3 Analog Gauge - BMW F1X (2011-2017) Right Hand Drive, Orange bars/ White digits;Home;P3 Analog Gauge - BMW F1X (2011-2017) Right Hand Drive, Orange bars/ White digits;P3 Gauges,RAP3BF1W,P3 Analog Gauge - BMW F1X (2011-2017) Right Hand Drive, Orange bars/ White digits;P3 Gauges,RAP3BF1W,P3,Analog,Gauge,-,BMW,F1X,(2011-2017),Right,Hand,Drive,,Orange,bars,,,White,digits;P3-Gauges-RAP3BF1W;8;4;3;0,312
P3 Gauges;P3 Gauges;289;167,62;35;7;LAP3BFW6;P3 Analog Gauge - BMW F12 Gauge (2011-2018) Left Hand Drive, Orange bars/ White digits;Home;P3 Analog Gauge - BMW F12 Gauge (2011-2018) Left Hand Drive, Orange bars/ White digits;P3 Gauges,LAP3BFW6,P3 Analog Gauge - BMW F12 Gauge (2011-2018) Left Hand Drive, Orange bars/ White digits;P3 Gauges,LAP3BFW6,P3,Analog,Gauge,-,BMW,F12,Gauge,(2011-2018),Left,Hand,Drive,,Orange,bars,,,White,digits;P3-Gauges-LAP3BFW6;8;4;3;0,312
P3 Gauges;P3 Gauges;289;167,62;35;7;RAP3BFM6;P3 Analog Gauge - BMW F12 Gauge (2011-2018) Right Hand Drive, Orange bars/ Orange digits;Home;P3 Analog Gauge - BMW F12 Gauge (2011-2018) Right Hand Drive, Orange bars/ Orange digits;P3 Gauges,RAP3BFM6,P3 Analog Gauge - BMW F12 Gauge (2011-2018) Right Hand Drive, Orange bars/ Orange digits;P3 Gauges,RAP3BFM6,P3,Analog,Gauge,-,BMW,F12,Gauge,(2011-2018),Right,Hand,Drive,,Orange,bars,,,Orange,digits;P3-Gauges-RAP3BFM6;8;4;3;0,312
P3 Gauges;P3 Gauges;289;167,62;35;7;RAP3BFW6;P3 Analog Gauge - BMW F12 Gauge (2011-2018) Right Hand Drive, Orange bars/ White digits;Home;P3 Analog Gauge - BMW F12 Gauge (2011-2018) Right Hand Drive, Orange bars/ White digits;P3 Gauges,RAP3BFW6,P3 Analog Gauge - BMW F12 Gauge (2011-2018) Right Hand Drive, Orange bars/ White digits;P3 Gauges,RAP3BFW6,P3,Analog,Gauge,-,BMW,F12,Gauge,(2011-2018),Right,Hand,Drive,,Orange,bars,,,White,digits;P3-Gauges-RAP3BFW6;8;4;3;0,312
P3 Gauges;P3 Gauges;289;167,62;35;7;LAP3BF2W;P3 Analog Gauge - BMW F2X/F87 (2013-2019) Left Hand Drive, Orange bars/ White digits;Home;P3 Analog Gauge - BMW F2X/F87 (2013-2019) Left Hand Drive, Orange bars/ White digits;P3 Gauges,LAP3BF2W,P3 Analog Gauge - BMW F2X/F87 (2013-2019) Left Hand Drive, Orange bars/ White digits;P3 Gauges,LAP3BF2W,P3,Analog,Gauge,-,BMW,F2X,F87,(2013-2019),Left,Hand,Drive,,Orange,bars,,,White,digits;P3-Gauges-LAP3BF2W;8;4;3;0,312
P3 Gauges;P3 Gauges;289;167,62;35;7;RAP3BF2W;P3 Analog Gauge - BMW F2X/F87 (2013-2019) Right Hand Drive, Orange bars/ White digits;Home;P3 Analog Gauge - BMW F2X/F87 (2013-2019) Right Hand Drive, Orange bars/ White digits;P3 Gauges,RAP3BF2W,P3 Analog Gauge - BMW F2X/F87 (2013-2019) Right Hand Drive, Orange bars/ White digits;P3 Gauges,RAP3BF2W,P3,Analog,Gauge,-,BMW,F2X,F87,(2013-2019),Right,Hand,Drive,,Orange,bars,,,White,digits;P3-Gauges-RAP3BF2W;8;4;3;0,312
P3 Gauges;P3 Gauges;289;167,62;35;7;LAP3BF3W;P3 Analog Gauge - BMW F3X/ F8X (2011-2019) Left Hand Drive, Orange bars/ White digits;Home;P3 Analog Gauge - BMW F3X/ F8X (2011-2019) Left Hand Drive, Orange bars/ White digits;P3 Gauges,LAP3BF3W,P3 Analog Gauge - BMW F3X/ F8X (2011-2019) Left Hand Drive, Orange bars/ White digits;P3 Gauges,LAP3BF3W,P3,Analog,Gauge,-,BMW,F3X,,,F8X,(2011-2019),Left,Hand,Drive,,Orange,bars,,,White,digits;P3-Gauges-LAP3BF3W;8;4;3;0,312
P3 Gauges;P3 Gauges;289;167,62;35;7;RAP3BF3W;P3 Analog Gauge - BMW F3X/ F8X (2011-2019) Right Hand Drive, Orange bars/ White digits;Home;P3 Analog Gauge - BMW F3X/ F8X (2011-2019) Right Hand Drive, Orange bars/ White digits;P3 Gauges,RAP3BF3W,P3 Analog Gauge - BMW F3X/ F8X (2011-2019) Right Hand Drive, Orange bars/ White digits;P3 Gauges,RAP3BF3W,P3,Analog,Gauge,-,BMW,F3X,,,F8X,(2011-2019),Right,Hand,Drive,,Orange,bars,,,White,digits;P3-Gauges-RAP3BF3W;8;4;3;0,312
P3 Gauges;P3 Gauges;289;167,62;35;7;LAP3GRR5;P3 Analog Gauge - Buick Regal/ Opel Insignia (2008-2017) Left Hand Drive, Red/ White;Home;P3 Analog Gauge - Buick Regal/ Opel Insignia (2008-2017) Left Hand Drive, Red/ White;P3 Gauges,LAP3GRR5,P3 Analog Gauge - Buick Regal/ Opel Insignia (2008-2017) Left Hand Drive, Red/ White;P3 Gauges,LAP3GRR5,P3,Analog,Gauge,-,Buick,Regal,,,Opel,Insignia,(2008-2017),Left,Hand,Drive,,Red,,White;P3-Gauges-LAP3GRR5;8;4;3;0,312
P3 Gauges;P3 Gauges;289;167,62;35;7;RAP3GRR5;P3 Analog Gauge - Buick Regal/ Opel Insignia (2008-2017) Right Hand Drive, Red/ White;Home;P3 Analog Gauge - Buick Regal/ Opel Insignia (2008-2017) Right Hand Drive, Red/ White;P3 Gauges,RAP3GRR5,P3 Analog Gauge - Buick Regal/ Opel Insignia (2008-2017) Right Hand Drive, Red/ White;P3 Gauges,RAP3GRR5,P3,Analog,Gauge,-,Buick,Regal,,,Opel,Insignia,(2008-2017),Right,Hand,Drive,,Red,,,White;P3-Gauges-RAP3GRR5;8;4;3;0,312
P3 Gauges;P3 Gauges;289;167,62;35;7;LAP3FEX6;P3 Analog Gauge - Ford Explorer Gen6 Gauge (2020+) Left Hand Drive;Home;P3 Analog Gauge - Ford Explorer Gen6 Gauge (2020+) Left Hand Drive;P3 Gauges,LAP3FEX6,P3 Analog Gauge - Ford Explorer Gen6 Gauge (2020+) Left Hand Drive;P3 Gauges,LAP3FEX6,P3,Analog,Gauge,-,Ford,Explorer,Gen6,Gauge,(2020+),Left,Hand,Drive;P3-Gauges-LAP3FEX6;;;;
P3 Gauges;P3 Gauges;289;167,62;35;7;LAP3S8SR;P3 Analog Gauge -Subaru WRX/STI/Forester (2015-2021) Left Hand Drive, Red bars/ White digits;Home;P3 Analog Gauge -Subaru WRX/STI/Forester (2015-2021) Left Hand Drive, Red bars/ White digits;P3 Gauges,LAP3S8SR,P3 Analog Gauge -Subaru WRX/STI/Forester (2015-2021) Left Hand Drive, Red bars/ White digits;P3 Gauges,LAP3S8SR,P3,Analog,Gauge,-Subaru,WRX,STI,Forester,(2015-2021),Left,Hand,Drive,,Red,bars,,,White,digits;P3-Gauges-LAP3S8SR;8;4;3;0,312
P3 Gauges;P3 Gauges;289;167,62;35;7;RAP3S8SR;P3 Analog Gauge -Subaru WRX/STI/Forester (2015-2021) Right Hand Drive, Red bars/ White digits;Home;P3 Analog Gauge -Subaru WRX/STI/Forester (2015-2021) Right Hand Drive, Red bars/ White digits;P3 Gauges,RAP3S8SR,P3 Analog Gauge -Subaru WRX/STI/Forester (2015-2021) Right Hand Drive, Red bars/ White digits;P3 Gauges,RAP3S8SR,P3,Analog,Gauge,-Subaru,WRX,STI,Forester,(2015-2021),Right,Hand,Drive,,Red,bars,,,White,digits;P3-Gauges-RAP3S8SR;8;4;3;0,312
