Manufacturer;Supplier;Price EUR;Purchase USD;%;VAT;Reference;Name;Category;Meta title;Tags;Keywords;Rewrite;Length;Width;Height;Weight
P3 Gauges;P3 Gauges;389;225,62;35;7;L3P3VGR5;P3 V3 OBD2 - VW Mk5 Gauge (2007-2009) Left Hand Drive, R Models, Blue bars / White digits;Home;P3 V3 OBD2 - VW Mk5 Gauge (2007-2009) Left Hand Drive, R Models, Blue bars / White digits;P3 Gauges,L3P3VGR5,P3 V3 OBD2 - VW Mk5 Gauge (2007-2009) Left Hand Drive, R Models, Blue bars / White digits;P3 Gauges,L3P3VGR5,P3,V3,OBD2,VW,Mk5,Gauge,(2007-2009),Left,Hand,Drive,R,Models,Blue,bars,White,digits;P3-Gauges-L3P3VGR5;8;4;3;0,312
P3 Gauges;P3 Gauges;389;225,62;35;7;R3P3VGT5;P3 V3 OBD2 - VW Mk5 Gauge (2007-2009) Right Hand Drive, Golf/GTI/Jetta, Red bars / White digits;Home;P3 V3 OBD2 - VW Mk5 Gauge (2007-2009) Right Hand Drive, Golf/GTI/Jetta, Red bars / White digits;P3 Gauges,R3P3VGT5,P3 V3 OBD2 - VW Mk5 Gauge (2007-2009) Right Hand Drive, Golf/GTI/Jetta, Red bars / White digits;P3 Gauges,R3P3VGT5,P3,V3,OBD2,VW,Mk5,Gauge,(2007-2009),Right,Hand,Drive,Golf,GTI,Jetta,Red,bars,White,digits;P3-Gauges-R3P3VGT5;8;4;3;0,312
P3 Gauges;P3 Gauges;389;225,62;35;7;R3P3VGR5;P3 V3 OBD2 - VW Mk5 Gauge (2007-2009) Right Hand Drive, R Models, Blue bars / White digits;Home;P3 V3 OBD2 - VW Mk5 Gauge (2007-2009) Right Hand Drive, R Models, Blue bars / White digits;P3 Gauges,R3P3VGR5,P3 V3 OBD2 - VW Mk5 Gauge (2007-2009) Right Hand Drive, R Models, Blue bars / White digits;P3 Gauges,R3P3VGR5,P3,V3,OBD2,VW,Mk5,Gauge,(2007-2009),Right,Hand,Drive,R,Models,Blue,bars,White,digits;P3-Gauges-R3P3VGR5;8;4;3;0,312
P3 Gauges;P3 Gauges;389;225,62;35;7;L3P3VGR6;P3 V3 OBD2 - VW Mk6 Gauge (2009-2014) Left Hand Drive, R Models, Blue bars / White digits;Home;P3 V3 OBD2 - VW Mk6 Gauge (2009-2014) Left Hand Drive, R Models, Blue bars / White digits;P3 Gauges,L3P3VGR6,P3 V3 OBD2 - VW Mk6 Gauge (2009-2014) Left Hand Drive, R Models, Blue bars / White digits;P3 Gauges,L3P3VGR6,P3,V3,OBD2,VW,Mk6,Gauge,(2009-2014),Left,Hand,Drive,R,Models,Blue,bars,White,digits;P3-Gauges-L3P3VGR6;8;4;3;0,312
P3 Gauges;P3 Gauges;389;225,62;35;7;R3P3VGT6;P3 V3 OBD2 - VW Mk6 Gauge (2009-2014) Right Hand Drive, Golf/GTI/Jetta, Red bars / White digits;Home;P3 V3 OBD2 - VW Mk6 Gauge (2009-2014) Right Hand Drive, Golf/GTI/Jetta, Red bars / White digits;P3 Gauges,R3P3VGT6,P3 V3 OBD2 - VW Mk6 Gauge (2009-2014) Right Hand Drive, Golf/GTI/Jetta, Red bars / White digits;P3 Gauges,R3P3VGT6,P3,V3,OBD2,VW,Mk6,Gauge,(2009-2014),Right,Hand,Drive,Golf,GTI,Jetta,Red,bars,White,digits;P3-Gauges-R3P3VGT6;8;4;3;0,312
P3 Gauges;P3 Gauges;389;225,62;35;7;R3P3VGR6;P3 V3 OBD2 - VW Mk6 Gauge (2009-2014) Right Hand Drive, R Models, Blue bars / White digits;Home;P3 V3 OBD2 - VW Mk6 Gauge (2009-2014) Right Hand Drive, R Models, Blue bars / White digits;P3 Gauges,R3P3VGR6,P3 V3 OBD2 - VW Mk6 Gauge (2009-2014) Right Hand Drive, R Models, Blue bars / White digits;P3 Gauges,R3P3VGR6,P3,V3,OBD2,VW,Mk6,Gauge,(2009-2014),Right,Hand,Drive,R,Models,Blue,bars,White,digits;P3-Gauges-R3P3VGR6;8;4;3;0,312
P3 Gauges;P3 Gauges;389;225,62;35;7;R3P3VGT7;P3 V3 OBD2 - VW Mk7 / Mk7.5 Gauge (2014-2019) Right Hand Drive,Golf/GTI/Alltrack/TDI, Red bars / White digits;Home;P3 V3 OBD2 - VW Mk7 / Mk7.5 Gauge (2014-2019) Right Hand Drive,Golf/GTI/Alltrack/TDI, Red bars / White digits;P3 Gauges,R3P3VGT7,P3 V3 OBD2 - VW Mk7 / Mk7.5 Gauge (2014-2019) Right Hand Drive,Golf/GTI/Alltrack/TDI, Red bars / White digits;P3 Gauges,R3P3VGT7,P3,V3,OBD2,VW,Mk7,Mk7.5,Gauge,(2014-2019),Right,Hand,Drive,Golf,GTI,Alltrack,TDI,Red,bars,White,digits;P3-Gauges-R3P3VGT7;8;4;3;0,312
P3 Gauges;P3 Gauges;389;225,62;35;7;R3P3VGR7;P3 V3 OBD2 - VW Mk7 / Mk7.5 Gauge (2014-2019) Right Hand Drive, R Models, Blue bars / White digits;Home;P3 V3 OBD2 - VW Mk7 / Mk7.5 Gauge (2014-2019) Right Hand Drive, R Models, Blue bars / White digits;P3 Gauges,R3P3VGR7,P3 V3 OBD2 - VW Mk7 / Mk7.5 Gauge (2014-2019) Right Hand Drive, R Models, Blue bars / White digits;P3 Gauges,R3P3VGR7,P3,V3,OBD2,VW,Mk7,Mk7.5,Gauge,(2014-2019),Right,Hand,Drive,R,Models,Blue,bars,White,digits;P3-Gauges-R3P3VGR7;8;4;3;0,312
P3 Gauges;P3 Gauges;389;225,62;35;7;R3P3VGT8;P3 V3 OBD2 - VW Mk8 Gauge (2020+) Right Hand Drive,Golf/GTI/Alltrack/TDI, Red bars / White digits;Home;P3 V3 OBD2 - VW Mk8 Gauge (2020+) Right Hand Drive,Golf/GTI/Alltrack/TDI, Red bars / White digits;P3 Gauges,R3P3VGT8,P3 V3 OBD2 - VW Mk8 Gauge (2020+) Right Hand Drive,Golf/GTI/Alltrack/TDI, Red bars / White digits;P3 Gauges,R3P3VGT8,P3,V3,OBD2,VW,Mk8,Gauge,(2020+),Right,Hand,Drive,Golf,GTI,Alltrack,TDI,Red,bars,White,digits;P3-Gauges-R3P3VGT8;8;4;3;0,312
P3 Gauges;P3 Gauges;389;225,62;35;7;R3P3VGR8;P3 V3 OBD2 - VW Mk8 Gauge (2020+) Right Hand Drive, R Models, Blue bars / White digits;Home;P3 V3 OBD2 - VW Mk8 Gauge (2020+) Right Hand Drive, R Models, Blue bars / White digits;P3 Gauges,R3P3VGR8,P3 V3 OBD2 - VW Mk8 Gauge (2020+) Right Hand Drive, R Models, Blue bars / White digits;P3 Gauges,R3P3VGR8,P3,V3,OBD2,VW,Mk8,Gauge,(2020+),Right,Hand,Drive,R,Models,Blue,bars,White,digits;P3-Gauges-R3P3VGR8;8;4;3;0,312
P3 Gauges;P3 Gauges;389;225,62;35;7;L3P3VGJ6;P3 V3 OBD2 - VW Mk6 Jetta Gauge (2011-2018) Left Hand Drive;Home;P3 V3 OBD2 - VW Mk6 Jetta Gauge (2011-2018) Left Hand Drive;P3 Gauges,L3P3VGJ6,P3 V3 OBD2 - VW Mk6 Jetta Gauge (2011-2018) Left Hand Drive;P3 Gauges,L3P3VGJ6,P3,V3,OBD2,VW,Mk6,Jetta,Gauge,(2011-2018),Left,Hand,Drive;P3-Gauges-L3P3VGJ6;8;4;3;0,312
P3 Gauges;P3 Gauges;389;225,62;35;7;R3P3VGJ6;P3 V3 OBD2 - VW Mk6 Jetta Gauge (2011-2018) Right Hand Drive;Home;P3 V3 OBD2 - VW Mk6 Jetta Gauge (2011-2018) Right Hand Drive;P3 Gauges,R3P3VGJ6,P3 V3 OBD2 - VW Mk6 Jetta Gauge (2011-2018) Right Hand Drive;P3 Gauges,R3P3VGJ6,P3,V3,OBD2,VW,Mk6,Jetta,Gauge,(2011-2018),Right,Hand,Drive;P3-Gauges-R3P3VGJ6;8;4;3;0,312
P3 Gauges;P3 Gauges;389;225,62;35;7;L3P3VGJ7;P3 V3 OBD2 - VW Mk7 Jetta Gauge (2019+) Left Hand Drive;Home;P3 V3 OBD2 - VW Mk7 Jetta Gauge (2019+) Left Hand Drive;P3 Gauges,L3P3VGJ7,P3 V3 OBD2 - VW Mk7 Jetta Gauge (2019+) Left Hand Drive;P3 Gauges,L3P3VGJ7,P3,V3,OBD2,VW,Mk7,Jetta,Gauge,(2019+),Left,Hand,Drive;P3-Gauges-L3P3VGJ7;8;4;3;0,312
P3 Gauges;P3 Gauges;389;225,62;35;7;R3P3VGJ7;P3 V3 OBD2 - VW Mk7 Jetta Gauge (2019+) Right Hand Drive;Home;P3 V3 OBD2 - VW Mk7 Jetta Gauge (2019+) Right Hand Drive;P3 Gauges,R3P3VGJ7,P3 V3 OBD2 - VW Mk7 Jetta Gauge (2019+) Right Hand Drive;P3 Gauges,R3P3VGJ7,P3,V3,OBD2,VW,Mk7,Jetta,Gauge,(2019+),Right,Hand,Drive;P3-Gauges-R3P3VGJ7;8;4;3;0,312
P3 Gauges;P3 Gauges;389;225,62;35;7;R3P3VSE3;P3 V3 OBD2 - VW EOS / Scirocco Gauge (2007-2017) Right Hand Drive, Scirocco / EOS, Red bars / White digits;Home;P3 V3 OBD2 - VW EOS / Scirocco Gauge (2007-2017) Right Hand Drive, Scirocco / EOS, Red bars / White digits;P3 Gauges,R3P3VSE3,P3 V3 OBD2 - VW EOS / Scirocco Gauge (2007-2017) Right Hand Drive, Scirocco / EOS, Red bars / White digits;P3 Gauges,R3P3VSE3,P3,V3,OBD2,VW,EOS,Scirocco,Gauge,(2007-2017),Right,Hand,Drive,Scirocco,EOS,Red,bars,White,digits;P3-Gauges-R3P3VSE3;8;4;3;0,312
P3 Gauges;P3 Gauges;389;225,62;35;7;L3P3VSR3;P3 V3 OBD2 - VW EOS / Scirocco Gauge (2007-2017) Left Hand Drive, Scirocco R, Blue bars / White digits;Home;P3 V3 OBD2 - VW EOS / Scirocco Gauge (2007-2017) Left Hand Drive, Scirocco R, Blue bars / White digits;P3 Gauges,L3P3VSR3,P3 V3 OBD2 - VW EOS / Scirocco Gauge (2007-2017) Left Hand Drive, Scirocco R, Blue bars / White digits;P3 Gauges,L3P3VSR3,P3,V3,OBD2,VW,EOS,Scirocco,Gauge,(2007-2017),Left,Hand,Drive,Scirocco,R,Blue,bars,White,digits;P3-Gauges-L3P3VSR3;8;4;3;0,312
P3 Gauges;P3 Gauges;389;225,62;35;7;R3P3VSR3;P3 V3 OBD2 - VW EOS / Scirocco Gauge (2007-2017) Right Hand Drive, Scirocco R, Blue bars / White digits;Home;P3 V3 OBD2 - VW EOS / Scirocco Gauge (2007-2017) Right Hand Drive, Scirocco R, Blue bars / White digits;P3 Gauges,R3P3VSR3,P3 V3 OBD2 - VW EOS / Scirocco Gauge (2007-2017) Right Hand Drive, Scirocco R, Blue bars / White digits;P3 Gauges,R3P3VSR3,P3,V3,OBD2,VW,EOS,Scirocco,Gauge,(2007-2017),Right,Hand,Drive,Scirocco,R,Blue,bars,White,digits;P3-Gauges-R3P3VSR3;8;4;3;0,312
P3 Gauges;P3 Gauges;389;225,62;35;7;R3P3VNB2;P3 V3 OBD2 - VW Beetle A5 Gauge (2011-2019) Right Hand Drive;Home;P3 V3 OBD2 - VW Beetle A5 Gauge (2011-2019) Right Hand Drive;P3 Gauges,R3P3VNB2,P3 V3 OBD2 - VW Beetle A5 Gauge (2011-2019) Right Hand Drive;P3 Gauges,R3P3VNB2,P3,V3,OBD2,VW,Beetle,A5,Gauge,(2011-2019),Right,Hand,Drive;P3-Gauges-R3P3VNB2;8;4;3;0,312
P3 Gauges;P3 Gauges;389;225,62;35;7;R3P3VPSC;P3 V3 OBD2 - VW B6 Passat / CC Gauge (2007-2017) Right Hand Drive;Home;P3 V3 OBD2 - VW B6 Passat / CC Gauge (2007-2017) Right Hand Drive;P3 Gauges,R3P3VPSC,P3 V3 OBD2 - VW B6 Passat / CC Gauge (2007-2017) Right Hand Drive;P3 Gauges,R3P3VPSC,P3,V3,OBD2,VW,B6,Passat,CC,Gauge,(2007-2017),Right,Hand,Drive;P3-Gauges-R3P3VPSC;8;4;3;0,312
P3 Gauges;P3 Gauges;389;225,62;35;7;R3P3VPB7;P3 V3 OBD2 - VW Passat B7 Gauge (2010-2015) Right Hand Drive;Home;P3 V3 OBD2 - VW Passat B7 Gauge (2010-2015) Right Hand Drive;P3 Gauges,R3P3VPB7,P3 V3 OBD2 - VW Passat B7 Gauge (2010-2015) Right Hand Drive;P3 Gauges,R3P3VPB7,P3,V3,OBD2,VW,Passat,B7,Gauge,(2010-2015),Right,Hand,Drive;P3-Gauges-R3P3VPB7;8;4;3;0,312
P3 Gauges;P3 Gauges;389;225,62;35;7;R3P3VPB8;P3 V3 OBD2 - VW Passat B8 Gauge (2015-2018) Right Hand Drive;Home;P3 V3 OBD2 - VW Passat B8 Gauge (2015-2018) Right Hand Drive;P3 Gauges,R3P3VPB8,P3 V3 OBD2 - VW Passat B8 Gauge (2015-2018) Right Hand Drive;P3 Gauges,R3P3VPB8,P3,V3,OBD2,VW,Passat,B8,Gauge,(2015-2018),Right,Hand,Drive;P3-Gauges-R3P3VPB8;8;4;3;0,312
P3 Gauges;P3 Gauges;389;225,62;35;7;R3P3VTIG;P3 V3 OBD2 - VW Tiguan Gauge (2007-2015) Right Hand Drive;Home;P3 V3 OBD2 - VW Tiguan Gauge (2007-2015) Right Hand Drive;P3 Gauges,R3P3VTIG,P3 V3 OBD2 - VW Tiguan Gauge (2007-2015) Right Hand Drive;P3 Gauges,R3P3VTIG,P3,V3,OBD2,VW,Tiguan,Gauge,(2007-2015),Right,Hand,Drive;P3-Gauges-R3P3VTIG;8;4;3;0,312
P3 Gauges;P3 Gauges;389;225,62;35;7;L3P3V2IG;P3 V3 OBD2 - VW Tiguan Gauge (2017+) Left Hand Drive;Home;P3 V3 OBD2 - VW Tiguan Gauge (2017+) Left Hand Drive;P3 Gauges,L3P3V2IG,P3 V3 OBD2 - VW Tiguan Gauge (2017+) Left Hand Drive;P3 Gauges,L3P3V2IG,P3,V3,OBD2,VW,Tiguan,Gauge,(2017+),Left,Hand,Drive;P3-Gauges-L3P3V2IG;8;4;3;0,312
P3 Gauges;P3 Gauges;389;225,62;35;7;R3P3V2IG;P3 V3 OBD2 - VW Tiguan Gauge (2017+) Right Hand Drive;Home;P3 V3 OBD2 - VW Tiguan Gauge (2017+) Right Hand Drive;P3 Gauges,R3P3V2IG,P3 V3 OBD2 - VW Tiguan Gauge (2017+) Right Hand Drive;P3 Gauges,R3P3V2IG,P3,V3,OBD2,VW,Tiguan,Gauge,(2017+),Right,Hand,Drive;P3-Gauges-R3P3V2IG;8;4;3;0,312
P3 Gauges;P3 Gauges;389;225,62;35;7;L3P3VTOG;P3 V3 OBD2 - VW Touareg Gauge (2010-2017) Left Hand Drive;Home;P3 V3 OBD2 - VW Touareg Gauge (2010-2017) Left Hand Drive;P3 Gauges,L3P3VTOG,P3 V3 OBD2 - VW Touareg Gauge (2010-2017) Left Hand Drive;P3 Gauges,L3P3VTOG,P3,V3,OBD2,VW,Touareg,Gauge,(2010-2017),Left,Hand,Drive;P3-Gauges-L3P3VTOG;;;;
P3 Gauges;P3 Gauges;389;225,62;35;7;R3P3VTOG;P3 V3 OBD2 - VW Touareg Gauge (2010-2017) Right Hand Drive;Home;P3 V3 OBD2 - VW Touareg Gauge (2010-2017) Right Hand Drive;P3 Gauges,R3P3VTOG,P3 V3 OBD2 - VW Touareg Gauge (2010-2017) Right Hand Drive;P3 Gauges,R3P3VTOG,P3,V3,OBD2,VW,Touareg,Gauge,(2010-2017),Right,Hand,Drive;P3-Gauges-R3P3VTOG;;;;
P3 Gauges;P3 Gauges;389;225,62;35;7;R3P3VPO5;P3 V3 OBD2 - VW Mk5 Polo Gauge (2009-2018) Right Hand Drive, Polo/GTI/TDI, Red bars / White digits;Home;P3 V3 OBD2 - VW Mk5 Polo Gauge (2009-2018) Right Hand Drive, Polo/GTI/TDI, Red bars / White digits;P3 Gauges,R3P3VPO5,P3 V3 OBD2 - VW Mk5 Polo Gauge (2009-2018) Right Hand Drive, Polo/GTI/TDI, Red bars / White digits;P3 Gauges,R3P3VPO5,P3,V3,OBD2,VW,Mk5,Polo,Gauge,(2009-2018),Right,Hand,Drive,Polo,GTI,TDI,Red,bars,White,digits;P3-Gauges-R3P3VPO5;8;4;3;0,312
P3 Gauges;P3 Gauges;389;225,62;35;7;L3P3VPR5;P3 V3 OBD2 - VW Mk5 Polo Gauge (2009-2018) Left Hand Drive, R Models, Blue bars / White digits;Home;P3 V3 OBD2 - VW Mk5 Polo Gauge (2009-2018) Left Hand Drive, R Models, Blue bars / White digits;P3 Gauges,L3P3VPR5,P3 V3 OBD2 - VW Mk5 Polo Gauge (2009-2018) Left Hand Drive, R Models, Blue bars / White digits;P3 Gauges,L3P3VPR5,P3,V3,OBD2,VW,Mk5,Polo,Gauge,(2009-2018),Left,Hand,Drive,R,Models,Blue,bars,White,digits;P3-Gauges-L3P3VPR5;8;4;3;0,312
P3 Gauges;P3 Gauges;389;225,62;35;7;R3P3VPR5;P3 V3 OBD2 - VW Mk5 Polo Gauge (2009-2018) Right Hand Drive, R Models, Blue bars / White digits;Home;P3 V3 OBD2 - VW Mk5 Polo Gauge (2009-2018) Right Hand Drive, R Models, Blue bars / White digits;P3 Gauges,R3P3VPR5,P3 V3 OBD2 - VW Mk5 Polo Gauge (2009-2018) Right Hand Drive, R Models, Blue bars / White digits;P3 Gauges,R3P3VPR5,P3,V3,OBD2,VW,Mk5,Polo,Gauge,(2009-2018),Right,Hand,Drive,R,Models,Blue,bars,White,digits;P3-Gauges-R3P3VPR5;8;4;3;0,312
P3 Gauges;P3 Gauges;389;225,62;35;7;R3P3AB7X;P3 V3 OBD2 - Audi B7 Gauge (2006-2008) Right Hand Drive;Home;P3 V3 OBD2 - Audi B7 Gauge (2006-2008) Right Hand Drive;P3 Gauges,R3P3AB7X,P3 V3 OBD2 - Audi B7 Gauge (2006-2008) Right Hand Drive;P3 Gauges,R3P3AB7X,P3,V3,OBD2,Audi,B7,Gauge,(2006-2008),Right,Hand,Drive;P3-Gauges-R3P3AB7X;8;4;3;0,312
P3 Gauges;P3 Gauges;389;225,62;35;7;R3P3AB8X;P3 V3 OBD2 - Audi B8 Gauge (2008-2016) Right Hand Drive;Home;P3 V3 OBD2 - Audi B8 Gauge (2008-2016) Right Hand Drive;P3 Gauges,R3P3AB8X,P3 V3 OBD2 - Audi B8 Gauge (2008-2016) Right Hand Drive;P3 Gauges,R3P3AB8X,P3,V3,OBD2,Audi,B8,Gauge,(2008-2016),Right,Hand,Drive;P3-Gauges-R3P3AB8X;8;4;3;0,312
P3 Gauges;P3 Gauges;389;225,62;35;7;R3P3AB9X;P3 V3 OBD2 - Audi B9 Gauge (2016-2019) Right Hand Drive;Home;P3 V3 OBD2 - Audi B9 Gauge (2016-2019) Right Hand Drive;P3 Gauges,R3P3AB9X,P3 V3 OBD2 - Audi B9 Gauge (2016-2019) Right Hand Drive;P3 Gauges,R3P3AB9X,P3,V3,OBD2,Audi,B9,Gauge,(2016-2019),Right,Hand,Drive;P3-Gauges-R3P3AB9X;8;4;3;0,312
P3 Gauges;P3 Gauges;399;231,42;35;7;U3P3AS1X;P3 V3 OBD2 - Audi 8X Gauge (2010-2018) Universal;Home;P3 V3 OBD2 - Audi 8X Gauge (2010-2018) Universal;P3 Gauges,U3P3AS1X,P3 V3 OBD2 - Audi 8X Gauge (2010-2018) Universal;P3 Gauges,U3P3AS1X,P3,V3,OBD2,Audi,8X,Gauge,(2010-2018),Universal;P3-Gauges-U3P3AS1X;8;4;3;0,312
P3 Gauges;P3 Gauges;399;231,42;35;7;R3P3A8SX;P3 V3 OBD2 - Audi 8S Gauge (2014+) Right Hand Drive;Home;P3 V3 OBD2 - Audi 8S Gauge (2014+) Right Hand Drive;P3 Gauges,R3P3A8SX,P3 V3 OBD2 - Audi 8S Gauge (2014+) Right Hand Drive;P3 Gauges,R3P3A8SX,P3,V3,OBD2,Audi,8S,Gauge,(2014+),Right,Hand,Drive;P3-Gauges-R3P3A8SX;8;4;3;0,312
P3 Gauges;P3 Gauges;489;283,62;35;7;R3P3AR8X;P3 V3 OBD2 - Audi R8 Mk1 Gauge (2006-2015) Right Hand Drive;Home;P3 V3 OBD2 - Audi R8 Mk1 Gauge (2006-2015) Right Hand Drive;P3 Gauges,R3P3AR8X,P3 V3 OBD2 - Audi R8 Mk1 Gauge (2006-2015) Right Hand Drive;P3 Gauges,R3P3AR8X,P3,V3,OBD2,Audi,R8,Mk1,Gauge,(2006-2015),Right,Hand,Drive;P3-Gauges-R3P3AR8X;8;4;3;0,312
P3 Gauges;P3 Gauges;389;225,62;35;7;R3P3AC6X;P3 V3 OBD2 - Audi C6 Gauge (2007-2011) Right Hand Drive;Home;P3 V3 OBD2 - Audi C6 Gauge (2007-2011) Right Hand Drive;P3 Gauges,R3P3AC6X,P3 V3 OBD2 - Audi C6 Gauge (2007-2011) Right Hand Drive;P3 Gauges,R3P3AC6X,P3,V3,OBD2,Audi,C6,Gauge,(2007-2011),Right,Hand,Drive;P3-Gauges-R3P3AC6X;8;4;3;0,312
P3 Gauges;P3 Gauges;389;225,62;35;7;R3P3AC7X;P3 V3 OBD2 - Audi C7 Gauge (2011-2018) Right Hand Drive;Home;P3 V3 OBD2 - Audi C7 Gauge (2011-2018) Right Hand Drive;P3 Gauges,R3P3AC7X,P3 V3 OBD2 - Audi C7 Gauge (2011-2018) Right Hand Drive;P3 Gauges,R3P3AC7X,P3,V3,OBD2,Audi,C7,Gauge,(2011-2018),Right,Hand,Drive;P3-Gauges-R3P3AC7X;8;4;3;0,312
P3 Gauges;P3 Gauges;389;225,62;35;7;R3P3AQ5X;P3 V3 OBD2 - Audi Q5 Gauge (2008-2017) Right Hand Drive;Home;P3 V3 OBD2 - Audi Q5 Gauge (2008-2017) Right Hand Drive;P3 Gauges,R3P3AQ5X,P3 V3 OBD2 - Audi Q5 Gauge (2008-2017) Right Hand Drive;P3 Gauges,R3P3AQ5X,P3,V3,OBD2,Audi,Q5,Gauge,(2008-2017),Right,Hand,Drive;P3-Gauges-R3P3AQ5X;8;4;3;0,312
P3 Gauges;P3 Gauges;389;225,62;35;7;R3P3AQ52;P3 V3 OBD2 - Audi Q5 Gauge (2018+) Right Hand Drive;Home;P3 V3 OBD2 - Audi Q5 Gauge (2018+) Right Hand Drive;P3 Gauges,R3P3AQ52,P3 V3 OBD2 - Audi Q5 Gauge (2018+) Right Hand Drive;P3 Gauges,R3P3AQ52,P3,V3,OBD2,Audi,Q5,Gauge,(2018+),Right,Hand,Drive;P3-Gauges-R3P3AQ52;8;4;3;0,312
P3 Gauges;P3 Gauges;389;225,62;35;7;R3P3AQ7X;P3 V3 OBD2 - Audi Q7 Gauge (2006-2016) Right Hand Drive;Home;P3 V3 OBD2 - Audi Q7 Gauge (2006-2016) Right Hand Drive;P3 Gauges,R3P3AQ7X,P3 V3 OBD2 - Audi Q7 Gauge (2006-2016) Right Hand Drive;P3 Gauges,R3P3AQ7X,P3,V3,OBD2,Audi,Q7,Gauge,(2006-2016),Right,Hand,Drive;P3-Gauges-R3P3AQ7X;8;4;3;0,312
P3 Gauges;P3 Gauges;389;225,62;35;7;R3P3BE63;P3 V3 OBD2 -BMW E63/E64 Gauge (2008-2010) Right Hand Drive;Home;P3 V3 OBD2 -BMW E63/E64 Gauge (2008-2010) Right Hand Drive;P3 Gauges,R3P3BE63,P3 V3 OBD2 -BMW E63/E64 Gauge (2008-2010) Right Hand Drive;P3 Gauges,R3P3BE63,P3,V3,OBD2,-BMW,E63,E64,Gauge,(2008-2010),Right,Hand,Drive;P3-Gauges-R3P3BE63;8;4;3;0,312
P3 Gauges;P3 Gauges;389;225,62;35;7;R3P3BE71;P3 V3 OBD2 - BMW E70 - E71 Gauge (2008-2013) Right Hand Drive;Home;P3 V3 OBD2 - BMW E70 - E71 Gauge (2008-2013) Right Hand Drive;P3 Gauges,R3P3BE71,P3 V3 OBD2 - BMW E70 - E71 Gauge (2008-2013) Right Hand Drive;P3 Gauges,R3P3BE71,P3,V3,OBD2,BMW,E70,E71,Gauge,(2008-2013),Right,Hand,Drive;P3-Gauges-R3P3BE71;8;4;3;0,312
P3 Gauges;P3 Gauges;389;225,62;35;7;R3P3BE8X;P3 V3 OBD2 - BMW E8X Gauge (2008-2011) Right Hand Drive;Home;P3 V3 OBD2 - BMW E8X Gauge (2008-2011) Right Hand Drive;P3 Gauges,R3P3BE8X,P3 V3 OBD2 - BMW E8X Gauge (2008-2011) Right Hand Drive;P3 Gauges,R3P3BE8X,P3,V3,OBD2,BMW,E8X,Gauge,(2008-2011),Right,Hand,Drive;P3-Gauges-R3P3BE8X;8;4;3;0,312
P3 Gauges;P3 Gauges;389;225,62;35;7;R3P3BE89;P3 V3 OBD2 - BMW E89 Gauge (2009-2016) Right Hand Drive;Home;P3 V3 OBD2 - BMW E89 Gauge (2009-2016) Right Hand Drive;P3 Gauges,R3P3BE89,P3 V3 OBD2 - BMW E89 Gauge (2009-2016) Right Hand Drive;P3 Gauges,R3P3BE89,P3,V3,OBD2,BMW,E89,Gauge,(2009-2016),Right,Hand,Drive;P3-Gauges-R3P3BE89;8;4;3;0,312
P3 Gauges;P3 Gauges;389;225,62;35;7;R3P3BE9X;P3 V3 OBD2 - BMW E9X Gauge (2008-2013) Right Hand Drive;Home;P3 V3 OBD2 - BMW E9X Gauge (2008-2013) Right Hand Drive;P3 Gauges,R3P3BE9X,P3 V3 OBD2 - BMW E9X Gauge (2008-2013) Right Hand Drive;P3 Gauges,R3P3BE9X,P3,V3,OBD2,BMW,E9X,Gauge,(2008-2013),Right,Hand,Drive;P3-Gauges-R3P3BE9X;8;4;3;0,312
P3 Gauges;P3 Gauges;389;225,62;35;7;R3P3BF1X;P3 V3 OBD2 - BMW F1X Gauge (2010-2017) Right Hand Drive, Orange bars / Orange digits;Home;P3 V3 OBD2 - BMW F1X Gauge (2010-2017) Right Hand Drive, Orange bars / Orange digits;P3 Gauges,R3P3BF1X,P3 V3 OBD2 - BMW F1X Gauge (2010-2017) Right Hand Drive, Orange bars / Orange digits;P3 Gauges,R3P3BF1X,P3,V3,OBD2,BMW,F1X,Gauge,(2010-2017),Right,Hand,Drive,Orange,bars,Orange,digits;P3-Gauges-R3P3BF1X;8;4;3;0,312
P3 Gauges;P3 Gauges;389;225,62;35;7;R3P3BFM6;P3 V3 OBD2 - BMW F12 Gauge (2011-2018) Right Hand Drive, Orange bars / Orange digits;Home;P3 V3 OBD2 - BMW F12 Gauge (2011-2018) Right Hand Drive, Orange bars / Orange digits;P3 Gauges,R3P3BFM6,P3 V3 OBD2 - BMW F12 Gauge (2011-2018) Right Hand Drive, Orange bars / Orange digits;P3 Gauges,R3P3BFM6,P3,V3,OBD2,BMW,F12,Gauge,(2011-2018),Right,Hand,Drive,Orange,bars,Orange,digits;P3-Gauges-R3P3BFM6;8;4;3;0,312
P3 Gauges;P3 Gauges;389;225,62;35;7;R3P3BF2X;P3 V3 OBD2 - BMW F2X / F87 Gauge (2011-2019) Right Hand Drive, Orange bars / Orange digits;Home;P3 V3 OBD2 - BMW F2X / F87 Gauge (2011-2019) Right Hand Drive, Orange bars / Orange digits;P3 Gauges,R3P3BF2X,P3 V3 OBD2 - BMW F2X / F87 Gauge (2011-2019) Right Hand Drive, Orange bars / Orange digits;P3 Gauges,R3P3BF2X,P3,V3,OBD2,BMW,F2X,F87,Gauge,(2011-2019),Right,Hand,Drive,Orange,bars,Orange,digits;P3-Gauges-R3P3BF2X;8;4;3;0,312
P3 Gauges;P3 Gauges;389;225,62;35;7;R3P3BF3X;P3 V3 OBD2 - BMW F3X / F8X Gauge (2011-2019) Right Hand Drive, Orange bars / Orange digits;Home;P3 V3 OBD2 - BMW F3X / F8X Gauge (2011-2019) Right Hand Drive, Orange bars / Orange digits;P3 Gauges,R3P3BF3X,P3 V3 OBD2 - BMW F3X / F8X Gauge (2011-2019) Right Hand Drive, Orange bars / Orange digits;P3 Gauges,R3P3BF3X,P3,V3,OBD2,BMW,F3X,F8X,Gauge,(2011-2019),Right,Hand,Drive,Orange,bars,Orange,digits;P3-Gauges-R3P3BF3X;8;4;3;0,312
P3 Gauges;P3 Gauges;389;225,62;35;7;L3P3BG42;P3 V3 OBD2 - BMW G42 Gauge (2019+) Left Hand Drive;Home;P3 V3 OBD2 - BMW G42 Gauge (2019+) Left Hand Drive;P3 Gauges,L3P3BG42,P3 V3 OBD2 - BMW G42 Gauge (2019+) Left Hand Drive;P3 Gauges,L3P3BG42,P3,V3,OBD2,BMW,G42,Gauge,(2019+),Left,Hand,Drive;P3-Gauges-L3P3BG42;8;4;3;0,312
P3 Gauges;P3 Gauges;389;225,62;35;7;R3P3BG42;P3 V3 OBD2 - BMW G42 Gauge (2019+) Right Hand Drive;Home;P3 V3 OBD2 - BMW G42 Gauge (2019+) Right Hand Drive;P3 Gauges,R3P3BG42,P3 V3 OBD2 - BMW G42 Gauge (2019+) Right Hand Drive;P3 Gauges,R3P3BG42,P3,V3,OBD2,BMW,G42,Gauge,(2019+),Right,Hand,Drive;P3-Gauges-R3P3BG42;8;4;3;0,312
P3 Gauges;P3 Gauges;389;225,62;35;7;R3P3BG2X;P3 V3 OBD2 - BMW G2X / G8X Gauge (2019+) Right Hand Drive;Home;P3 V3 OBD2 - BMW G2X / G8X Gauge (2019+) Right Hand Drive;P3 Gauges,R3P3BG2X,P3 V3 OBD2 - BMW G2X / G8X Gauge (2019+) Right Hand Drive;P3 Gauges,R3P3BG2X,P3,V3,OBD2,BMW,G2X,G8X,Gauge,(2019+),Right,Hand,Drive;P3-Gauges-R3P3BG2X;8;4;3;0,312
P3 Gauges;P3 Gauges;389;225,62;35;7;R3P3BG3X;P3 V3 OBD2 - BMW G3X / F9X Gauge (2019+) Right Hand Drive;Home;P3 V3 OBD2 - BMW G3X / F9X Gauge (2019+) Right Hand Drive;P3 Gauges,R3P3BG3X,P3 V3 OBD2 - BMW G3X / F9X Gauge (2019+) Right Hand Drive;P3 Gauges,R3P3BG3X,P3,V3,OBD2,BMW,G3X,F9X,Gauge,(2019+),Right,Hand,Drive;P3-Gauges-R3P3BG3X;8;4;3;0,312
P3 Gauges;P3 Gauges;389;225,62;35;7;L3P3BF97;P3 V3 OBD2 - BMW G01/G02/F97 X3/X4 Gauge (2017+) Left Hand Drive, Orange bars / White Digits;Home;P3 V3 OBD2 - BMW G01/G02/F97 X3/X4 Gauge (2017+) Left Hand Drive, Orange bars / White Digits;P3 Gauges,L3P3BF97,P3 V3 OBD2 - BMW G01/G02/F97 X3/X4 Gauge (2017+) Left Hand Drive, Orange bars / White Digits;P3 Gauges,L3P3BF97,P3,V3,OBD2,BMW,G01,G02,F97,X3,X4,Gauge,(2017+),Left,Hand,Drive,Orange,bars,White,Digits;P3-Gauges-L3P3BF97;8;4;3;0,312
P3 Gauges;P3 Gauges;389;225,62;35;7;R3P3BF97;P3 V3 OBD2 - BMW G01/G02/F97 X3/X4 Gauge (2017+) Right Hand Drive, Orange bars / White Digits;Home;P3 V3 OBD2 - BMW G01/G02/F97 X3/X4 Gauge (2017+) Right Hand Drive, Orange bars / White Digits;P3 Gauges,R3P3BF97,P3 V3 OBD2 - BMW G01/G02/F97 X3/X4 Gauge (2017+) Right Hand Drive, Orange bars / White Digits;P3 Gauges,R3P3BF97,P3,V3,OBD2,BMW,G01,G02,F97,X3,X4,Gauge,(2017+),Right,Hand,Drive,Orange,bars,White,Digits;P3-Gauges-R3P3BF97;8;4;3;0,312
P3 Gauges;P3 Gauges;389;225,62;35;7;L3P3BF9R;P3 V3 OBD2 - BMW G01/G02/F97 X3/X4 Gauge (2017+) Left Hand Drive, Red bars / White Digits;Home;P3 V3 OBD2 - BMW G01/G02/F97 X3/X4 Gauge (2017+) Left Hand Drive, Red bars / White Digits;P3 Gauges,L3P3BF9R,P3 V3 OBD2 - BMW G01/G02/F97 X3/X4 Gauge (2017+) Left Hand Drive, Red bars / White Digits;P3 Gauges,L3P3BF9R,P3,V3,OBD2,BMW,G01,G02,F97,X3,X4,Gauge,(2017+),Left,Hand,Drive,Red,bars,White,Digits;P3-Gauges-L3P3BF9R;8;4;3;0,312
P3 Gauges;P3 Gauges;389;225,62;35;7;R3P3BF9R;P3 V3 OBD2 - BMW G01/G02/F97 X3/X4 Gauge (2017+) Right Hand Drive, Red bars / White Digits;Home;P3 V3 OBD2 - BMW G01/G02/F97 X3/X4 Gauge (2017+) Right Hand Drive, Red bars / White Digits;P3 Gauges,R3P3BF9R,P3 V3 OBD2 - BMW G01/G02/F97 X3/X4 Gauge (2017+) Right Hand Drive, Red bars / White Digits;P3 Gauges,R3P3BF9R,P3,V3,OBD2,BMW,G01,G02,F97,X3,X4,Gauge,(2017+),Right,Hand,Drive,Red,bars,White,Digits;P3-Gauges-R3P3BF9R;8;4;3;0,312
P3 Gauges;P3 Gauges;399;231,42;35;7;R3P3M58X;P3 V3 OBD2 - MINI R55-R59 Clubman Gauge (2007-2014) Right Hand Drive;Home;P3 V3 OBD2 - MINI R55-R59 Clubman Gauge (2007-2014) Right Hand Drive;P3 Gauges,R3P3M58X,P3 V3 OBD2 - MINI R55-R59 Clubman Gauge (2007-2014) Right Hand Drive;P3 Gauges,R3P3M58X,P3,V3,OBD2,MINI,R55-R59,Clubman,Gauge,(2007-2014),Right,Hand,Drive;P3-Gauges-R3P3M58X;8;4;3;0,34
P3 Gauges;P3 Gauges;389;225,62;35;7;R3P3MF56;P3 V3 OBD2 - MINI F56 (2015-2019) Right Hand Drive;Home;P3 V3 OBD2 - MINI F56 (2015-2019) Right Hand Drive;P3 Gauges,R3P3MF56,P3 V3 OBD2 - MINI F56 (2015-2019) Right Hand Drive;P3 Gauges,R3P3MF56,P3,V3,OBD2,MINI,F56,(2015-2019),Right,Hand,Drive;P3-Gauges-R3P3MF56;8;4;3;0,312
P3 Gauges;P3 Gauges;389;225,62;35;7;R3P3MIEX;P3 V3 OBD2 - Mitsubishi EVO X (2008-2015) Right Hand Drive;Home;P3 V3 OBD2 - Mitsubishi EVO X (2008-2015) Right Hand Drive;P3 Gauges,R3P3MIEX,P3 V3 OBD2 - Mitsubishi EVO X (2008-2015) Right Hand Drive;P3 Gauges,R3P3MIEX,P3,V3,OBD2,Mitsubishi,EVO,X,(2008-2015),Right,Hand,Drive;P3-Gauges-R3P3MIEX;8;4;3;0,312
P3 Gauges;P3 Gauges;389;225,62;35;7;R3P3HC10;P3 V3 OBD2 - Honda Civic 10th Gen (2016-2021) Right Hand Drive;Home;P3 V3 OBD2 - Honda Civic 10th Gen (2016-2021) Right Hand Drive;P3 Gauges,R3P3HC10,P3 V3 OBD2 - Honda Civic 10th Gen (2016-2021) Right Hand Drive;P3 Gauges,R3P3HC10,P3,V3,OBD2,Honda,Civic,10th,Gen,(2016-2021),Right,Hand,Drive;P3-Gauges-R3P3HC10;8;4;3;0,312
P3 Gauges;P3 Gauges;389;225,62;35;7;L3P3HA10;P3 V3 OBD2 - Honda Accord 10th Gen (2016-2021) Left Hand Drive;Home;P3 V3 OBD2 - Honda Accord 10th Gen (2016-2021) Left Hand Drive;P3 Gauges,L3P3HA10,P3 V3 OBD2 - Honda Accord 10th Gen (2016-2021) Left Hand Drive;P3 Gauges,L3P3HA10,P3,V3,OBD2,Honda,Accord,10th,Gen,(2016-2021),Left,Hand,Drive;P3-Gauges-L3P3HA10;8;4;3;0,312
P3 Gauges;P3 Gauges;389;225,62;35;7;R3P3HA10;P3 V3 OBD2 - Honda Accord 10th Gen (2016-2021) Right Hand Drive;Home;P3 V3 OBD2 - Honda Accord 10th Gen (2016-2021) Right Hand Drive;P3 Gauges,R3P3HA10,P3 V3 OBD2 - Honda Accord 10th Gen (2016-2021) Right Hand Drive;P3 Gauges,R3P3HA10,P3,V3,OBD2,Honda,Accord,10th,Gen,(2016-2021),Right,Hand,Drive;P3-Gauges-R3P3HA10;8;4;3;0,312
P3 Gauges;P3 Gauges;389;225,62;35;7;L3P3HYV2;P3 V3 OBD2 - Hyundai Veloster Gen 2 (2020+) Left Hand Drive;Home;P3 V3 OBD2 - Hyundai Veloster Gen 2 (2020+) Left Hand Drive;P3 Gauges,L3P3HYV2,P3 V3 OBD2 - Hyundai Veloster Gen 2 (2020+) Left Hand Drive;P3 Gauges,L3P3HYV2,P3,V3,OBD2,Hyundai,Veloster,Gen,2,(2020+),Left,Hand,Drive;P3-Gauges-L3P3HYV2;8;4;3;0,312
P3 Gauges;P3 Gauges;389;225,62;35;7;R3P3HYV2;P3 V3 OBD2 - Hyundai Veloster Gen 2 (2020+) Right Hand Drive;Home;P3 V3 OBD2 - Hyundai Veloster Gen 2 (2020+) Right Hand Drive;P3 Gauges,R3P3HYV2,P3 V3 OBD2 - Hyundai Veloster Gen 2 (2020+) Right Hand Drive;P3 Gauges,R3P3HYV2,P3,V3,OBD2,Hyundai,Veloster,Gen,2,(2020+),Right,Hand,Drive;P3-Gauges-R3P3HYV2;8;4;3;0,312
P3 Gauges;P3 Gauges;489;283,62;35;7;U3P3ZA25;P3 V3 OBD2 - Mercedes A / CLA / GLA Class Gauge (2013-2019) Universal, All units include OEM Vent (trim ring transfers from customer's vent);Home;P3 V3 OBD2 - Mercedes A / CLA / GLA Class Gauge (2013-2019) Universal, All units include OEM Vent (trim ring transfers from customer's vent);P3 Gauges,U3P3ZA25,P3 V3 OBD2 - Mercedes A / CLA / GLA Class Gauge (2013-2019) Universal, All units include OEM Vent (trim ring transfers from customer's vent);P3 Gauges,U3P3ZA25,P3,V3,OBD2,Mercedes,A,CLA,GLA,Class,Gauge,(2013-2019),Universal,All,units,include,OEM,Vent,(trim,ring,transfers,from,customer's,vent);P3-Gauges-U3P3ZA25;8;4;4;0,51
P3 Gauges;P3 Gauges;389;225,62;35;7;U3P3CCM5;P3 V3 OBD2 - Chevrolet Camaro Gen5 Gauge (2010-2015) Universal;Home;P3 V3 OBD2 - Chevrolet Camaro Gen5 Gauge (2010-2015) Universal;P3 Gauges,U3P3CCM5,P3 V3 OBD2 - Chevrolet Camaro Gen5 Gauge (2010-2015) Universal;P3 Gauges,U3P3CCM5,P3,V3,OBD2,Chevrolet,Camaro,Gen5,Gauge,(2010-2015),Universal;P3-Gauges-U3P3CCM5;8;4;3;0,312
P3 Gauges;P3 Gauges;399;231,42;35;7;U3P3CCM6;P3 V3 OBD2 - Chevrolet Camaro Gen6 Gauge (2016+) Universal;Home;P3 V3 OBD2 - Chevrolet Camaro Gen6 Gauge (2016+) Universal;P3 Gauges,U3P3CCM6,P3 V3 OBD2 - Chevrolet Camaro Gen6 Gauge (2016+) Universal;P3 Gauges,U3P3CCM6,P3,V3,OBD2,Chevrolet,Camaro,Gen6,Gauge,(2016+),Universal;P3-Gauges-U3P3CCM6;8;4;3;0,454
P3 Gauges;P3 Gauges;389;225,62;35;7;L3P3CV6X;P3 V3 OBD2 - Chevrolet Corvette C6 Gauge (2005-2013) Left Hand Drive;Home;P3 V3 OBD2 - Chevrolet Corvette C6 Gauge (2005-2013) Left Hand Drive;P3 Gauges,L3P3CV6X,P3 V3 OBD2 - Chevrolet Corvette C6 Gauge (2005-2013) Left Hand Drive;P3 Gauges,L3P3CV6X,P3,V3,OBD2,Chevrolet,Corvette,C6,Gauge,(2005-2013),Left,Hand,Drive;P3-Gauges-L3P3CV6X;8;4;3;0,312
P3 Gauges;P3 Gauges;389;225,62;35;7;L3P3CV7X;P3 V3 OBD2 - Chevrolet Corvette C7 Gauge (2014-2019) Left Hand Drive;Home;P3 V3 OBD2 - Chevrolet Corvette C7 Gauge (2014-2019) Left Hand Drive;P3 Gauges,L3P3CV7X,P3 V3 OBD2 - Chevrolet Corvette C7 Gauge (2014-2019) Left Hand Drive;P3 Gauges,L3P3CV7X,P3,V3,OBD2,Chevrolet,Corvette,C7,Gauge,(2014-2019),Left,Hand,Drive;P3-Gauges-L3P3CV7X;8;4;3;0,312
P3 Gauges;P3 Gauges;389;225,62;35;7;L3P3CS13;P3 V3 OBD2 - Chevrolet Silverado Gauge Type 1 (2007.5-2014) Left Hand Drive;Home;P3 V3 OBD2 - Chevrolet Silverado Gauge Type 1 (2007.5-2014) Left Hand Drive;P3 Gauges,L3P3CS13,P3 V3 OBD2 - Chevrolet Silverado Gauge Type 1 (2007.5-2014) Left Hand Drive;P3 Gauges,L3P3CS13,P3,V3,OBD2,Chevrolet,Silverado,Gauge,Type,1,(2007.5-2014),Left,Hand,Drive;P3-Gauges-L3P3CS13;8;4;3;0,312
P3 Gauges;P3 Gauges;389;225,62;35;7;L3P3CTA2;P3 V3 OBD2 - Chevrolet Silverado Gauge Type 2 (2007.5-2014) Left Hand Drive;Home;P3 V3 OBD2 - Chevrolet Silverado Gauge Type 2 (2007.5-2014) Left Hand Drive;P3 Gauges,L3P3CTA2,P3 V3 OBD2 - Chevrolet Silverado Gauge Type 2 (2007.5-2014) Left Hand Drive;P3 Gauges,L3P3CTA2,P3,V3,OBD2,Chevrolet,Silverado,Gauge,Type,2,(2007.5-2014),Left,Hand,Drive;P3-Gauges-L3P3CTA2;8;4;3;0,312
P3 Gauges;P3 Gauges;389;225,62;35;7;L3P3CS4X;P3 V3 OBD2 - Chevrolet Silverado Gauge (2022+) Left Hand Drive;Home;P3 V3 OBD2 - Chevrolet Silverado Gauge (2022+) Left Hand Drive;P3 Gauges,L3P3CS4X,P3 V3 OBD2 - Chevrolet Silverado Gauge (2022+) Left Hand Drive;P3 Gauges,L3P3CS4X,P3,V3,OBD2,Chevrolet,Silverado,Gauge,(2022+),Left,Hand,Drive;P3-Gauges-L3P3CS4X;8;4;3;0,312
P3 Gauges;P3 Gauges;389;225,62;35;7;L3P3CTS3;P3 V3 OBD2 - Cadillac CTS Gen3 Gauge (2016-2019) Left Hand Drive, Blue bars / White digits;Home;P3 V3 OBD2 - Cadillac CTS Gen3 Gauge (2016-2019) Left Hand Drive, Blue bars / White digits;P3 Gauges,L3P3CTS3,P3 V3 OBD2 - Cadillac CTS Gen3 Gauge (2016-2019) Left Hand Drive, Blue bars / White digits;P3 Gauges,L3P3CTS3,P3,V3,OBD2,Cadillac,CTS,Gen3,Gauge,(2016-2019),Left,Hand,Drive,Blue,bars,White,digits;P3-Gauges-L3P3CTS3;8;4;3;0,312
P3 Gauges;P3 Gauges;389;225,62;35;7;L3P3CTR3;P3 V3 OBD2 - Cadillac CTS Gen3 Gauge (2016-2019) Left Hand Drive, Red bars / White digits;Home;P3 V3 OBD2 - Cadillac CTS Gen3 Gauge (2016-2019) Left Hand Drive, Red bars / White digits;P3 Gauges,L3P3CTR3,P3 V3 OBD2 - Cadillac CTS Gen3 Gauge (2016-2019) Left Hand Drive, Red bars / White digits;P3 Gauges,L3P3CTR3,P3,V3,OBD2,Cadillac,CTS,Gen3,Gauge,(2016-2019),Left,Hand,Drive,Red,bars,White,digits;P3-Gauges-L3P3CTR3;8;4;3;0,312
P3 Gauges;P3 Gauges;389;225,62;35;7;L3P3CATS;P3 V3 OBD2 - Cadillac ATS Gauge (2013-2019) Left Hand Drive, Blue bars / White digits;Home;P3 V3 OBD2 - Cadillac ATS Gauge (2013-2019) Left Hand Drive, Blue bars / White digits;P3 Gauges,L3P3CATS,P3 V3 OBD2 - Cadillac ATS Gauge (2013-2019) Left Hand Drive, Blue bars / White digits;P3 Gauges,L3P3CATS,P3,V3,OBD2,Cadillac,ATS,Gauge,(2013-2019),Left,Hand,Drive,Blue,bars,White,digits;P3-Gauges-L3P3CATS;8;4;3;0,312
P3 Gauges;P3 Gauges;389;225,62;35;7;L3P3CATR;P3 V3 OBD2 - Cadillac ATS Gauge (2013-2019) Left Hand Drive, Red bars / White digits;Home;P3 V3 OBD2 - Cadillac ATS Gauge (2013-2019) Left Hand Drive, Red bars / White digits;P3 Gauges,L3P3CATR,P3 V3 OBD2 - Cadillac ATS Gauge (2013-2019) Left Hand Drive, Red bars / White digits;P3 Gauges,L3P3CATR,P3,V3,OBD2,Cadillac,ATS,Gauge,(2013-2019),Left,Hand,Drive,Red,bars,White,digits;P3-Gauges-L3P3CATR;8;4;3;0,312
P3 Gauges;P3 Gauges;389;225,62;35;7;L3P3GMR5;P3 V3 OBD2 - Buick Regal / Opel Insignia Gauge (2008-2017) Left Hand Drive, Blue bars / White digits;Home;P3 V3 OBD2 - Buick Regal / Opel Insignia Gauge (2008-2017) Left Hand Drive, Blue bars / White digits;P3 Gauges,L3P3GMR5,P3 V3 OBD2 - Buick Regal / Opel Insignia Gauge (2008-2017) Left Hand Drive, Blue bars / White digits;P3 Gauges,L3P3GMR5,P3,V3,OBD2,Buick,Regal,Opel,Insignia,Gauge,(2008-2017),Left,Hand,Drive,Blue,bars,White,digits;P3-Gauges-L3P3GMR5;8;4;3;0,312
P3 Gauges;P3 Gauges;389;225,62;35;7;R3P3FFO3;P3 V3 OBD2 - Ford Focus Gen 3 Gauge (2011-2019) Right Hand Drive;Home;P3 V3 OBD2 - Ford Focus Gen 3 Gauge (2011-2019) Right Hand Drive;P3 Gauges,R3P3FFO3,P3 V3 OBD2 - Ford Focus Gen 3 Gauge (2011-2019) Right Hand Drive;P3 Gauges,R3P3FFO3,P3,V3,OBD2,Ford,Focus,Gen,3,Gauge,(2011-2019),Right,Hand,Drive;P3-Gauges-R3P3FFO3;8;4;3;0,312
P3 Gauges;P3 Gauges;389;225,62;35;7;L3P3FEX6;P3 V3 OBD2 - Ford Explorer Gen6 Gauge (2020+) Left Hand Drive, Blue bars / White digits;Home;P3 V3 OBD2 - Ford Explorer Gen6 Gauge (2020+) Left Hand Drive, Blue bars / White digits;P3 Gauges,L3P3FEX6,P3 V3 OBD2 - Ford Explorer Gen6 Gauge (2020+) Left Hand Drive, Blue bars / White digits;P3 Gauges,L3P3FEX6,P3,V3,OBD2,Ford,Explorer,Gen6,Gauge,(2020+),Left,Hand,Drive,Blue,bars,White,digits;P3-Gauges-L3P3FEX6;8;4;3;0,312
P3 Gauges;P3 Gauges;389;225,62;35;7;L3P3FER6;P3 V3 OBD2 - Ford Explorer Gen6 Gauge (2020+) Left Hand Drive, Red bars / White Digits;Home;P3 V3 OBD2 - Ford Explorer Gen6 Gauge (2020+) Left Hand Drive, Red bars / White Digits;P3 Gauges,L3P3FER6,P3 V3 OBD2 - Ford Explorer Gen6 Gauge (2020+) Left Hand Drive, Red bars / White Digits;P3 Gauges,L3P3FER6,P3,V3,OBD2,Ford,Explorer,Gen6,Gauge,(2020+),Left,Hand,Drive,Red,bars,White,Digits;P3-Gauges-L3P3FER6;8;4;3;0,312
P3 Gauges;P3 Gauges;389;225,62;35;7;U3P3F15A;P3 V3 OBD2 - Ford F-150 Gauge (2009-2014) Universal, Red bars / White digits;Home;P3 V3 OBD2 - Ford F-150 Gauge (2009-2014) Universal, Red bars / White digits;P3 Gauges,U3P3F15A,P3 V3 OBD2 - Ford F-150 Gauge (2009-2014) Universal, Red bars / White digits;P3 Gauges,U3P3F15A,P3,V3,OBD2,Ford,F-150,Gauge,(2009-2014),Universal,Red,bars,White,digits;P3-Gauges-U3P3F15A;8;4;3;0,312
P3 Gauges;P3 Gauges;389;225,62;35;7;U3P3F150;P3 V3 OBD2 - Ford F-150 Gauge (2009-2014) Universal, Blue bars / White digits;Home;P3 V3 OBD2 - Ford F-150 Gauge (2009-2014) Universal, Blue bars / White digits;P3 Gauges,U3P3F150,P3 V3 OBD2 - Ford F-150 Gauge (2009-2014) Universal, Blue bars / White digits;P3 Gauges,U3P3F150,P3,V3,OBD2,Ford,F-150,Gauge,(2009-2014),Universal,Blue,bars,White,digits;P3-Gauges-U3P3F150;8;4;3;0,312
P3 Gauges;P3 Gauges;389;225,62;35;7;L3P3F15B;P3 V3 OBD2 - Ford F-150 Gauge (2015-2020) Left Hand Drive;Home;P3 V3 OBD2 - Ford F-150 Gauge (2015-2020) Left Hand Drive;P3 Gauges,L3P3F15B,P3 V3 OBD2 - Ford F-150 Gauge (2015-2020) Left Hand Drive;P3 Gauges,L3P3F15B,P3,V3,OBD2,Ford,F-150,Gauge,(2015-2020),Left,Hand,Drive;P3-Gauges-L3P3F15B;8;4;3;0,312
P3 Gauges;P3 Gauges;389;225,62;35;7;L3P3F15C;P3 V3 OBD2 - Ford F-150 Gauge (2021+) Left Hand Drive;Home;P3 V3 OBD2 - Ford F-150 Gauge (2021+) Left Hand Drive;P3 Gauges,L3P3F15C,P3 V3 OBD2 - Ford F-150 Gauge (2021+) Left Hand Drive;P3 Gauges,L3P3F15C,P3,V3,OBD2,Ford,F-150,Gauge,(2021+),Left,Hand,Drive;P3-Gauges-L3P3F15C;8;6;4;0,51
P3 Gauges;P3 Gauges;389;225,62;35;7;U3P3F25B;P3 V3 OBD2 - Ford Super Duty Gauge (2008-2016) Left Hand Drive;Home;P3 V3 OBD2 - Ford Super Duty Gauge (2008-2016) Left Hand Drive;P3 Gauges,U3P3F25B,P3 V3 OBD2 - Ford Super Duty Gauge (2008-2016) Left Hand Drive;P3 Gauges,U3P3F25B,P3,V3,OBD2,Ford,Super,Duty,Gauge,(2008-2016),Left,Hand,Drive;P3-Gauges-U3P3F25B;8;4;3;0,312
P3 Gauges;P3 Gauges;389;225,62;35;7;L3P3F25C;P3 V3 OBD2 - Ford Super Duty Gauge (2017-2022) Left Hand Drive;Home;P3 V3 OBD2 - Ford Super Duty Gauge (2017-2022) Left Hand Drive;P3 Gauges,L3P3F25C,P3 V3 OBD2 - Ford Super Duty Gauge (2017-2022) Left Hand Drive;P3 Gauges,L3P3F25C,P3,V3,OBD2,Ford,Super,Duty,Gauge,(2017-2022),Left,Hand,Drive;P3-Gauges-L3P3F25C;8;4;3;0,312
P3 Gauges;P3 Gauges;399;231,42;35;7;L3P3TA90;P3 V3 OBD2 - Toyota A90 Supra Gauge (2019+) Left Hand Drive;Home;P3 V3 OBD2 - Toyota A90 Supra Gauge (2019+) Left Hand Drive;P3 Gauges,L3P3TA90,P3 V3 OBD2 - Toyota A90 Supra Gauge (2019+) Left Hand Drive;P3 Gauges,L3P3TA90,P3,V3,OBD2,Toyota,A90,Supra,Gauge,(2019+),Left,Hand,Drive;P3-Gauges-L3P3TA90;8;4;3;0,312
P3 Gauges;P3 Gauges;399;231,42;35;7;R3P3TA90;P3 V3 OBD2 - Toyota A90 Supra Gauge (2019+) Right Hand Drive;Home;P3 V3 OBD2 - Toyota A90 Supra Gauge (2019+) Right Hand Drive;P3 Gauges,R3P3TA90,P3 V3 OBD2 - Toyota A90 Supra Gauge (2019+) Right Hand Drive;P3 Gauges,R3P3TA90,P3,V3,OBD2,Toyota,A90,Supra,Gauge,(2019+),Right,Hand,Drive;P3-Gauges-R3P3TA90;8;4;3;0,312
P3 Gauges;P3 Gauges;389;225,62;35;7;R3P3SFRX;P3 V3 OBD2 - Subaru BRZ / Scion FR-S / Toyota FT86 Gauge (2013-2021) Right Hand Drive;Home;P3 V3 OBD2 - Subaru BRZ / Scion FR-S / Toyota FT86 Gauge (2013-2021) Right Hand Drive;P3 Gauges,R3P3SFRX,P3 V3 OBD2 - Subaru BRZ / Scion FR-S / Toyota FT86 Gauge (2013-2021) Right Hand Drive;P3 Gauges,R3P3SFRX,P3,V3,OBD2,Subaru,BRZ,Scion,FR-S,Toyota,FT86,Gauge,(2013-2021),Right,Hand,Drive;P3-Gauges-R3P3SFRX;8;4;3;0,312
P3 Gauges;P3 Gauges;399;231,42;35;7;L3P3SFR2;P3 V3 OBD2 - Subaru BRZ / Toyota GR86 Gauge (2022+) Left Hand Drive;Home;P3 V3 OBD2 - Subaru BRZ / Toyota GR86 Gauge (2022+) Left Hand Drive;P3 Gauges,L3P3SFR2,P3 V3 OBD2 - Subaru BRZ / Toyota GR86 Gauge (2022+) Left Hand Drive;P3 Gauges,L3P3SFR2,P3,V3,OBD2,Subaru,BRZ,Toyota,GR86,Gauge,(2022+),Left,Hand,Drive;P3-Gauges-L3P3SFR2;8;4;3;0,312
P3 Gauges;P3 Gauges;399;231,42;35;7;R3P3SFR2;P3 V3 OBD2 - Subaru BRZ / Toyota GR86 Gauge (2022+) Right Hand Drive;Home;P3 V3 OBD2 - Subaru BRZ / Toyota GR86 Gauge (2022+) Right Hand Drive;P3 Gauges,R3P3SFR2,P3 V3 OBD2 - Subaru BRZ / Toyota GR86 Gauge (2022+) Right Hand Drive;P3 Gauges,R3P3SFR2,P3,V3,OBD2,Subaru,BRZ,Toyota,GR86,Gauge,(2022+),Right,Hand,Drive;P3-Gauges-R3P3SFR2;8;4;3;0,312
P3 Gauges;P3 Gauges;389;225,62;35;7;R3P3S7SX;P3 V3 OBD2 - Subaru WRX/STI Gauge (2008-2014) Right Hand Drive;Home;P3 V3 OBD2 - Subaru WRX/STI Gauge (2008-2014) Right Hand Drive;P3 Gauges,R3P3S7SX,P3 V3 OBD2 - Subaru WRX/STI Gauge (2008-2014) Right Hand Drive;P3 Gauges,R3P3S7SX,P3,V3,OBD2,Subaru,WRX,STI,Gauge,(2008-2014),Right,Hand,Drive;P3-Gauges-R3P3S7SX;8;4;3;0,312
P3 Gauges;P3 Gauges;389;225,62;35;7;R3P3S8SX;P3 V3 OBD2 - Subaru WRX/STI Gauge (2015-2021) Right Hand Drive, Orange bars / Orange digits;Home;P3 V3 OBD2 - Subaru WRX/STI Gauge (2015-2021) Right Hand Drive, Orange bars / Orange digits;P3 Gauges,R3P3S8SX,P3 V3 OBD2 - Subaru WRX/STI Gauge (2015-2021) Right Hand Drive, Orange bars / Orange digits;P3 Gauges,R3P3S8SX,P3,V3,OBD2,Subaru,WRX,STI,Gauge,(2015-2021),Right,Hand,Drive,Orange,bars,Orange,digits;P3-Gauges-R3P3S8SX;8;4;3;0,312
P3 Gauges;P3 Gauges;389;225,62;35;7;R3P3P957;P3 V3 OBD2 - Porsche Cayenne Gen1 Gauge (2008-2011) Right Hand Drive;Home;P3 V3 OBD2 - Porsche Cayenne Gen1 Gauge (2008-2011) Right Hand Drive;P3 Gauges,R3P3P957,P3 V3 OBD2 - Porsche Cayenne Gen1 Gauge (2008-2011) Right Hand Drive;P3 Gauges,R3P3P957,P3,V3,OBD2,Porsche,Cayenne,Gen1,Gauge,(2008-2011),Right,Hand,Drive;P3-Gauges-R3P3P957;8;4;3;0,312
P3 Gauges;P3 Gauges;399;231,42;35;7;L3P3P991;P3 V3 OBD2 - Porsche 911 991 (2012-2019) Left Hand Drive, Orange bars / White digits;Home;P3 V3 OBD2 - Porsche 911 991 (2012-2019) Left Hand Drive, Orange bars / White digits;P3 Gauges,L3P3P991,P3 V3 OBD2 - Porsche 911 991 (2012-2019) Left Hand Drive, Orange bars / White digits;P3 Gauges,L3P3P991,P3,V3,OBD2,Porsche,911,991,(2012-2019),Left,Hand,Drive,Orange,bars,White,digits;P3-Gauges-L3P3P991;8;4;3;0,312
P3 Gauges;P3 Gauges;399;231,42;35;7;L3P3P9R1;P3 V3 OBD2 - Porsche 911 991 (2012-2019) Left Hand Drive, Red bars / White digits;Home;P3 V3 OBD2 - Porsche 911 991 (2012-2019) Left Hand Drive, Red bars / White digits;P3 Gauges,L3P3P9R1,P3 V3 OBD2 - Porsche 911 991 (2012-2019) Left Hand Drive, Red bars / White digits;P3 Gauges,L3P3P9R1,P3,V3,OBD2,Porsche,911,991,(2012-2019),Left,Hand,Drive,Red,bars,White,digits;P3-Gauges-L3P3P9R1;8;4;3;0,312
P3 Gauges;P3 Gauges;389;225,62;35;7;L3P3DCG7;P3 V3 OBD2 - Dodge Charger Gen7 Gauge (2011+)  Left Hand Drive;Home;P3 V3 OBD2 - Dodge Charger Gen7 Gauge (2011+)  Left Hand Drive;P3 Gauges,L3P3DCG7,P3 V3 OBD2 - Dodge Charger Gen7 Gauge (2011+)  Left Hand Drive;P3 Gauges,L3P3DCG7,P3,V3,OBD2,Dodge,Charger,Gen7,Gauge,(2011+),Left,Hand,Drive;P3-Gauges-L3P3DCG7;8;4;3;0,312
P3 Gauges;P3 Gauges;389;225,62;35;7;L3P3DCL3;P3 V3 OBD2 - Dodge Challenger Gen3 Gauge (2015+)  Left Hand Drive;Home;P3 V3 OBD2 - Dodge Challenger Gen3 Gauge (2015+)  Left Hand Drive;P3 Gauges,L3P3DCL3,P3 V3 OBD2 - Dodge Challenger Gen3 Gauge (2015+)  Left Hand Drive;P3 Gauges,L3P3DCL3,P3,V3,OBD2,Dodge,Challenger,Gen3,Gauge,(2015+),Left,Hand,Drive;P3-Gauges-L3P3DCL3;8;4;3;0,312
P3 Gauges;P3 Gauges;389;225,62;35;7;L3P3DR4X;P3 V3 OBD2 - Dodge Ram Gen4 Gauge (2009-2018)  Left Hand Drive;Home;P3 V3 OBD2 - Dodge Ram Gen4 Gauge (2009-2018)  Left Hand Drive;P3 Gauges,L3P3DR4X,P3 V3 OBD2 - Dodge Ram Gen4 Gauge (2009-2018)  Left Hand Drive;P3 Gauges,L3P3DR4X,P3,V3,OBD2,Dodge,Ram,Gen4,Gauge,(2009-2018),Left,Hand,Drive;P3-Gauges-L3P3DR4X;8;4;3;0,312
P3 Gauges;P3 Gauges;399;231,42;35;7;U3P3DIY1;P3 V3 OBD2 - Rectangular DIY Gauge (2008+) Contact P3 for compatibility;Home;P3 V3 OBD2 - Rectangular DIY Gauge (2008+) Contact P3 for compatibility;P3 Gauges,U3P3DIY1,P3 V3 OBD2 - Rectangular DIY Gauge (2008+) Contact P3 for compatibility;P3 Gauges,U3P3DIY1,P3,V3,OBD2,Rectangular,DIY,Gauge,(2008+),Contact,P3,for,compatibility;P3-Gauges-U3P3DIY1;8;4;3;0,312
P3 Gauges;P3 Gauges;399;231,42;35;7;U3P3DIY2;P3 V3 OBD2 - Round 52mm DIY Gauge (2008+) Contact P3 for compatibility;Home;P3 V3 OBD2 - Round 52mm DIY Gauge (2008+) Contact P3 for compatibility;P3 Gauges,U3P3DIY2,P3 V3 OBD2 - Round 52mm DIY Gauge (2008+) Contact P3 for compatibility;P3 Gauges,U3P3DIY2,P3,V3,OBD2,Round,52mm,DIY,Gauge,(2008+),Contact,P3,for,compatibility;P3-Gauges-U3P3DIY2;8;4;3;0,312
P3 Gauges;P3 Gauges;289;167,62;35;7;LAP3VGR4;P3 Analog Gauge - VW Mk4 (1997-2004) Left Hand Drive, Blue bars / Red digits;Home;P3 Analog Gauge - VW Mk4 (1997-2004) Left Hand Drive, Blue bars / Red digits;P3 Gauges,LAP3VGR4,P3 Analog Gauge - VW Mk4 (1997-2004) Left Hand Drive, Blue bars / Red digits;P3 Gauges,LAP3VGR4,P3,Analog,Gauge,VW,Mk4,(1997-2004),Left,Hand,Drive,Blue,bars,Red,digits;P3-Gauges-LAP3VGR4;8;4;3;0,312
P3 Gauges;P3 Gauges;289;167,62;35;7;RAP3VGT4;P3 Analog Gauge - VW Mk4 (1997-2004) Right Hand Drive, Red bars / Red digits;Home;P3 Analog Gauge - VW Mk4 (1997-2004) Right Hand Drive, Red bars / Red digits;P3 Gauges,RAP3VGT4,P3 Analog Gauge - VW Mk4 (1997-2004) Right Hand Drive, Red bars / Red digits;P3 Gauges,RAP3VGT4,P3,Analog,Gauge,VW,Mk4,(1997-2004),Right,Hand,Drive,Red,bars,Red,digits;P3-Gauges-RAP3VGT4;8;4;3;0,312
P3 Gauges;P3 Gauges;289;167,62;35;7;RAP3VGR4;P3 Analog Gauge - VW Mk4 (1997-2004) Right Hand Drive, Blue bars / Red digits;Home;P3 Analog Gauge - VW Mk4 (1997-2004) Right Hand Drive, Blue bars / Red digits;P3 Gauges,RAP3VGR4,P3 Analog Gauge - VW Mk4 (1997-2004) Right Hand Drive, Blue bars / Red digits;P3 Gauges,RAP3VGR4,P3,Analog,Gauge,VW,Mk4,(1997-2004),Right,Hand,Drive,Blue,bars,Red,digits;P3-Gauges-RAP3VGR4;8;4;3;0,312
P3 Gauges;P3 Gauges;289;167,62;35;7;LAP3VGR5;P3 Analog Gauge - VW Mk5 (2005-2009) Left Hand Drive, Blue bars / White digits;Home;P3 Analog Gauge - VW Mk5 (2005-2009) Left Hand Drive, Blue bars / White digits;P3 Gauges,LAP3VGR5,P3 Analog Gauge - VW Mk5 (2005-2009) Left Hand Drive, Blue bars / White digits;P3 Gauges,LAP3VGR5,P3,Analog,Gauge,VW,Mk5,(2005-2009),Left,Hand,Drive,Blue,bars,White,digits;P3-Gauges-LAP3VGR5;8;4;3;0,312
P3 Gauges;P3 Gauges;289;167,62;35;7;RAP3VGT5;P3 Analog Gauge - VW Mk5 (2005-2009) Right Hand Drive, Red bars / White digits;Home;P3 Analog Gauge - VW Mk5 (2005-2009) Right Hand Drive, Red bars / White digits;P3 Gauges,RAP3VGT5,P3 Analog Gauge - VW Mk5 (2005-2009) Right Hand Drive, Red bars / White digits;P3 Gauges,RAP3VGT5,P3,Analog,Gauge,VW,Mk5,(2005-2009),Right,Hand,Drive,Red,bars,White,digits;P3-Gauges-RAP3VGT5;8;4;3;0,312
P3 Gauges;P3 Gauges;289;167,62;35;7;RAP3VGR5;P3 Analog Gauge - VW Mk5 (2005-2009) Right Hand Drive, Blue bars / White digits;Home;P3 Analog Gauge - VW Mk5 (2005-2009) Right Hand Drive, Blue bars / White digits;P3 Gauges,RAP3VGR5,P3 Analog Gauge - VW Mk5 (2005-2009) Right Hand Drive, Blue bars / White digits;P3 Gauges,RAP3VGR5,P3,Analog,Gauge,VW,Mk5,(2005-2009),Right,Hand,Drive,Blue,bars,White,digits;P3-Gauges-RAP3VGR5;8;4;3;0,312
P3 Gauges;P3 Gauges;289;167,62;35;7;LAP3VGR6;P3 Analog Gauge - VW Mk6 (2009-2013) Left Hand Drive, Blue bars / White digits;Home;P3 Analog Gauge - VW Mk6 (2009-2013) Left Hand Drive, Blue bars / White digits;P3 Gauges,LAP3VGR6,P3 Analog Gauge - VW Mk6 (2009-2013) Left Hand Drive, Blue bars / White digits;P3 Gauges,LAP3VGR6,P3,Analog,Gauge,VW,Mk6,(2009-2013),Left,Hand,Drive,Blue,bars,White,digits;P3-Gauges-LAP3VGR6;8;4;3;0,312
P3 Gauges;P3 Gauges;289;167,62;35;7;RAP3VGT6;P3 Analog Gauge - VW Mk6 (2009-2013) Right Hand Drive, Red bars / White digits;Home;P3 Analog Gauge - VW Mk6 (2009-2013) Right Hand Drive, Red bars / White digits;P3 Gauges,RAP3VGT6,P3 Analog Gauge - VW Mk6 (2009-2013) Right Hand Drive, Red bars / White digits;P3 Gauges,RAP3VGT6,P3,Analog,Gauge,VW,Mk6,(2009-2013),Right,Hand,Drive,Red,bars,White,digits;P3-Gauges-RAP3VGT6;8;4;3;0,312
P3 Gauges;P3 Gauges;289;167,62;35;7;RAP3VGR6;P3 Analog Gauge - VW Mk6 (2009-2013) Right Hand Drive, Blue bars / White digits;Home;P3 Analog Gauge - VW Mk6 (2009-2013) Right Hand Drive, Blue bars / White digits;P3 Gauges,RAP3VGR6,P3 Analog Gauge - VW Mk6 (2009-2013) Right Hand Drive, Blue bars / White digits;P3 Gauges,RAP3VGR6,P3,Analog,Gauge,VW,Mk6,(2009-2013),Right,Hand,Drive,Blue,bars,White,digits;P3-Gauges-RAP3VGR6;8;4;3;0,312
P3 Gauges;P3 Gauges;289;167,62;35;7;LAP3VGR7;P3 Analog Gauge - VW Mk7 (2014-2019) Left Hand Drive, Blue bars / White digits;Home;P3 Analog Gauge - VW Mk7 (2014-2019) Left Hand Drive, Blue bars / White digits;P3 Gauges,LAP3VGR7,P3 Analog Gauge - VW Mk7 (2014-2019) Left Hand Drive, Blue bars / White digits;P3 Gauges,LAP3VGR7,P3,Analog,Gauge,VW,Mk7,(2014-2019),Left,Hand,Drive,Blue,bars,White,digits;P3-Gauges-LAP3VGR7;8;4;3;0,312
P3 Gauges;P3 Gauges;289;167,62;35;7;RAP3VGT7;P3 Analog Gauge - VW Mk7 (2014-2019) Right Hand Drive, Red bars / White digits;Home;P3 Analog Gauge - VW Mk7 (2014-2019) Right Hand Drive, Red bars / White digits;P3 Gauges,RAP3VGT7,P3 Analog Gauge - VW Mk7 (2014-2019) Right Hand Drive, Red bars / White digits;P3 Gauges,RAP3VGT7,P3,Analog,Gauge,VW,Mk7,(2014-2019),Right,Hand,Drive,Red,bars,White,digits;P3-Gauges-RAP3VGT7;8;4;3;0,312
P3 Gauges;P3 Gauges;289;167,62;35;7;RAP3VGR7;P3 Analog Gauge - VW Mk7 (2014-2019) Right Hand Drive, Blue bars / White digits;Home;P3 Analog Gauge - VW Mk7 (2014-2019) Right Hand Drive, Blue bars / White digits;P3 Gauges,RAP3VGR7,P3 Analog Gauge - VW Mk7 (2014-2019) Right Hand Drive, Blue bars / White digits;P3 Gauges,RAP3VGR7,P3,Analog,Gauge,VW,Mk7,(2014-2019),Right,Hand,Drive,Blue,bars,White,digits;P3-Gauges-RAP3VGR7;8;4;3;0,312
P3 Gauges;P3 Gauges;299;173,42;35;7;LAP3VGT8;P3 Analog Gauge - VW Mk8 (2020+) Left Hand Drive, Red bars / White digits;Home;P3 Analog Gauge - VW Mk8 (2020+) Left Hand Drive, Red bars / White digits;P3 Gauges,LAP3VGT8,P3 Analog Gauge - VW Mk8 (2020+) Left Hand Drive, Red bars / White digits;P3 Gauges,LAP3VGT8,P3,Analog,Gauge,VW,Mk8,(2020+),Left,Hand,Drive,Red,bars,White,digits;P3-Gauges-LAP3VGT8;8;4;3;0,312
P3 Gauges;P3 Gauges;299;173,42;35;7;LAP3VGR8;P3 Analog Gauge - VW Mk8 (2020+) Left Hand Drive, Blue bars / White digits;Home;P3 Analog Gauge - VW Mk8 (2020+) Left Hand Drive, Blue bars / White digits;P3 Gauges,LAP3VGR8,P3 Analog Gauge - VW Mk8 (2020+) Left Hand Drive, Blue bars / White digits;P3 Gauges,LAP3VGR8,P3,Analog,Gauge,VW,Mk8,(2020+),Left,Hand,Drive,Blue,bars,White,digits;P3-Gauges-LAP3VGR8;8;4;3;0,312
P3 Gauges;P3 Gauges;299;173,42;35;7;RAP3VGT8;P3 Analog Gauge - VW Mk8 (2020+) Right Hand Drive, Red bars / White digits;Home;P3 Analog Gauge - VW Mk8 (2020+) Right Hand Drive, Red bars / White digits;P3 Gauges,RAP3VGT8,P3 Analog Gauge - VW Mk8 (2020+) Right Hand Drive, Red bars / White digits;P3 Gauges,RAP3VGT8,P3,Analog,Gauge,VW,Mk8,(2020+),Right,Hand,Drive,Red,bars,White,digits;P3-Gauges-RAP3VGT8;8;4;3;0,312
P3 Gauges;P3 Gauges;299;173,42;35;7;RAP3VGR8;P3 Analog Gauge - VW Mk8 (2020+) Right Hand Drive, Blue bars / White digits;Home;P3 Analog Gauge - VW Mk8 (2020+) Right Hand Drive, Blue bars / White digits;P3 Gauges,RAP3VGR8,P3 Analog Gauge - VW Mk8 (2020+) Right Hand Drive, Blue bars / White digits;P3 Gauges,RAP3VGR8,P3,Analog,Gauge,VW,Mk8,(2020+),Right,Hand,Drive,Blue,bars,White,digits;P3-Gauges-RAP3VGR8;8;4;3;0,312
P3 Gauges;P3 Gauges;289;167,62;35;7;LAP3VGJ6;P3 Analog Gauge - VW Mk6 Jetta Sedan (2011-2018) Left Hand Drive;Home;P3 Analog Gauge - VW Mk6 Jetta Sedan (2011-2018) Left Hand Drive;P3 Gauges,LAP3VGJ6,P3 Analog Gauge - VW Mk6 Jetta Sedan (2011-2018) Left Hand Drive;P3 Gauges,LAP3VGJ6,P3,Analog,Gauge,VW,Mk6,Jetta,Sedan,(2011-2018),Left,Hand,Drive;P3-Gauges-LAP3VGJ6;8;4;3;0,312
P3 Gauges;P3 Gauges;289;167,62;35;7;RAP3VGJ6;P3 Analog Gauge - VW Mk6 Jetta Sedan (2011-2018) Right Hand Drive;Home;P3 Analog Gauge - VW Mk6 Jetta Sedan (2011-2018) Right Hand Drive;P3 Gauges,RAP3VGJ6,P3 Analog Gauge - VW Mk6 Jetta Sedan (2011-2018) Right Hand Drive;P3 Gauges,RAP3VGJ6,P3,Analog,Gauge,VW,Mk6,Jetta,Sedan,(2011-2018),Right,Hand,Drive;P3-Gauges-RAP3VGJ6;8;4;3;0,312
P3 Gauges;P3 Gauges;289;167,62;35;7;LAP3VGJ7;P3 Analog Gauge - VW Mk7 Jetta Sedan (2019+) Left Hand Drive;Home;P3 Analog Gauge - VW Mk7 Jetta Sedan (2019+) Left Hand Drive;P3 Gauges,LAP3VGJ7,P3 Analog Gauge - VW Mk7 Jetta Sedan (2019+) Left Hand Drive;P3 Gauges,LAP3VGJ7,P3,Analog,Gauge,VW,Mk7,Jetta,Sedan,(2019+),Left,Hand,Drive;P3-Gauges-LAP3VGJ7;8;4;3;0,312
P3 Gauges;P3 Gauges;289;167,62;35;7;RAP3VGJ7;P3 Analog Gauge - VW Mk7 Jetta Sedan (2019+) Right Hand Drive;Home;P3 Analog Gauge - VW Mk7 Jetta Sedan (2019+) Right Hand Drive;P3 Gauges,RAP3VGJ7,P3 Analog Gauge - VW Mk7 Jetta Sedan (2019+) Right Hand Drive;P3 Gauges,RAP3VGJ7,P3,Analog,Gauge,VW,Mk7,Jetta,Sedan,(2019+),Right,Hand,Drive;P3-Gauges-RAP3VGJ7;8;4;3;0,312
P3 Gauges;P3 Gauges;289;167,62;35;7;LAP3VSR3;P3 Analog Gauge - VW EOS/Scirocco (2009-2018) Left Hand Drive, Blue bars / White digits;Home;P3 Analog Gauge - VW EOS/Scirocco (2009-2018) Left Hand Drive, Blue bars / White digits;P3 Gauges,LAP3VSR3,P3 Analog Gauge - VW EOS/Scirocco (2009-2018) Left Hand Drive, Blue bars / White digits;P3 Gauges,LAP3VSR3,P3,Analog,Gauge,VW,EOS,Scirocco,(2009-2018),Left,Hand,Drive,Blue,bars,White,digits;P3-Gauges-LAP3VSR3;8;4;3;0,312
P3 Gauges;P3 Gauges;289;167,62;35;7;RAP3VSE3;P3 Analog Gauge - VW EOS/Scirocco (2009-2018) Right Hand Drive, Red bars / White digits;Home;P3 Analog Gauge - VW EOS/Scirocco (2009-2018) Right Hand Drive, Red bars / White digits;P3 Gauges,RAP3VSE3,P3 Analog Gauge - VW EOS/Scirocco (2009-2018) Right Hand Drive, Red bars / White digits;P3 Gauges,RAP3VSE3,P3,Analog,Gauge,VW,EOS,Scirocco,(2009-2018),Right,Hand,Drive,Red,bars,White,digits;P3-Gauges-RAP3VSE3;8;4;3;0,312
P3 Gauges;P3 Gauges;289;167,62;35;7;RAP3VSR3;P3 Analog Gauge - VW EOS/Scirocco (2009-2018) Right Hand Drive, Blue bars / White digits;Home;P3 Analog Gauge - VW EOS/Scirocco (2009-2018) Right Hand Drive, Blue bars / White digits;P3 Gauges,RAP3VSR3,P3 Analog Gauge - VW EOS/Scirocco (2009-2018) Right Hand Drive, Blue bars / White digits;P3 Gauges,RAP3VSR3,P3,Analog,Gauge,VW,EOS,Scirocco,(2009-2018),Right,Hand,Drive,Blue,bars,White,digits;P3-Gauges-RAP3VSR3;8;4;3;0,312
P3 Gauges;P3 Gauges;289;167,62;35;7;RAP3VPSC;P3 Analog Gauge - VW CC/B6 Passat (2007-2017) Right Hand Drive;Home;P3 Analog Gauge - VW CC/B6 Passat (2007-2017) Right Hand Drive;P3 Gauges,RAP3VPSC,P3 Analog Gauge - VW CC/B6 Passat (2007-2017) Right Hand Drive;P3 Gauges,RAP3VPSC,P3,Analog,Gauge,VW,CC,B6,Passat,(2007-2017),Right,Hand,Drive;P3-Gauges-RAP3VPSC;8;4;3;0,312
P3 Gauges;P3 Gauges;289;167,62;35;7;RAP3VPB7;P3 Analog Gauge - VW B7 Passat (2010-2015) Right Hand Drive;Home;P3 Analog Gauge - VW B7 Passat (2010-2015) Right Hand Drive;P3 Gauges,RAP3VPB7,P3 Analog Gauge - VW B7 Passat (2010-2015) Right Hand Drive;P3 Gauges,RAP3VPB7,P3,Analog,Gauge,VW,B7,Passat,(2010-2015),Right,Hand,Drive;P3-Gauges-RAP3VPB7;8;4;3;0,312
P3 Gauges;P3 Gauges;289;167,62;35;7;RAP3VPB8;P3 Analog Gauge - VW B8 Passat (2015-2018) Right Hand Drive;Home;P3 Analog Gauge - VW B8 Passat (2015-2018) Right Hand Drive;P3 Gauges,RAP3VPB8,P3 Analog Gauge - VW B8 Passat (2015-2018) Right Hand Drive;P3 Gauges,RAP3VPB8,P3,Analog,Gauge,VW,B8,Passat,(2015-2018),Right,Hand,Drive;P3-Gauges-RAP3VPB8;8;4;3;0,312
P3 Gauges;P3 Gauges;289;167,62;35;7;RAP3VTIG;P3 Analog Gauge - VW Tiguan (2007-2015) Right Hand Drive;Home;P3 Analog Gauge - VW Tiguan (2007-2015) Right Hand Drive;P3 Gauges,RAP3VTIG,P3 Analog Gauge - VW Tiguan (2007-2015) Right Hand Drive;P3 Gauges,RAP3VTIG,P3,Analog,Gauge,VW,Tiguan,(2007-2015),Right,Hand,Drive;P3-Gauges-RAP3VTIG;8;4;3;0,312
P3 Gauges;P3 Gauges;289;167,62;35;7;LAP3V2IG;P3 Analog Gauge - VW Tiguan (2017+) Left Hand Drive;Home;P3 Analog Gauge - VW Tiguan (2017+) Left Hand Drive;P3 Gauges,LAP3V2IG,P3 Analog Gauge - VW Tiguan (2017+) Left Hand Drive;P3 Gauges,LAP3V2IG,P3,Analog,Gauge,VW,Tiguan,(2017+),Left,Hand,Drive;P3-Gauges-LAP3V2IG;8;4;3;0,312
P3 Gauges;P3 Gauges;289;167,62;35;7;RAP3V2IG;P3 Analog Gauge - VW Tiguan (2017+) Right Hand Drive;Home;P3 Analog Gauge - VW Tiguan (2017+) Right Hand Drive;P3 Gauges,RAP3V2IG,P3 Analog Gauge - VW Tiguan (2017+) Right Hand Drive;P3 Gauges,RAP3V2IG,P3,Analog,Gauge,VW,Tiguan,(2017+),Right,Hand,Drive;P3-Gauges-RAP3V2IG;8;4;3;0,312
P3 Gauges;P3 Gauges;289;167,62;35;7;LAP3VTOG;P3 Analog Gauge - VW Touareg Gauge (2010-2017) Left Hand Drive;Home;P3 Analog Gauge - VW Touareg Gauge (2010-2017) Left Hand Drive;P3 Gauges,LAP3VTOG,P3 Analog Gauge - VW Touareg Gauge (2010-2017) Left Hand Drive;P3 Gauges,LAP3VTOG,P3,Analog,Gauge,VW,Touareg,Gauge,(2010-2017),Left,Hand,Drive;P3-Gauges-LAP3VTOG;8;4;3;0,312
P3 Gauges;P3 Gauges;289;167,62;35;7;RAP3VTOG;P3 Analog Gauge - VW Touareg Gauge (2010-2017) Right Hand Drive;Home;P3 Analog Gauge - VW Touareg Gauge (2010-2017) Right Hand Drive;P3 Gauges,RAP3VTOG,P3 Analog Gauge - VW Touareg Gauge (2010-2017) Right Hand Drive;P3 Gauges,RAP3VTOG,P3,Analog,Gauge,VW,Touareg,Gauge,(2010-2017),Right,Hand,Drive;P3-Gauges-RAP3VTOG;8;6;4;0,51
P3 Gauges;P3 Gauges;289;167,62;35;7;LAP3VPR5;P3 Analog Gauge - VW Mk5 Polo (2009-2018) Left Hand Drive, Blue bars / White digits;Home;P3 Analog Gauge - VW Mk5 Polo (2009-2018) Left Hand Drive, Blue bars / White digits;P3 Gauges,LAP3VPR5,P3 Analog Gauge - VW Mk5 Polo (2009-2018) Left Hand Drive, Blue bars / White digits;P3 Gauges,LAP3VPR5,P3,Analog,Gauge,VW,Mk5,Polo,(2009-2018),Left,Hand,Drive,Blue,bars,White,digits;P3-Gauges-LAP3VPR5;8;4;3;0,312
P3 Gauges;P3 Gauges;289;167,62;35;7;RAP3VPO5;P3 Analog Gauge - VW Mk5 Polo (2009-2018) Right Hand Drive, Red bars / White digits;Home;P3 Analog Gauge - VW Mk5 Polo (2009-2018) Right Hand Drive, Red bars / White digits;P3 Gauges,RAP3VPO5,P3 Analog Gauge - VW Mk5 Polo (2009-2018) Right Hand Drive, Red bars / White digits;P3 Gauges,RAP3VPO5,P3,Analog,Gauge,VW,Mk5,Polo,(2009-2018),Right,Hand,Drive,Red,bars,White,digits;P3-Gauges-RAP3VPO5;8;4;3;0,312
P3 Gauges;P3 Gauges;289;167,62;35;7;RAP3VPR5;P3 Analog Gauge - VW Mk5 Polo (2009-2018) Right Hand Drive, Blue bars / White digits;Home;P3 Analog Gauge - VW Mk5 Polo (2009-2018) Right Hand Drive, Blue bars / White digits;P3 Gauges,RAP3VPR5,P3 Analog Gauge - VW Mk5 Polo (2009-2018) Right Hand Drive, Blue bars / White digits;P3 Gauges,RAP3VPR5,P3,Analog,Gauge,VW,Mk5,Polo,(2009-2018),Right,Hand,Drive,Blue,bars,White,digits;P3-Gauges-RAP3VPR5;8;4;3;0,312
P3 Gauges;P3 Gauges;289;167,62;35;7;RAP3AB6X;P3 Analog Gauge - Audi B6 (2001-2006) Right Hand Drive;Home;P3 Analog Gauge - Audi B6 (2001-2006) Right Hand Drive;P3 Gauges,RAP3AB6X,P3 Analog Gauge - Audi B6 (2001-2006) Right Hand Drive;P3 Gauges,RAP3AB6X,P3,Analog,Gauge,Audi,B6,(2001-2006),Right,Hand,Drive;P3-Gauges-RAP3AB6X;8;4;3;0,312
P3 Gauges;P3 Gauges;289;167,62;35;7;RAP3AB7X;P3 Analog Gauge - Audi B7 (2006-2008) Right Hand Drive;Home;P3 Analog Gauge - Audi B7 (2006-2008) Right Hand Drive;P3 Gauges,RAP3AB7X,P3 Analog Gauge - Audi B7 (2006-2008) Right Hand Drive;P3 Gauges,RAP3AB7X,P3,Analog,Gauge,Audi,B7,(2006-2008),Right,Hand,Drive;P3-Gauges-RAP3AB7X;8;4;3;0,312
P3 Gauges;P3 Gauges;289;167,62;35;7;RAP3AB8X;P3 Analog Gauge - Audi B8 (2008-2016) Right Hand Drive;Home;P3 Analog Gauge - Audi B8 (2008-2016) Right Hand Drive;P3 Gauges,RAP3AB8X,P3 Analog Gauge - Audi B8 (2008-2016) Right Hand Drive;P3 Gauges,RAP3AB8X,P3,Analog,Gauge,Audi,B8,(2008-2016),Right,Hand,Drive;P3-Gauges-RAP3AB8X;8;4;3;0,312
P3 Gauges;P3 Gauges;289;167,62;35;7;RAP3AB9X;P3 Analog Gauge - Audi B9 (2016-2019) Right Hand Drive;Home;P3 Analog Gauge - Audi B9 (2016-2019) Right Hand Drive;P3 Gauges,RAP3AB9X,P3 Analog Gauge - Audi B9 (2016-2019) Right Hand Drive;P3 Gauges,RAP3AB9X,P3,Analog,Gauge,Audi,B9,(2016-2019),Right,Hand,Drive;P3-Gauges-RAP3AB9X;8;4;3;0,312
P3 Gauges;P3 Gauges;299;173,42;35;7;UAP3AS1X;P3 Analog Gauge - Audi 8X (2010-2018) Universal;Home;P3 Analog Gauge - Audi 8X (2010-2018) Universal;P3 Gauges,UAP3AS1X,P3 Analog Gauge - Audi 8X (2010-2018) Universal;P3 Gauges,UAP3AS1X,P3,Analog,Gauge,Audi,8X,(2010-2018),Universal;P3-Gauges-UAP3AS1X;8;4;3;0,34
P3 Gauges;P3 Gauges;299;173,42;35;7;RAP3AR8X;P3 Analog Gauge - Audi R8 (2006-2015) Right Hand Drive;Home;P3 Analog Gauge - Audi R8 (2006-2015) Right Hand Drive;P3 Gauges,RAP3AR8X,P3 Analog Gauge - Audi R8 (2006-2015) Right Hand Drive;P3 Gauges,RAP3AR8X,P3,Analog,Gauge,Audi,R8,(2006-2015),Right,Hand,Drive;P3-Gauges-RAP3AR8X;8;4;3;0,312
P3 Gauges;P3 Gauges;289;167,62;35;7;RAP3AC5X;P3 Analog Gauge - Audi C5 (1997-2004) Right Hand Drive;Home;P3 Analog Gauge - Audi C5 (1997-2004) Right Hand Drive;P3 Gauges,RAP3AC5X,P3 Analog Gauge - Audi C5 (1997-2004) Right Hand Drive;P3 Gauges,RAP3AC5X,P3,Analog,Gauge,Audi,C5,(1997-2004),Right,Hand,Drive;P3-Gauges-RAP3AC5X;8;4;3;0,312
P3 Gauges;P3 Gauges;289;167,62;35;7;RAP3AC6X;P3 Analog Gauge - Audi C6 (2007-2011) Right Hand Drive;Home;P3 Analog Gauge - Audi C6 (2007-2011) Right Hand Drive;P3 Gauges,RAP3AC6X,P3 Analog Gauge - Audi C6 (2007-2011) Right Hand Drive;P3 Gauges,RAP3AC6X,P3,Analog,Gauge,Audi,C6,(2007-2011),Right,Hand,Drive;P3-Gauges-RAP3AC6X;8;4;3;0,312
P3 Gauges;P3 Gauges;289;167,62;35;7;RAP3AC7X;P3 Analog Gauge - Audi C7 (2011-2018) Right Hand Drive;Home;P3 Analog Gauge - Audi C7 (2011-2018) Right Hand Drive;P3 Gauges,RAP3AC7X,P3 Analog Gauge - Audi C7 (2011-2018) Right Hand Drive;P3 Gauges,RAP3AC7X,P3,Analog,Gauge,Audi,C7,(2011-2018),Right,Hand,Drive;P3-Gauges-RAP3AC7X;8;4;3;0,312
P3 Gauges;P3 Gauges;289;167,62;35;7;RAP3AQ5X;P3 Analog Gauge - Audi Q5 (2008-2017) Right Hand Drive;Home;P3 Analog Gauge - Audi Q5 (2008-2017) Right Hand Drive;P3 Gauges,RAP3AQ5X,P3 Analog Gauge - Audi Q5 (2008-2017) Right Hand Drive;P3 Gauges,RAP3AQ5X,P3,Analog,Gauge,Audi,Q5,(2008-2017),Right,Hand,Drive;P3-Gauges-RAP3AQ5X;8;4;3;0,312
P3 Gauges;P3 Gauges;289;167,62;35;7;RAP3AQ52;P3 Analog Gauge - Audi Q5 (2018+) Right Hand Drive;Home;P3 Analog Gauge - Audi Q5 (2018+) Right Hand Drive;P3 Gauges,RAP3AQ52,P3 Analog Gauge - Audi Q5 (2018+) Right Hand Drive;P3 Gauges,RAP3AQ52,P3,Analog,Gauge,Audi,Q5,(2018+),Right,Hand,Drive;P3-Gauges-RAP3AQ52;8;4;3;0,312
P3 Gauges;P3 Gauges;289;167,62;35;7;RAP3AQ7X;P3 Analog Gauge - Audi Q7 (2006-2016) Right Hand Drive;Home;P3 Analog Gauge - Audi Q7 (2006-2016) Right Hand Drive;P3 Gauges,RAP3AQ7X,P3 Analog Gauge - Audi Q7 (2006-2016) Right Hand Drive;P3 Gauges,RAP3AQ7X,P3,Analog,Gauge,Audi,Q7,(2006-2016),Right,Hand,Drive;P3-Gauges-RAP3AQ7X;8;4;3;0,312
P3 Gauges;P3 Gauges;289;167,62;35;7;RAP3BE46;P3 Analog Gauge - BMW E46 (1997-2006) Right Hand Drive;Home;P3 Analog Gauge - BMW E46 (1997-2006) Right Hand Drive;P3 Gauges,RAP3BE46,P3 Analog Gauge - BMW E46 (1997-2006) Right Hand Drive;P3 Gauges,RAP3BE46,P3,Analog,Gauge,BMW,E46,(1997-2006),Right,Hand,Drive;P3-Gauges-RAP3BE46;8;4;3;0,312
P3 Gauges;P3 Gauges;289;167,62;35;7;RAP3BE63;P3 Analog Gauge - BMW E63 (2004-2010) Right Hand Drive;Home;P3 Analog Gauge - BMW E63 (2004-2010) Right Hand Drive;P3 Gauges,RAP3BE63,P3 Analog Gauge - BMW E63 (2004-2010) Right Hand Drive;P3 Gauges,RAP3BE63,P3,Analog,Gauge,BMW,E63,(2004-2010),Right,Hand,Drive;P3-Gauges-RAP3BE63;8;4;3;0,312
P3 Gauges;P3 Gauges;289;167,62;35;7;RAP3BE71;P3 Analog Gauge - BMW E71 (2008-2014) Right Hand Drive;Home;P3 Analog Gauge - BMW E71 (2008-2014) Right Hand Drive;P3 Gauges,RAP3BE71,P3 Analog Gauge - BMW E71 (2008-2014) Right Hand Drive;P3 Gauges,RAP3BE71,P3,Analog,Gauge,BMW,E71,(2008-2014),Right,Hand,Drive;P3-Gauges-RAP3BE71;8;4;3;0,312
P3 Gauges;P3 Gauges;289;167,62;35;7;RAP3BE8X;P3 Analog Gauge - BMW E8X (2004-2013) Right Hand Drive;Home;P3 Analog Gauge - BMW E8X (2004-2013) Right Hand Drive;P3 Gauges,RAP3BE8X,P3 Analog Gauge - BMW E8X (2004-2013) Right Hand Drive;P3 Gauges,RAP3BE8X,P3,Analog,Gauge,BMW,E8X,(2004-2013),Right,Hand,Drive;P3-Gauges-RAP3BE8X;8;4;3;0,312
P3 Gauges;P3 Gauges;289;167,62;35;7;RAP3BE85;P3 Analog Gauge - BMW E85/E86 (2002-2008) Right Hand Drive;Home;P3 Analog Gauge - BMW E85/E86 (2002-2008) Right Hand Drive;P3 Gauges,RAP3BE85,P3 Analog Gauge - BMW E85/E86 (2002-2008) Right Hand Drive;P3 Gauges,RAP3BE85,P3,Analog,Gauge,BMW,E85,E86,(2002-2008),Right,Hand,Drive;P3-Gauges-RAP3BE85;8;4;3;0,312
P3 Gauges;P3 Gauges;289;167,62;35;7;RAP3BE89;P3 Analog Gauge - BMW E89 (2009-2016) Right Hand Drive;Home;P3 Analog Gauge - BMW E89 (2009-2016) Right Hand Drive;P3 Gauges,RAP3BE89,P3 Analog Gauge - BMW E89 (2009-2016) Right Hand Drive;P3 Gauges,RAP3BE89,P3,Analog,Gauge,BMW,E89,(2009-2016),Right,Hand,Drive;P3-Gauges-RAP3BE89;8;4;3;0,312
P3 Gauges;P3 Gauges;289;167,62;35;7;RAP3BE9X;P3 Analog Gauge - BMW E9X (2004-2013) Right Hand Drive;Home;P3 Analog Gauge - BMW E9X (2004-2013) Right Hand Drive;P3 Gauges,RAP3BE9X,P3 Analog Gauge - BMW E9X (2004-2013) Right Hand Drive;P3 Gauges,RAP3BE9X,P3,Analog,Gauge,BMW,E9X,(2004-2013),Right,Hand,Drive;P3-Gauges-RAP3BE9X;8;4;3;0,312
P3 Gauges;P3 Gauges;289;167,62;35;7;RAP3BF1X;P3 Analog Gauge - BMW F1X (2011-2017) Right Hand Drive, Orange bars / Orange digits;Home;P3 Analog Gauge - BMW F1X (2011-2017) Right Hand Drive, Orange bars / Orange digits;P3 Gauges,RAP3BF1X,P3 Analog Gauge - BMW F1X (2011-2017) Right Hand Drive, Orange bars / Orange digits;P3 Gauges,RAP3BF1X,P3,Analog,Gauge,BMW,F1X,(2011-2017),Right,Hand,Drive,Orange,bars,Orange,digits;P3-Gauges-RAP3BF1X;8;4;3;0,312
P3 Gauges;P3 Gauges;289;167,62;35;7;RAP3BF2X;P3 Analog Gauge - BMW F2X/F87 (2013-2019) Right Hand Drive, Orange bars / Orange digits;Home;P3 Analog Gauge - BMW F2X/F87 (2013-2019) Right Hand Drive, Orange bars / Orange digits;P3 Gauges,RAP3BF2X,P3 Analog Gauge - BMW F2X/F87 (2013-2019) Right Hand Drive, Orange bars / Orange digits;P3 Gauges,RAP3BF2X,P3,Analog,Gauge,BMW,F2X,F87,(2013-2019),Right,Hand,Drive,Orange,bars,Orange,digits;P3-Gauges-RAP3BF2X;8;4;3;0,312
P3 Gauges;P3 Gauges;289;167,62;35;7;RAP3BF3X;P3 Analog Gauge - BMW F3X / F8X (2011-2019) Right Hand Drive, Orange bars / Orange digits;Home;P3 Analog Gauge - BMW F3X / F8X (2011-2019) Right Hand Drive, Orange bars / Orange digits;P3 Gauges,RAP3BF3X,P3 Analog Gauge - BMW F3X / F8X (2011-2019) Right Hand Drive, Orange bars / Orange digits;P3 Gauges,RAP3BF3X,P3,Analog,Gauge,BMW,F3X,F8X,(2011-2019),Right,Hand,Drive,Orange,bars,Orange,digits;P3-Gauges-RAP3BF3X;8;4;3;0,312
P3 Gauges;P3 Gauges;289;167,62;35;7;LAP3BG42;P3 Analog Gauge - BMW G42 Gauge (2019+) Left Hand Drive;Home;P3 Analog Gauge - BMW G42 Gauge (2019+) Left Hand Drive;P3 Gauges,LAP3BG42,P3 Analog Gauge - BMW G42 Gauge (2019+) Left Hand Drive;P3 Gauges,LAP3BG42,P3,Analog,Gauge,BMW,G42,Gauge,(2019+),Left,Hand,Drive;P3-Gauges-LAP3BG42;;;;
P3 Gauges;P3 Gauges;289;167,62;35;7;RAP3BG42;P3 Analog Gauge - BMW G42 Gauge (2019+) Right Hand Drive;Home;P3 Analog Gauge - BMW G42 Gauge (2019+) Right Hand Drive;P3 Gauges,RAP3BG42,P3 Analog Gauge - BMW G42 Gauge (2019+) Right Hand Drive;P3 Gauges,RAP3BG42,P3,Analog,Gauge,BMW,G42,Gauge,(2019+),Right,Hand,Drive;P3-Gauges-RAP3BG42;;;;
P3 Gauges;P3 Gauges;289;167,62;35;7;LAP3VG2X;P3 Analog Gauge - BMW G2X / G8X Gauge (2019+) Left Hand Drive;Home;P3 Analog Gauge - BMW G2X / G8X Gauge (2019+) Left Hand Drive;P3 Gauges,LAP3VG2X,P3 Analog Gauge - BMW G2X / G8X Gauge (2019+) Left Hand Drive;P3 Gauges,LAP3VG2X,P3,Analog,Gauge,BMW,G2X,G8X,Gauge,(2019+),Left,Hand,Drive;P3-Gauges-LAP3VG2X;8;4;3;0,312
P3 Gauges;P3 Gauges;289;167,62;35;7;RAP3VG2X;P3 Analog Gauge - BMW G2X / G8X Gauge (2019+) Right Hand Drive;Home;P3 Analog Gauge - BMW G2X / G8X Gauge (2019+) Right Hand Drive;P3 Gauges,RAP3VG2X,P3 Analog Gauge - BMW G2X / G8X Gauge (2019+) Right Hand Drive;P3 Gauges,RAP3VG2X,P3,Analog,Gauge,BMW,G2X,G8X,Gauge,(2019+),Right,Hand,Drive;P3-Gauges-RAP3VG2X;8;4;3;0,312
P3 Gauges;P3 Gauges;289;167,62;35;7;LAP3VG3X;P3 Analog Gauge - BMW G3X / F9X Gauge (2019+) Left Hand Drive;Home;P3 Analog Gauge - BMW G3X / F9X Gauge (2019+) Left Hand Drive;P3 Gauges,LAP3VG3X,P3 Analog Gauge - BMW G3X / F9X Gauge (2019+) Left Hand Drive;P3 Gauges,LAP3VG3X,P3,Analog,Gauge,BMW,G3X,F9X,Gauge,(2019+),Left,Hand,Drive;P3-Gauges-LAP3VG3X;8;4;3;0,312
P3 Gauges;P3 Gauges;289;167,62;35;7;RAP3VG3X;P3 Analog Gauge - BMW G3X / F9X Gauge (2019+) Right Hand Drive;Home;P3 Analog Gauge - BMW G3X / F9X Gauge (2019+) Right Hand Drive;P3 Gauges,RAP3VG3X,P3 Analog Gauge - BMW G3X / F9X Gauge (2019+) Right Hand Drive;P3 Gauges,RAP3VG3X,P3,Analog,Gauge,BMW,G3X,F9X,Gauge,(2019+),Right,Hand,Drive;P3-Gauges-RAP3VG3X;8;4;3;0,312
P3 Gauges;P3 Gauges;289;167,62;35;7;RAP3M53X;P3 Analog Gauge - MINI R53 (2000-2006) Right Hand Drive;Home;P3 Analog Gauge - MINI R53 (2000-2006) Right Hand Drive;P3 Gauges,RAP3M53X,P3 Analog Gauge - MINI R53 (2000-2006) Right Hand Drive;P3 Gauges,RAP3M53X,P3,Analog,Gauge,MINI,R53,(2000-2006),Right,Hand,Drive;P3-Gauges-RAP3M53X;8;4;3;0,312
P3 Gauges;P3 Gauges;299;173,42;35;7;RAP3M58X;P3 Analog Gauge - MINI R55-R59 Clubman (2007-2014) Right Hand Drive;Home;P3 Analog Gauge - MINI R55-R59 Clubman (2007-2014) Right Hand Drive;P3 Gauges,RAP3M58X,P3 Analog Gauge - MINI R55-R59 Clubman (2007-2014) Right Hand Drive;P3 Gauges,RAP3M58X,P3,Analog,Gauge,MINI,R55-R59,Clubman,(2007-2014),Right,Hand,Drive;P3-Gauges-RAP3M58X;8;4;3;0,34
P3 Gauges;P3 Gauges;289;167,62;35;7;RAP3MF56;P3 Analog Gauge - MINI F55/F56/F57 (2013-2019) Right Hand Drive;Home;P3 Analog Gauge - MINI F55/F56/F57 (2013-2019) Right Hand Drive;P3 Gauges,RAP3MF56,P3 Analog Gauge - MINI F55/F56/F57 (2013-2019) Right Hand Drive;P3 Gauges,RAP3MF56,P3,Analog,Gauge,MINI,F55,F56,F57,(2013-2019),Right,Hand,Drive;P3-Gauges-RAP3MF56;8;4;3;0,312
P3 Gauges;P3 Gauges;289;167,62;35;7;RAP3MIEX;P3 Analog Gauge - Mitsubishi EVO X (2008-2015) Right Hand Drive;Home;P3 Analog Gauge - Mitsubishi EVO X (2008-2015) Right Hand Drive;P3 Gauges,RAP3MIEX,P3 Analog Gauge - Mitsubishi EVO X (2008-2015) Right Hand Drive;P3 Gauges,RAP3MIEX,P3,Analog,Gauge,Mitsubishi,EVO,X,(2008-2015),Right,Hand,Drive;P3-Gauges-RAP3MIEX;8;4;3;0,312
P3 Gauges;P3 Gauges;289;167,62;35;7;RAP3HC10;P3 Analog Gauge - Honda Civic 10th Gen (2016-2021) Right Hand Drive;Home;P3 Analog Gauge - Honda Civic 10th Gen (2016-2021) Right Hand Drive;P3 Gauges,RAP3HC10,P3 Analog Gauge - Honda Civic 10th Gen (2016-2021) Right Hand Drive;P3 Gauges,RAP3HC10,P3,Analog,Gauge,Honda,Civic,10th,Gen,(2016-2021),Right,Hand,Drive;P3-Gauges-RAP3HC10;8;4;3;0,312
P3 Gauges;P3 Gauges;289;167,62;35;7;LAP3HA10;P3 Analog Gauge - Honda Accord 10th Gen (2016-2021) Left Hand Drive;Home;P3 Analog Gauge - Honda Accord 10th Gen (2016-2021) Left Hand Drive;P3 Gauges,LAP3HA10,P3 Analog Gauge - Honda Accord 10th Gen (2016-2021) Left Hand Drive;P3 Gauges,LAP3HA10,P3,Analog,Gauge,Honda,Accord,10th,Gen,(2016-2021),Left,Hand,Drive;P3-Gauges-LAP3HA10;8;4;3;0,312
P3 Gauges;P3 Gauges;289;167,62;35;7;RAP3HA10;P3 Analog Gauge - Honda Accord 10th Gen (2016-2021) Right Hand Drive;Home;P3 Analog Gauge - Honda Accord 10th Gen (2016-2021) Right Hand Drive;P3 Gauges,RAP3HA10,P3 Analog Gauge - Honda Accord 10th Gen (2016-2021) Right Hand Drive;P3 Gauges,RAP3HA10,P3,Analog,Gauge,Honda,Accord,10th,Gen,(2016-2021),Right,Hand,Drive;P3-Gauges-RAP3HA10;8;4;3;0,312
P3 Gauges;P3 Gauges;289;167,62;35;7;LAP3GMR5;P3 Analog Gauge - Buick Regal / Opel Insignia (2008-2017) Left Hand Drive, Blue / White;Home;P3 Analog Gauge - Buick Regal / Opel Insignia (2008-2017) Left Hand Drive, Blue / White;P3 Gauges,LAP3GMR5,P3 Analog Gauge - Buick Regal / Opel Insignia (2008-2017) Left Hand Drive, Blue / White;P3 Gauges,LAP3GMR5,P3,Analog,Gauge,Buick,Regal,Opel,Insignia,(2008-2017),Left,Hand,Drive,Blue,White;P3-Gauges-LAP3GMR5;8;4;3;0,312
P3 Gauges;P3 Gauges;289;167,62;35;7;RAP3GMR5;P3 Analog Gauge - Buick Regal / Opel Insignia (2008-2017) Right Hand Drive, Blue / White;Home;P3 Analog Gauge - Buick Regal / Opel Insignia (2008-2017) Right Hand Drive, Blue / White;P3 Gauges,RAP3GMR5,P3 Analog Gauge - Buick Regal / Opel Insignia (2008-2017) Right Hand Drive, Blue / White;P3 Gauges,RAP3GMR5,P3,Analog,Gauge,Buick,Regal,Opel,Insignia,(2008-2017),Right,Hand,Drive,Blue,White;P3-Gauges-RAP3GMR5;8;4;3;0,312
P3 Gauges;P3 Gauges;289;167,62;35;7;RAP3FFO3;P3 Analog Gauge - Ford Focus Gen 3 Gauge (2011-2019) Right Hand Drive;Home;P3 Analog Gauge - Ford Focus Gen 3 Gauge (2011-2019) Right Hand Drive;P3 Gauges,RAP3FFO3,P3 Analog Gauge - Ford Focus Gen 3 Gauge (2011-2019) Right Hand Drive;P3 Gauges,RAP3FFO3,P3,Analog,Gauge,Ford,Focus,Gen,3,Gauge,(2011-2019),Right,Hand,Drive;P3-Gauges-RAP3FFO3;8;4;6;0,312
P3 Gauges;P3 Gauges;289;167,62;35;7;UAP3F15A;P3 Analog Gauge - Ford F-150 (2009-2014) Universal, Red Bars / White Digits;Home;P3 Analog Gauge - Ford F-150 (2009-2014) Universal, Red Bars / White Digits;P3 Gauges,UAP3F15A,P3 Analog Gauge - Ford F-150 (2009-2014) Universal, Red Bars / White Digits;P3 Gauges,UAP3F15A,P3,Analog,Gauge,Ford,F-150,(2009-2014),Universal,Red,Bars,White,Digits;P3-Gauges-UAP3F15A;8;4;3;0,312
P3 Gauges;P3 Gauges;289;167,62;35;7;UAP3F150;P3 Analog Gauge - Ford F-150 (2009-2014) Universal, Blue Bars / White Digits;Home;P3 Analog Gauge - Ford F-150 (2009-2014) Universal, Blue Bars / White Digits;P3 Gauges,UAP3F150,P3 Analog Gauge - Ford F-150 (2009-2014) Universal, Blue Bars / White Digits;P3 Gauges,UAP3F150,P3,Analog,Gauge,Ford,F-150,(2009-2014),Universal,Blue,Bars,White,Digits;P3-Gauges-UAP3F150;8;4;3;0,312
P3 Gauges;P3 Gauges;289;167,62;35;7;LAP3F15B;P3 Analog Gauge - Ford F-150 (2015-2020) Left Hand Drive;Home;P3 Analog Gauge - Ford F-150 (2015-2020) Left Hand Drive;P3 Gauges,LAP3F15B,P3 Analog Gauge - Ford F-150 (2015-2020) Left Hand Drive;P3 Gauges,LAP3F15B,P3,Analog,Gauge,Ford,F-150,(2015-2020),Left,Hand,Drive;P3-Gauges-LAP3F15B;8;4;3;0,312
P3 Gauges;P3 Gauges;289;167,62;35;7;LAP3F15C;P3 Analog Gauge - Ford F-150 Gauge (2021+) Left Hand Drive;Home;P3 Analog Gauge - Ford F-150 Gauge (2021+) Left Hand Drive;P3 Gauges,LAP3F15C,P3 Analog Gauge - Ford F-150 Gauge (2021+) Left Hand Drive;P3 Gauges,LAP3F15C,P3,Analog,Gauge,Ford,F-150,Gauge,(2021+),Left,Hand,Drive;P3-Gauges-LAP3F15C;8;6;4;0,51
P3 Gauges;P3 Gauges;289;167,62;35;7;UAP3F25B;P3 Analog Gauge - Ford Super Duty (2008-2016) Universal;Home;P3 Analog Gauge - Ford Super Duty (2008-2016) Universal;P3 Gauges,UAP3F25B,P3 Analog Gauge - Ford Super Duty (2008-2016) Universal;P3 Gauges,UAP3F25B,P3,Analog,Gauge,Ford,Super,Duty,(2008-2016),Universal;P3-Gauges-UAP3F25B;8;4;3;0,312
P3 Gauges;P3 Gauges;289;167,62;35;7;LAP3F25C;P3 Analog Gauge - Ford Super Duty (2017-2022) Left Hand Drive;Home;P3 Analog Gauge - Ford Super Duty (2017-2022) Left Hand Drive;P3 Gauges,LAP3F25C,P3 Analog Gauge - Ford Super Duty (2017-2022) Left Hand Drive;P3 Gauges,LAP3F25C,P3,Analog,Gauge,Ford,Super,Duty,(2017-2022),Left,Hand,Drive;P3-Gauges-LAP3F25C;8;4;3;0,312
P3 Gauges;P3 Gauges;289;167,62;35;7;LAP3TA90;P3 Analog Gauge - Toyota A90 Supra Gauge (2019+) Left Hand Drive;Home;P3 Analog Gauge - Toyota A90 Supra Gauge (2019+) Left Hand Drive;P3 Gauges,LAP3TA90,P3 Analog Gauge - Toyota A90 Supra Gauge (2019+) Left Hand Drive;P3 Gauges,LAP3TA90,P3,Analog,Gauge,Toyota,A90,Supra,Gauge,(2019+),Left,Hand,Drive;P3-Gauges-LAP3TA90;8;4;3;0,312
P3 Gauges;P3 Gauges;289;167,62;35;7;RAP3TA90;P3 Analog Gauge - Toyota A90 Supra Gauge (2019+) Right Hand Drive;Home;P3 Analog Gauge - Toyota A90 Supra Gauge (2019+) Right Hand Drive;P3 Gauges,RAP3TA90,P3 Analog Gauge - Toyota A90 Supra Gauge (2019+) Right Hand Drive;P3 Gauges,RAP3TA90,P3,Analog,Gauge,Toyota,A90,Supra,Gauge,(2019+),Right,Hand,Drive;P3-Gauges-RAP3TA90;8;4;3;0,312
P3 Gauges;P3 Gauges;289;167,62;35;7;RAP3SFRX;P3 Analog Gauge - Subaru BRZ/Toyota FT 86/Scion FRS (2012-2021) Right Hand Drive;Home;P3 Analog Gauge - Subaru BRZ/Toyota FT 86/Scion FRS (2012-2021) Right Hand Drive;P3 Gauges,RAP3SFRX,P3 Analog Gauge - Subaru BRZ/Toyota FT 86/Scion FRS (2012-2021) Right Hand Drive;P3 Gauges,RAP3SFRX,P3,Analog,Gauge,Subaru,BRZ,Toyota,FT,86,Scion,FRS,(2012-2021),Right,Hand,Drive;P3-Gauges-RAP3SFRX;8;4;3;0,312
P3 Gauges;P3 Gauges;299;173,42;35;7;LAP3SFR2;P3 Analog Gauge - Subaru BRZ / Toyota GR86 Gauge (2022+) Left Hand Drive;Home;P3 Analog Gauge - Subaru BRZ / Toyota GR86 Gauge (2022+) Left Hand Drive;P3 Gauges,LAP3SFR2,P3 Analog Gauge - Subaru BRZ / Toyota GR86 Gauge (2022+) Left Hand Drive;P3 Gauges,LAP3SFR2,P3,Analog,Gauge,Subaru,BRZ,Toyota,GR86,Gauge,(2022+),Left,Hand,Drive;P3-Gauges-LAP3SFR2;8;4;3;0,312
P3 Gauges;P3 Gauges;299;173,42;35;7;RAP3SFR2;P3 Analog Gauge - Subaru BRZ / Toyota GR86 Gauge (2022+)Right Hand Drive;Home;P3 Analog Gauge - Subaru BRZ / Toyota GR86 Gauge (2022+)Right Hand Drive;P3 Gauges,RAP3SFR2,P3 Analog Gauge - Subaru BRZ / Toyota GR86 Gauge (2022+)Right Hand Drive;P3 Gauges,RAP3SFR2,P3,Analog,Gauge,Subaru,BRZ,Toyota,GR86,Gauge,(2022+)Right,Hand,Drive;P3-Gauges-RAP3SFR2;8;4;3;0,312
P3 Gauges;P3 Gauges;289;167,62;35;7;RAP3S7SX;P3 Analog Gauge -Subaru WRX/STI/Forester (2008-2014)Right Hand Drive;Home;P3 Analog Gauge -Subaru WRX/STI/Forester (2008-2014)Right Hand Drive;P3 Gauges,RAP3S7SX,P3 Analog Gauge -Subaru WRX/STI/Forester (2008-2014)Right Hand Drive;P3 Gauges,RAP3S7SX,P3,Analog,Gauge,-Subaru,WRX,STI,Forester,(2008-2014)Right,Hand,Drive;P3-Gauges-RAP3S7SX;8;4;3;0,312
P3 Gauges;P3 Gauges;289;167,62;35;7;RAP3S8SX;P3 Analog Gauge -Subaru WRX/STI/Forester (2015-2021) Right Hand Drive, Orange bars / Orange digits;Home;P3 Analog Gauge -Subaru WRX/STI/Forester (2015-2021) Right Hand Drive, Orange bars / Orange digits;P3 Gauges,RAP3S8SX,P3 Analog Gauge -Subaru WRX/STI/Forester (2015-2021) Right Hand Drive, Orange bars / Orange digits;P3 Gauges,RAP3S8SX,P3,Analog,Gauge,-Subaru,WRX,STI,Forester,(2015-2021),Right,Hand,Drive,Orange,bars,Orange,digits;P3-Gauges-RAP3S8SX;8;4;3;0,312
P3 Gauges;P3 Gauges;299;173,42;35;7;UAP3DIY1;P3 DIY Analog Gauge - Rectangle (All Models / All Years) Can be custom-fitted to any vehicle by customer;Home;P3 DIY Analog Gauge - Rectangle (All Models / All Years) Can be custom-fitted to any vehicle by customer;P3 Gauges,UAP3DIY1,P3 DIY Analog Gauge - Rectangle (All Models / All Years) Can be custom-fitted to any vehicle by customer;P3 Gauges,UAP3DIY1,P3,DIY,Analog,Gauge,Rectangle,(All,Models,All,Years),Can,be,custom-fitted,to,any,vehicle,by,customer;P3-Gauges-UAP3DIY1;8;4;3;0,312
P3 Gauges;P3 Gauges;299;173,42;35;7;UAP3DIY2;P3 DIY Analog Gauge - Round 52mm (All Models / All Years) Can be custom-fitted to any vehicle by customer;Home;P3 DIY Analog Gauge - Round 52mm (All Models / All Years) Can be custom-fitted to any vehicle by customer;P3 Gauges,UAP3DIY2,P3 DIY Analog Gauge - Round 52mm (All Models / All Years) Can be custom-fitted to any vehicle by customer;P3 Gauges,UAP3DIY2,P3,DIY,Analog,Gauge,Round,52mm,(All,Models,All,Years),Can,be,custom-fitted,to,any,vehicle,by,customer;P3-Gauges-UAP3DIY2;8;4;3;0,312
P3 Gauges;P3 Gauges;30;17,4;35;7;P3TUB;Tubing Kit;Home;Tubing Kit;P3 Gauges,P3TUB,Tubing Kit;P3 Gauges,P3TUB,Tubing,Kit;P3-Gauges-P3TUB;5;3;3;0,113
P3 Gauges;P3 Gauges;100;58;35;7;P3ESEN;GM/Continental Style Ethanol Content Sensor w/ harness;Home;GM/Continental Style Ethanol Content Sensor w/ harness;P3 Gauges,P3ESEN,GM/Continental Style Ethanol Content Sensor w/ harness;P3 Gauges,P3ESEN,GM,Continental,Style,Ethanol,Content,Sensor,w,harness;P3-Gauges-P3ESEN;5;3;3;0,113
P3 Gauges;P3 Gauges;16;9,28;35;7;P3TRIMKIT;Trim Removal Tool Kit;Home;Trim Removal Tool Kit;P3 Gauges,P3TRIMKIT,Trim Removal Tool Kit;P3 Gauges,P3TRIMKIT,Trim,Removal,Tool,Kit;P3-Gauges-P3TRIMKIT;8;4;3;0,255
P3 Gauges;P3 Gauges;30;17,4;35;7;P3OBDFLEX;Low Profile OBD2 Extension;Home;Low Profile OBD2 Extension;P3 Gauges,P3OBDFLEX,Low Profile OBD2 Extension;P3 Gauges,P3OBDFLEX,Low,Profile,OBD2,Extension;P3-Gauges-P3OBDFLEX;5;3;3;0,142
P3 Gauges;P3 Gauges;30;17,4;35;7;P3OSPLIT;Low Profile OBD2 Splitter;Home;Low Profile OBD2 Splitter;P3 Gauges,P3OSPLIT,Low Profile OBD2 Splitter;P3 Gauges,P3OSPLIT,Low,Profile,OBD2,Splitter;P3-Gauges-P3OSPLIT;5;3;3;0,17
P3 Gauges;P3 Gauges;25;14,5;35;7;P3OBDTAP;Replacement V3 OBD2 Harness - Power/Ground Tap for P3 Analog Gauges;Home;Replacement V3 OBD2 Harness - Power/Ground Tap for P3 Analog Gauges;P3 Gauges,P3OBDTAP,Replacement V3 OBD2 Harness - Power/Ground Tap for P3 Analog Gauges;P3 Gauges,P3OBDTAP,Replacement,V3,OBD2,Harness,Power,Ground,Tap,for,P3,Analog,Gauges;P3-Gauges-P3OBDTAP;5;3;3;0,085
P3 Gauges;P3 Gauges;2,5;1,45;35;7;P3KEYC;P3 Key Circuit Board Chain;Home;P3 Key Circuit Board Chain;P3 Gauges,P3KEYC,P3 Key Circuit Board Chain;P3 Gauges,P3KEYC,P3,Key,Circuit,Board,Chain;P3-Gauges-P3KEYC;5;3;3;0,057
P3 Gauges;P3 Gauges;15;8,7;35;7;P3HWKIT;V3 Hardwire Harness;Home;V3 Hardwire Harness;P3 Gauges,P3HWKIT,V3 Hardwire Harness;P3 Gauges,P3HWKIT,V3,Hardwire,Harness;P3-Gauges-P3HWKIT;5;3;3;0,057
