Manufacturer;Supplier;Name;Category;Price;VAT;Purchase;Meta title;EAN13;Tags;Meta Keywords;Reference;Rewrite
TURBOSMART;TURBOSMART;TURBOSMART BOV RACEPORT FEMALE GENV SUPERCHARGER - BLACK;BLOW OFF VALVES;289,95;7;144,975;TURBOSMART BOV RACEPORT FEMALE GENV SUPERCHARGER - BLACK;9,32698E+12;TURBOSMART,TS-0204-1192,TURBOSMART,BOV,RACEPORT,FEMALE,GENV,SUPERCHARGER,-,BLACK,TURBOSMART,BOV,RACEPORT,FEMALE,GENV,SUPERCHARGER,-,BLACK,TURBOSMART,BOV,RACEPORT,FEMALE,GENV,SUPERCHARGER,,,BLACK;TURBOSMART,TS-0204-1192,TURBOSMART,BOV,RACEPORT,FEMALE,GENV,SUPERCHARGER,-,BLACK,TURBOSMART,BOV,RACEPORT,FEMALE,GENV,SUPERCHARGER,-,BLACK,TURBOSMART,BOV,RACEPORT,FEMALE,GENV,SUPERCHARGER,,,BLACK;TS-0204-1192;TURBOSMART-TS-0204-1192
TURBOSMART;TURBOSMART;TURBOSMART BOV RACEPORT PLUMBACK GENV - SLEEPER;BLOW OFF VALVES;295,95;7;147,975;TURBOSMART BOV RACEPORT PLUMBACK GENV - SLEEPER;9,32698E+12;TURBOSMART,TS-0204-1405,TURBOSMART,BOV,RACEPORT,PLUMBACK,GENV,-,SLEEPER,TURBOSMART,BOV,RACEPORT,PLUMBACK,GENV,-,SLEEPER,TURBOSMART,BOV,RACEPORT,PLUMBACK,GENV,,,SLEEPER;TURBOSMART,TS-0204-1405,TURBOSMART,BOV,RACEPORT,PLUMBACK,GENV,-,SLEEPER,TURBOSMART,BOV,RACEPORT,PLUMBACK,GENV,-,SLEEPER,TURBOSMART,BOV,RACEPORT,PLUMBACK,GENV,,,SLEEPER;TS-0204-1405;TURBOSMART-TS-0204-1405
TURBOSMART;TURBOSMART;TURBOSMART BOV RACEPORT PLUMBACK GENV - SLEEPER (SUPERCHARGED);BLOW OFF VALVES;295,95;7;147,975;TURBOSMART BOV RACEPORT PLUMBACK GENV - SLEEPER (SUPERCHARGED);9,32698E+12;TURBOSMART,TS-0204-1415,TURBOSMART,BOV,RACEPORT,PLUMBACK,GENV,-,SLEEPER,(SUPERCHARGED),TURBOSMART,BOV,RACEPORT,PLUMBACK,GENV,-,SLEEPER,(SUPERCHARGED),TURBOSMART,BOV,RACEPORT,PLUMBACK,GENV,,,SLEEPER,(SUPERCHARGED);TURBOSMART,TS-0204-1415,TURBOSMART,BOV,RACEPORT,PLUMBACK,GENV,-,SLEEPER,(SUPERCHARGED),TURBOSMART,BOV,RACEPORT,PLUMBACK,GENV,-,SLEEPER,(SUPERCHARGED),TURBOSMART,BOV,RACEPORT,PLUMBACK,GENV,,,SLEEPER,(SUPERCHARGED);TS-0204-1415;TURBOSMART-TS-0204-1415
TURBOSMART;TURBOSMART;TURBOSMART BOV RACEPORT PLUMBACK GENV - SLEEPER FEMALE;BLOW OFF VALVES;289,95;7;144,975;TURBOSMART BOV RACEPORT PLUMBACK GENV - SLEEPER FEMALE;9,32698E+12;TURBOSMART,TS-0204-1425,TURBOSMART,BOV,RACEPORT,PLUMBACK,GENV,-,SLEEPER,FEMALE,TURBOSMART,BOV,RACEPORT,PLUMBACK,GENV,-,SLEEPER,FEMALE,TURBOSMART,BOV,RACEPORT,PLUMBACK,GENV,,,SLEEPER,FEMALE;TURBOSMART,TS-0204-1425,TURBOSMART,BOV,RACEPORT,PLUMBACK,GENV,-,SLEEPER,FEMALE,TURBOSMART,BOV,RACEPORT,PLUMBACK,GENV,-,SLEEPER,FEMALE,TURBOSMART,BOV,RACEPORT,PLUMBACK,GENV,,,SLEEPER,FEMALE;TS-0204-1425;TURBOSMART-TS-0204-1425
TURBOSMART;TURBOSMART;TURBOSMART BOV RACEPORT PLUMBACK GENV - SLEEPER FEMALE (SUPERCHARGED);BLOW OFF VALVES;289,95;7;144,975;TURBOSMART BOV RACEPORT PLUMBACK GENV - SLEEPER FEMALE (SUPERCHARGED);9,32698E+12;TURBOSMART,TS-0204-1435,TURBOSMART,BOV,RACEPORT,PLUMBACK,GENV,-,SLEEPER,FEMALE,(SUPERCHARGED),TURBOSMART,BOV,RACEPORT,PLUMBACK,GENV,-,SLEEPER,FEMALE,(SUPERCHARGED),TURBOSMART,BOV,RACEPORT,PLUMBACK,GENV,,,SLEEPER,FEMALE,(SUPERCHARGED);TURBOSMART,TS-0204-1435,TURBOSMART,BOV,RACEPORT,PLUMBACK,GENV,-,SLEEPER,FEMALE,(SUPERCHARGED),TURBOSMART,BOV,RACEPORT,PLUMBACK,GENV,-,SLEEPER,FEMALE,(SUPERCHARGED),TURBOSMART,BOV,RACEPORT,PLUMBACK,GENV,,,SLEEPER,FEMALE,(SUPERCHARGED);TS-0204-1435;TURBOSMART-TS-0204-1435
TURBOSMART;TURBOSMART;TURBOSMART BOV KOMPACT EM DUALPORT- VR29 (MERC C63);BLOW OFF VALVES;489,95;7;244,975;TURBOSMART BOV KOMPACT EM DUALPORT- VR29 (MERC C63);9,32698E+12;TURBOSMART,TS-0223-1055,TURBOSMART,BOV,KOMPACT,EM,DUALPORT-,VR29,(MERC,C63),TURBOSMART,BOV,KOMPACT,EM,DUALPORT-,VR29,(MERC,C63),TURBOSMART,BOV,KOMPACT,EM,DUALPORT,,VR29,(MERC,C63);TURBOSMART,TS-0223-1055,TURBOSMART,BOV,KOMPACT,EM,DUALPORT-,VR29,(MERC,C63),TURBOSMART,BOV,KOMPACT,EM,DUALPORT-,VR29,(MERC,C63),TURBOSMART,BOV,KOMPACT,EM,DUALPORT,,VR29,(MERC,C63);TS-0223-1055;TURBOSMART-TS-0223-1055
TURBOSMART;TURBOSMART;TURBOSMART BOV KOMPACT EM PLUMBACK- VR29 (MERC C63);BLOW OFF VALVES;455,95;7;227,975;TURBOSMART BOV KOMPACT EM PLUMBACK- VR29 (MERC C63);9,32698E+12;TURBOSMART,TS-0223-1255,TURBOSMART,BOV,KOMPACT,EM,PLUMBACK-,VR29,(MERC,C63),TURBOSMART,BOV,KOMPACT,EM,PLUMBACK-,VR29,(MERC,C63),TURBOSMART,BOV,KOMPACT,EM,PLUMBACK,,VR29,(MERC,C63);TURBOSMART,TS-0223-1255,TURBOSMART,BOV,KOMPACT,EM,PLUMBACK-,VR29,(MERC,C63),TURBOSMART,BOV,KOMPACT,EM,PLUMBACK-,VR29,(MERC,C63),TURBOSMART,BOV,KOMPACT,EM,PLUMBACK,,VR29,(MERC,C63);TS-0223-1255;TURBOSMART-TS-0223-1255
TURBOSMART;TURBOSMART;TURBOSMART BOV RACEPORT EM GENV SLEEPER;BLOW OFF VALVES;339,95;7;169,975;TURBOSMART BOV RACEPORT EM GENV SLEEPER;9,32698E+12;TURBOSMART,TS-0224-1135,TURBOSMART,BOV,RACEPORT,EM,GENV,SLEEPER,TURBOSMART,BOV,RACEPORT,EM,GENV,SLEEPER,TURBOSMART,BOV,RACEPORT,EM,GENV,SLEEPER;TURBOSMART,TS-0224-1135,TURBOSMART,BOV,RACEPORT,EM,GENV,SLEEPER,TURBOSMART,BOV,RACEPORT,EM,GENV,SLEEPER,TURBOSMART,BOV,RACEPORT,EM,GENV,SLEEPER;TS-0224-1135;TURBOSMART-TS-0224-1135
TURBOSMART;TURBOSMART;TURBOSMART BOV RACEPORT EM FEMALE GENV SLEEPER;BLOW OFF VALVES;334,95;7;167,475;TURBOSMART BOV RACEPORT EM FEMALE GENV SLEEPER;9,32698E+12;TURBOSMART,TS-0224-1145,TURBOSMART,BOV,RACEPORT,EM,FEMALE,GENV,SLEEPER,TURBOSMART,BOV,RACEPORT,EM,FEMALE,GENV,SLEEPER,TURBOSMART,BOV,RACEPORT,EM,FEMALE,GENV,SLEEPER;TURBOSMART,TS-0224-1145,TURBOSMART,BOV,RACEPORT,EM,FEMALE,GENV,SLEEPER,TURBOSMART,BOV,RACEPORT,EM,FEMALE,GENV,SLEEPER,TURBOSMART,BOV,RACEPORT,EM,FEMALE,GENV,SLEEPER;TS-0224-1145;TURBOSMART-TS-0224-1145
TURBOSMART;TURBOSMART;TURBOSMART BOV RACEPORT EM PLUMBACK GENV SLEEPER;BLOW OFF VALVES;349,95;7;174,975;TURBOSMART BOV RACEPORT EM PLUMBACK GENV SLEEPER;9,32698E+12;TURBOSMART,TS-0224-1405,TURBOSMART,BOV,RACEPORT,EM,PLUMBACK,GENV,SLEEPER,TURBOSMART,BOV,RACEPORT,EM,PLUMBACK,GENV,SLEEPER,TURBOSMART,BOV,RACEPORT,EM,PLUMBACK,GENV,SLEEPER;TURBOSMART,TS-0224-1405,TURBOSMART,BOV,RACEPORT,EM,PLUMBACK,GENV,SLEEPER,TURBOSMART,BOV,RACEPORT,EM,PLUMBACK,GENV,SLEEPER,TURBOSMART,BOV,RACEPORT,EM,PLUMBACK,GENV,SLEEPER;TS-0224-1405;TURBOSMART-TS-0224-1405
TURBOSMART;TURBOSMART;TURBOSMART BOV RACEPORT EM PLUMBACK FEMALE GENV SLEEPER;BLOW OFF VALVES;349,95;7;174,975;TURBOSMART BOV RACEPORT EM PLUMBACK FEMALE GENV SLEEPER;9,32698E+12;TURBOSMART,TS-0224-1425,TURBOSMART,BOV,RACEPORT,EM,PLUMBACK,FEMALE,GENV,SLEEPER,TURBOSMART,BOV,RACEPORT,EM,PLUMBACK,FEMALE,GENV,SLEEPER,TURBOSMART,BOV,RACEPORT,EM,PLUMBACK,FEMALE,GENV,SLEEPER;TURBOSMART,TS-0224-1425,TURBOSMART,BOV,RACEPORT,EM,PLUMBACK,FEMALE,GENV,SLEEPER,TURBOSMART,BOV,RACEPORT,EM,PLUMBACK,FEMALE,GENV,SLEEPER,TURBOSMART,BOV,RACEPORT,EM,PLUMBACK,FEMALE,GENV,SLEEPER;TS-0224-1425;TURBOSMART-TS-0224-1425
TURBOSMART;TURBOSMART;TURBOSMART BOV CONTROLLER RACEPORT EM BLACK;BLOW OFF VALVES;594,95;7;297,475;TURBOSMART BOV CONTROLLER RACEPORT EM BLACK;9,32968E+12;TURBOSMART,TS-0304-1102,TURBOSMART,BOV,CONTROLLER,RACEPORT,EM,BLACK,TURBOSMART,BOV,CONTROLLER,RACEPORT,EM,BLACK,TURBOSMART,BOV,CONTROLLER,RACEPORT,EM,BLACK;TURBOSMART,TS-0304-1102,TURBOSMART,BOV,CONTROLLER,RACEPORT,EM,BLACK,TURBOSMART,BOV,CONTROLLER,RACEPORT,EM,BLACK,TURBOSMART,BOV,CONTROLLER,RACEPORT,EM,BLACK;TS-0304-1102;TURBOSMART-TS-0304-1102
TURBOSMART;TURBOSMART;TURBOSMART BOV RACEPORT TITANIUM WELD FLANGE TO SUIT FEMALE BOV;SPARES & ACCESSORIES;59,95;7;29,975;TURBOSMART BOV RACEPORT TITANIUM WELD FLANGE TO SUIT FEMALE BOV;9,32698E+12;TURBOSMART,TS-0204-3014,TURBOSMART,BOV,RACEPORT,TITANIUM,WELD,FLANGE,TO,SUIT,FEMALE,BOV,TURBOSMART,BOV,RACEPORT,TITANIUM,WELD,FLANGE,TO,SUIT,FEMALE,BOV,TURBOSMART,BOV,RACEPORT,TITANIUM,WELD,FLANGE,TO,SUIT,FEMALE,BOV;TURBOSMART,TS-0204-3014,TURBOSMART,BOV,RACEPORT,TITANIUM,WELD,FLANGE,TO,SUIT,FEMALE,BOV,TURBOSMART,BOV,RACEPORT,TITANIUM,WELD,FLANGE,TO,SUIT,FEMALE,BOV,TURBOSMART,BOV,RACEPORT,TITANIUM,WELD,FLANGE,TO,SUIT,FEMALE,BOV;TS-0204-3014;TURBOSMART-TS-0204-3014
TURBOSMART;TURBOSMART;TURBOSMART BOV RACEPORT TITANIUM WELD FLANGE TO SUIT MALE BOV;SPARES & ACCESSORIES;59,95;7;29,975;TURBOSMART BOV RACEPORT TITANIUM WELD FLANGE TO SUIT MALE BOV;9,32698E+12;TURBOSMART,TS-0204-3015,TURBOSMART,BOV,RACEPORT,TITANIUM,WELD,FLANGE,TO,SUIT,MALE,BOV,TURBOSMART,BOV,RACEPORT,TITANIUM,WELD,FLANGE,TO,SUIT,MALE,BOV,TURBOSMART,BOV,RACEPORT,TITANIUM,WELD,FLANGE,TO,SUIT,MALE,BOV;TURBOSMART,TS-0204-3015,TURBOSMART,BOV,RACEPORT,TITANIUM,WELD,FLANGE,TO,SUIT,MALE,BOV,TURBOSMART,BOV,RACEPORT,TITANIUM,WELD,FLANGE,TO,SUIT,MALE,BOV,TURBOSMART,BOV,RACEPORT,TITANIUM,WELD,FLANGE,TO,SUIT,MALE,BOV;TS-0204-3015;TURBOSMART-TS-0204-3015
TURBOSMART;TURBOSMART;TURBOSMART BOV RACEPORT PLUMBACK PISTON ASSEMBLY;SPARES & ACCESSORIES;99,95;7;49,975;TURBOSMART BOV RACEPORT PLUMBACK PISTON ASSEMBLY;9,32968E+12;TURBOSMART,TS-0204-3111,TURBOSMART,BOV,RACEPORT,PLUMBACK,PISTON,ASSEMBLY,TURBOSMART,BOV,RACEPORT,PLUMBACK,PISTON,ASSEMBLY,TURBOSMART,BOV,RACEPORT,PLUMBACK,PISTON,ASSEMBLY;TURBOSMART,TS-0204-3111,TURBOSMART,BOV,RACEPORT,PLUMBACK,PISTON,ASSEMBLY,TURBOSMART,BOV,RACEPORT,PLUMBACK,PISTON,ASSEMBLY,TURBOSMART,BOV,RACEPORT,PLUMBACK,PISTON,ASSEMBLY;TS-0204-3111;TURBOSMART-TS-0204-3111
TURBOSMART;TURBOSMART;TURBOSMART BOV POWERPORT COLLAR SILVER;SPARES & ACCESSORIES;53,95;7;26,975;TURBOSMART BOV POWERPORT COLLAR SILVER;9,32698E+12;TURBOSMART,TS-0207-3010,TURBOSMART,BOV,POWERPORT,COLLAR,SILVER,TURBOSMART,BOV,POWERPORT,COLLAR,SILVER,TURBOSMART,BOV,POWERPORT,COLLAR,SILVER;TURBOSMART,TS-0207-3010,TURBOSMART,BOV,POWERPORT,COLLAR,SILVER,TURBOSMART,BOV,POWERPORT,COLLAR,SILVER,TURBOSMART,BOV,POWERPORT,COLLAR,SILVER;TS-0207-3010;TURBOSMART-TS-0207-3010
TURBOSMART;TURBOSMART;TURBOSMART BOV POWERPORT COLLAR BLUE;SPARES & ACCESSORIES;53,95;7;26,975;TURBOSMART BOV POWERPORT COLLAR BLUE;9,32698E+12;TURBOSMART,TS-0207-3011,TURBOSMART,BOV,POWERPORT,COLLAR,BLUE,TURBOSMART,BOV,POWERPORT,COLLAR,BLUE,TURBOSMART,BOV,POWERPORT,COLLAR,BLUE;TURBOSMART,TS-0207-3011,TURBOSMART,BOV,POWERPORT,COLLAR,BLUE,TURBOSMART,BOV,POWERPORT,COLLAR,BLUE,TURBOSMART,BOV,POWERPORT,COLLAR,BLUE;TS-0207-3011;TURBOSMART-TS-0207-3011
TURBOSMART;TURBOSMART;TURBOSMART BOV POWERPORT COLLAR BLACK;SPARES & ACCESSORIES;53,95;7;26,975;TURBOSMART BOV POWERPORT COLLAR BLACK;9,32698E+12;TURBOSMART,TS-0207-3012,TURBOSMART,BOV,POWERPORT,COLLAR,BLACK,TURBOSMART,BOV,POWERPORT,COLLAR,BLACK,TURBOSMART,BOV,POWERPORT,COLLAR,BLACK;TURBOSMART,TS-0207-3012,TURBOSMART,BOV,POWERPORT,COLLAR,BLACK,TURBOSMART,BOV,POWERPORT,COLLAR,BLACK,TURBOSMART,BOV,POWERPORT,COLLAR,BLACK;TS-0207-3012;TURBOSMART-TS-0207-3012
TURBOSMART;TURBOSMART;TURBOSMART BOV POWERPORT COLLAR RED;SPARES & ACCESSORIES;53,95;7;26,975;TURBOSMART BOV POWERPORT COLLAR RED;9,32698E+12;TURBOSMART,TS-0207-3013,TURBOSMART,BOV,POWERPORT,COLLAR,RED,TURBOSMART,BOV,POWERPORT,COLLAR,RED,TURBOSMART,BOV,POWERPORT,COLLAR,RED;TURBOSMART,TS-0207-3013,TURBOSMART,BOV,POWERPORT,COLLAR,RED,TURBOSMART,BOV,POWERPORT,COLLAR,RED,TURBOSMART,BOV,POWERPORT,COLLAR,RED;TS-0207-3013;TURBOSMART-TS-0207-3013
TURBOSMART;TURBOSMART;TURBOSMART BOV POWERPORT COLLAR PURPLE;SPARES & ACCESSORIES;53,95;7;26,975;TURBOSMART BOV POWERPORT COLLAR PURPLE;9,32698E+12;TURBOSMART,TS-0207-3014,TURBOSMART,BOV,POWERPORT,COLLAR,PURPLE,TURBOSMART,BOV,POWERPORT,COLLAR,PURPLE,TURBOSMART,BOV,POWERPORT,COLLAR,PURPLE;TURBOSMART,TS-0207-3014,TURBOSMART,BOV,POWERPORT,COLLAR,PURPLE,TURBOSMART,BOV,POWERPORT,COLLAR,PURPLE,TURBOSMART,BOV,POWERPORT,COLLAR,PURPLE;TS-0207-3014;TURBOSMART-TS-0207-3014
TURBOSMART;TURBOSMART;TURBOSMART BOV POWERPORT COLLAR PLATINUM;SPARES & ACCESSORIES;53,95;7;26,975;TURBOSMART BOV POWERPORT COLLAR PLATINUM;9,32698E+12;TURBOSMART,TS-0207-3015,TURBOSMART,BOV,POWERPORT,COLLAR,PLATINUM,TURBOSMART,BOV,POWERPORT,COLLAR,PLATINUM,TURBOSMART,BOV,POWERPORT,COLLAR,PLATINUM;TURBOSMART,TS-0207-3015,TURBOSMART,BOV,POWERPORT,COLLAR,PLATINUM,TURBOSMART,BOV,POWERPORT,COLLAR,PLATINUM,TURBOSMART,BOV,POWERPORT,COLLAR,PLATINUM;TS-0207-3015;TURBOSMART-TS-0207-3015
TURBOSMART;TURBOSMART;TURBOSMART BOV POWERPORT COLLAR GOLD;SPARES & ACCESSORIES;53,95;7;26,975;TURBOSMART BOV POWERPORT COLLAR GOLD;9,32968E+12;TURBOSMART,TS-0207-3016,TURBOSMART,BOV,POWERPORT,COLLAR,GOLD,TURBOSMART,BOV,POWERPORT,COLLAR,GOLD,TURBOSMART,BOV,POWERPORT,COLLAR,GOLD;TURBOSMART,TS-0207-3016,TURBOSMART,BOV,POWERPORT,COLLAR,GOLD,TURBOSMART,BOV,POWERPORT,COLLAR,GOLD,TURBOSMART,BOV,POWERPORT,COLLAR,GOLD;TS-0207-3016;TURBOSMART-TS-0207-3016
TURBOSMART;TURBOSMART;TURBOSMART BOV POWERPORT/PROPORT TITANIUM WELD FLANGE;SPARES & ACCESSORIES;60,95;7;30,475;TURBOSMART BOV POWERPORT/PROPORT TITANIUM WELD FLANGE;9,32698E+12;TURBOSMART,TS-0207-3017,TURBOSMART,BOV,POWERPORT/PROPORT,TITANIUM,WELD,FLANGE,TURBOSMART,BOV,POWERPORT,PROPORT,TITANIUM,WELD,FLANGE,TURBOSMART,BOV,POWERPORT/PROPORT,TITANIUM,WELD,FLANGE;TURBOSMART,TS-0207-3017,TURBOSMART,BOV,POWERPORT/PROPORT,TITANIUM,WELD,FLANGE,TURBOSMART,BOV,POWERPORT,PROPORT,TITANIUM,WELD,FLANGE,TURBOSMART,BOV,POWERPORT/PROPORT,TITANIUM,WELD,FLANGE;TS-0207-3017;TURBOSMART-TS-0207-3017
TURBOSMART;TURBOSMART;TURBOSMART BOV EM SOLENOID REPLACEMENT -KOMPACT/RACEPORT UNI;SPARES & ACCESSORIES;138,95;7;69,475;TURBOSMART BOV EM SOLENOID REPLACEMENT -KOMPACT/RACEPORT UNI;9,32968E+12;TURBOSMART,TS-0223-3009,TURBOSMART,BOV,EM,SOLENOID,REPLACEMENT,-KOMPACT/RACEPORT,UNI,TURBOSMART,BOV,EM,SOLENOID,REPLACEMENT,-KOMPACT,RACEPORT,UNI,TURBOSMART,BOV,EM,SOLENOID,REPLACEMENT,,KOMPACT/RACEPORT,UNI;TURBOSMART,TS-0223-3009,TURBOSMART,BOV,EM,SOLENOID,REPLACEMENT,-KOMPACT/RACEPORT,UNI,TURBOSMART,BOV,EM,SOLENOID,REPLACEMENT,-KOMPACT,RACEPORT,UNI,TURBOSMART,BOV,EM,SOLENOID,REPLACEMENT,,KOMPACT/RACEPORT,UNI;TS-0223-3009;TURBOSMART-TS-0223-3009
TURBOSMART;TURBOSMART;TURBOSMART BOV EM O-RING REPLACEMENT KIT- VR1, VR3, VR7, VR9, VR11, VR13, VR15, VR16, VR23;SPARES & ACCESSORIES;11,95;7;5,975;TURBOSMART BOV EM O-RING REPLACEMENT KIT- VR1, VR3, VR7, VR9, VR11, VR13, VR15, VR16, VR23;9,32698E+12;TURBOSMART,TS-0223-3010,TURBOSMART,BOV,EM,O-RING,REPLACEMENT,KIT-,VR1,,VR3,,VR7,,VR9,,VR11,,VR13,,VR15,,VR16,,VR23,TURBOSMART,BOV,EM,O-RING,REPLACEMENT,KIT-,VR1,,VR3,,VR7,,VR9,,VR11,,VR13,,VR15,,VR16,,VR23,TURBOSMART,BOV,EM,O,RING,REPLACEMENT,KIT,,VR1,,VR3,,VR7,,VR9,,VR11,,VR13,,VR15,,VR16,,VR23;TURBOSMART,TS-0223-3010,TURBOSMART,BOV,EM,O-RING,REPLACEMENT,KIT-,VR1,,VR3,,VR7,,VR9,,VR11,,VR13,,VR15,,VR16,,VR23,TURBOSMART,BOV,EM,O-RING,REPLACEMENT,KIT-,VR1,,VR3,,VR7,,VR9,,VR11,,VR13,,VR15,,VR16,,VR23,TURBOSMART,BOV,EM,O,RING,REPLACEMENT,KIT,,VR1,,VR3,,VR7,,VR9,,VR11,,VR13,,VR15,,VR16,,VR23;TS-0223-3010;TURBOSMART-TS-0223-3010
TURBOSMART;TURBOSMART;TURBOSMART BOV EM SOLENOID REPLACEMENT- VR29;SPARES & ACCESSORIES;194,95;7;97,475;TURBOSMART BOV EM SOLENOID REPLACEMENT- VR29;9,32968E+12;TURBOSMART,TS-0223-3021,TURBOSMART,BOV,EM,SOLENOID,REPLACEMENT-,VR29,TURBOSMART,BOV,EM,SOLENOID,REPLACEMENT-,VR29,TURBOSMART,BOV,EM,SOLENOID,REPLACEMENT,,VR29;TURBOSMART,TS-0223-3021,TURBOSMART,BOV,EM,SOLENOID,REPLACEMENT-,VR29,TURBOSMART,BOV,EM,SOLENOID,REPLACEMENT-,VR29,TURBOSMART,BOV,EM,SOLENOID,REPLACEMENT,,VR29;TS-0223-3021;TURBOSMART-TS-0223-3021
TURBOSMART;TURBOSMART;TURBOSMART WG50 INLET WELD FLANGE TITANIUM;SPARES & ACCESSORIES;59,95;7;29,975;TURBOSMART WG50 INLET WELD FLANGE TITANIUM;9,32698E+12;TURBOSMART,TS-0502-3016,TURBOSMART,WG50,INLET,WELD,FLANGE,TITANIUM,TURBOSMART,WG50,INLET,WELD,FLANGE,TITANIUM,TURBOSMART,WG50,INLET,WELD,FLANGE,TITANIUM;TURBOSMART,TS-0502-3016,TURBOSMART,WG50,INLET,WELD,FLANGE,TITANIUM,TURBOSMART,WG50,INLET,WELD,FLANGE,TITANIUM,TURBOSMART,WG50,INLET,WELD,FLANGE,TITANIUM;TS-0502-3016;TURBOSMART-TS-0502-3016
TURBOSMART;TURBOSMART;TURBOSMART WG50 OUTLET WELD FLANGE TITANIUM;SPARES & ACCESSORIES;59,95;7;29,975;TURBOSMART WG50 OUTLET WELD FLANGE TITANIUM;9,32698E+12;TURBOSMART,TS-0502-3017,TURBOSMART,WG50,OUTLET,WELD,FLANGE,TITANIUM,TURBOSMART,WG50,OUTLET,WELD,FLANGE,TITANIUM,TURBOSMART,WG50,OUTLET,WELD,FLANGE,TITANIUM;TURBOSMART,TS-0502-3017,TURBOSMART,WG50,OUTLET,WELD,FLANGE,TITANIUM,TURBOSMART,WG50,OUTLET,WELD,FLANGE,TITANIUM,TURBOSMART,WG50,OUTLET,WELD,FLANGE,TITANIUM;TS-0502-3017;TURBOSMART-TS-0502-3017
TURBOSMART;TURBOSMART;TURBOSMART WG60 INLET WELD FLANGE TITANIUM;SPARES & ACCESSORIES;60,95;7;30,475;TURBOSMART WG60 INLET WELD FLANGE TITANIUM;9,32698E+12;TURBOSMART,TS-0503-3011,TURBOSMART,WG60,INLET,WELD,FLANGE,TITANIUM,TURBOSMART,WG60,INLET,WELD,FLANGE,TITANIUM,TURBOSMART,WG60,INLET,WELD,FLANGE,TITANIUM;TURBOSMART,TS-0503-3011,TURBOSMART,WG60,INLET,WELD,FLANGE,TITANIUM,TURBOSMART,WG60,INLET,WELD,FLANGE,TITANIUM,TURBOSMART,WG60,INLET,WELD,FLANGE,TITANIUM;TS-0503-3011;TURBOSMART-TS-0503-3011
TURBOSMART;TURBOSMART;TURBOSMART WG60 OUTLET WELD FLANGE TITANIUM;SPARES & ACCESSORIES;60,95;7;30,475;TURBOSMART WG60 OUTLET WELD FLANGE TITANIUM;9,32698E+12;TURBOSMART,TS-0503-3012,TURBOSMART,WG60,OUTLET,WELD,FLANGE,TITANIUM,TURBOSMART,WG60,OUTLET,WELD,FLANGE,TITANIUM,TURBOSMART,WG60,OUTLET,WELD,FLANGE,TITANIUM;TURBOSMART,TS-0503-3012,TURBOSMART,WG60,OUTLET,WELD,FLANGE,TITANIUM,TURBOSMART,WG60,OUTLET,WELD,FLANGE,TITANIUM,TURBOSMART,WG60,OUTLET,WELD,FLANGE,TITANIUM;TS-0503-3012;TURBOSMART-TS-0503-3012
TURBOSMART;TURBOSMART;TURBOSMART WG45 INLET WELD FLANGE TITANIUM;SPARES & ACCESSORIES;57,95;7;28,975;TURBOSMART WG45 INLET WELD FLANGE TITANIUM;9,32698E+12;TURBOSMART,TS-0504-3014,TURBOSMART,WG45,INLET,WELD,FLANGE,TITANIUM,TURBOSMART,WG45,INLET,WELD,FLANGE,TITANIUM,TURBOSMART,WG45,INLET,WELD,FLANGE,TITANIUM;TURBOSMART,TS-0504-3014,TURBOSMART,WG45,INLET,WELD,FLANGE,TITANIUM,TURBOSMART,WG45,INLET,WELD,FLANGE,TITANIUM,TURBOSMART,WG45,INLET,WELD,FLANGE,TITANIUM;TS-0504-3014;TURBOSMART-TS-0504-3014
TURBOSMART;TURBOSMART;TURBOSMART WG45 OUTLET WELD FLANGE TITANIUM;SPARES & ACCESSORIES;57,95;7;28,975;TURBOSMART WG45 OUTLET WELD FLANGE TITANIUM;9,32698E+12;TURBOSMART,TS-0504-3015,TURBOSMART,WG45,OUTLET,WELD,FLANGE,TITANIUM,TURBOSMART,WG45,OUTLET,WELD,FLANGE,TITANIUM,TURBOSMART,WG45,OUTLET,WELD,FLANGE,TITANIUM;TURBOSMART,TS-0504-3015,TURBOSMART,WG45,OUTLET,WELD,FLANGE,TITANIUM,TURBOSMART,WG45,OUTLET,WELD,FLANGE,TITANIUM,TURBOSMART,WG45,OUTLET,WELD,FLANGE,TITANIUM;TS-0504-3015;TURBOSMART-TS-0504-3015
TURBOSMART;TURBOSMART;TURBOSMART WG40 ALLOY INLET WELD FLANGE;SPARES & ACCESSORIES;14,95;7;7,475;TURBOSMART WG40 ALLOY INLET WELD FLANGE;9,32968E+12;TURBOSMART,TS-0505-3017,TURBOSMART,WG40,ALLOY,INLET,WELD,FLANGE,TURBOSMART,WG40,ALLOY,INLET,WELD,FLANGE,TURBOSMART,WG40,ALLOY,INLET,WELD,FLANGE;TURBOSMART,TS-0505-3017,TURBOSMART,WG40,ALLOY,INLET,WELD,FLANGE,TURBOSMART,WG40,ALLOY,INLET,WELD,FLANGE,TURBOSMART,WG40,ALLOY,INLET,WELD,FLANGE;TS-0505-3017;TURBOSMART-TS-0505-3017
TURBOSMART;TURBOSMART;TURBOSMART WG40 INLET WELD FLANGE TITANIUM;SPARES & ACCESSORIES;48,95;7;24,475;TURBOSMART WG40 INLET WELD FLANGE TITANIUM;9,32698E+12;TURBOSMART,TS-0505-3018,TURBOSMART,WG40,INLET,WELD,FLANGE,TITANIUM,TURBOSMART,WG40,INLET,WELD,FLANGE,TITANIUM,TURBOSMART,WG40,INLET,WELD,FLANGE,TITANIUM;TURBOSMART,TS-0505-3018,TURBOSMART,WG40,INLET,WELD,FLANGE,TITANIUM,TURBOSMART,WG40,INLET,WELD,FLANGE,TITANIUM,TURBOSMART,WG40,INLET,WELD,FLANGE,TITANIUM;TS-0505-3018;TURBOSMART-TS-0505-3018
TURBOSMART;TURBOSMART;TURBOSMART BOV RACEPORT AND IWG LOCKING COLLAR BLUE;SPARES & ACCESSORIES;37,95;7;18,975;TURBOSMART BOV RACEPORT AND IWG LOCKING COLLAR BLUE;9,32698E+12;TURBOSMART,TS-0505-3020,TURBOSMART,BOV,RACEPORT,AND,IWG,LOCKING,COLLAR,BLUE,TURBOSMART,BOV,RACEPORT,AND,IWG,LOCKING,COLLAR,BLUE,TURBOSMART,BOV,RACEPORT,AND,IWG,LOCKING,COLLAR,BLUE;TURBOSMART,TS-0505-3020,TURBOSMART,BOV,RACEPORT,AND,IWG,LOCKING,COLLAR,BLUE,TURBOSMART,BOV,RACEPORT,AND,IWG,LOCKING,COLLAR,BLUE,TURBOSMART,BOV,RACEPORT,AND,IWG,LOCKING,COLLAR,BLUE;TS-0505-3020;TURBOSMART-TS-0505-3020
TURBOSMART;TURBOSMART;TURBOSMART BOV RACEPORT AND IWG LOCKING COLLAR BLACK;SPARES & ACCESSORIES;37,95;7;18,975;TURBOSMART BOV RACEPORT AND IWG LOCKING COLLAR BLACK;9,32698E+12;TURBOSMART,TS-0505-3021,TURBOSMART,BOV,RACEPORT,AND,IWG,LOCKING,COLLAR,BLACK,TURBOSMART,BOV,RACEPORT,AND,IWG,LOCKING,COLLAR,BLACK,TURBOSMART,BOV,RACEPORT,AND,IWG,LOCKING,COLLAR,BLACK;TURBOSMART,TS-0505-3021,TURBOSMART,BOV,RACEPORT,AND,IWG,LOCKING,COLLAR,BLACK,TURBOSMART,BOV,RACEPORT,AND,IWG,LOCKING,COLLAR,BLACK,TURBOSMART,BOV,RACEPORT,AND,IWG,LOCKING,COLLAR,BLACK;TS-0505-3021;TURBOSMART-TS-0505-3021
TURBOSMART;TURBOSMART;TURBOSMART BOV RACEPORT AND IWG LOCKING COLLAR RED;SPARES & ACCESSORIES;37,95;7;18,975;TURBOSMART BOV RACEPORT AND IWG LOCKING COLLAR RED;9,32698E+12;TURBOSMART,TS-0505-3022,TURBOSMART,BOV,RACEPORT,AND,IWG,LOCKING,COLLAR,RED,TURBOSMART,BOV,RACEPORT,AND,IWG,LOCKING,COLLAR,RED,TURBOSMART,BOV,RACEPORT,AND,IWG,LOCKING,COLLAR,RED;TURBOSMART,TS-0505-3022,TURBOSMART,BOV,RACEPORT,AND,IWG,LOCKING,COLLAR,RED,TURBOSMART,BOV,RACEPORT,AND,IWG,LOCKING,COLLAR,RED,TURBOSMART,BOV,RACEPORT,AND,IWG,LOCKING,COLLAR,RED;TS-0505-3022;TURBOSMART-TS-0505-3022
TURBOSMART;TURBOSMART;TURBOSMART BOV RACEPORT AND IWG LOCKING COLLAR PURPLE;SPARES & ACCESSORIES;37,95;7;18,975;TURBOSMART BOV RACEPORT AND IWG LOCKING COLLAR PURPLE;9,32698E+12;TURBOSMART,TS-0505-3023,TURBOSMART,BOV,RACEPORT,AND,IWG,LOCKING,COLLAR,PURPLE,TURBOSMART,BOV,RACEPORT,AND,IWG,LOCKING,COLLAR,PURPLE,TURBOSMART,BOV,RACEPORT,AND,IWG,LOCKING,COLLAR,PURPLE;TURBOSMART,TS-0505-3023,TURBOSMART,BOV,RACEPORT,AND,IWG,LOCKING,COLLAR,PURPLE,TURBOSMART,BOV,RACEPORT,AND,IWG,LOCKING,COLLAR,PURPLE,TURBOSMART,BOV,RACEPORT,AND,IWG,LOCKING,COLLAR,PURPLE;TS-0505-3023;TURBOSMART-TS-0505-3023
TURBOSMART;TURBOSMART;TURBOSMART BOV RACEPORT AND IWG LOCKING COLLAR PLATINUM;SPARES & ACCESSORIES;37,95;7;18,975;TURBOSMART BOV RACEPORT AND IWG LOCKING COLLAR PLATINUM;9,32698E+12;TURBOSMART,TS-0505-3024,TURBOSMART,BOV,RACEPORT,AND,IWG,LOCKING,COLLAR,PLATINUM,TURBOSMART,BOV,RACEPORT,AND,IWG,LOCKING,COLLAR,PLATINUM,TURBOSMART,BOV,RACEPORT,AND,IWG,LOCKING,COLLAR,PLATINUM;TURBOSMART,TS-0505-3024,TURBOSMART,BOV,RACEPORT,AND,IWG,LOCKING,COLLAR,PLATINUM,TURBOSMART,BOV,RACEPORT,AND,IWG,LOCKING,COLLAR,PLATINUM,TURBOSMART,BOV,RACEPORT,AND,IWG,LOCKING,COLLAR,PLATINUM;TS-0505-3024;TURBOSMART-TS-0505-3024
TURBOSMART;TURBOSMART;TURBOSMART BOV RACEPORT AND IWG LOCKING COLLAR GOLD;SPARES & ACCESSORIES;37,95;7;18,975;TURBOSMART BOV RACEPORT AND IWG LOCKING COLLAR GOLD;9,32968E+12;TURBOSMART,TS-0505-3025,TURBOSMART,BOV,RACEPORT,AND,IWG,LOCKING,COLLAR,GOLD,TURBOSMART,BOV,RACEPORT,AND,IWG,LOCKING,COLLAR,GOLD,TURBOSMART,BOV,RACEPORT,AND,IWG,LOCKING,COLLAR,GOLD;TURBOSMART,TS-0505-3025,TURBOSMART,BOV,RACEPORT,AND,IWG,LOCKING,COLLAR,GOLD,TURBOSMART,BOV,RACEPORT,AND,IWG,LOCKING,COLLAR,GOLD,TURBOSMART,BOV,RACEPORT,AND,IWG,LOCKING,COLLAR,GOLD;TS-0505-3025;TURBOSMART-TS-0505-3025
TURBOSMART;TURBOSMART;TURBOSMART WG38/40 ACTUATOR CAP O-RING;SPARES & ACCESSORIES;9,95;7;4,975;TURBOSMART WG38/40 ACTUATOR CAP O-RING;9,32968E+12;TURBOSMART,TS-0550-3105,TURBOSMART,WG38/40,ACTUATOR,CAP,O-RING,TURBOSMART,WG38,40,ACTUATOR,CAP,O-RING,TURBOSMART,WG38/40,ACTUATOR,CAP,O,RING;TURBOSMART,TS-0550-3105,TURBOSMART,WG38/40,ACTUATOR,CAP,O-RING,TURBOSMART,WG38,40,ACTUATOR,CAP,O-RING,TURBOSMART,WG38/40,ACTUATOR,CAP,O,RING;TS-0550-3105;TURBOSMART-TS-0550-3105
TURBOSMART;TURBOSMART;TURBOSMART WG45/50 ACTUATOR CAP O-RING;SPARES & ACCESSORIES;10,95;7;5,475;TURBOSMART WG45/50 ACTUATOR CAP O-RING;9,32968E+12;TURBOSMART,TS-0550-3106,TURBOSMART,WG45/50,ACTUATOR,CAP,O-RING,TURBOSMART,WG45,50,ACTUATOR,CAP,O-RING,TURBOSMART,WG45/50,ACTUATOR,CAP,O,RING;TURBOSMART,TS-0550-3106,TURBOSMART,WG45/50,ACTUATOR,CAP,O-RING,TURBOSMART,WG45,50,ACTUATOR,CAP,O-RING,TURBOSMART,WG45/50,ACTUATOR,CAP,O,RING;TS-0550-3106;TURBOSMART-TS-0550-3106
TURBOSMART;TURBOSMART;TURBOSMART WG60 ACTUATOR CAP O-RING;SPARES & ACCESSORIES;11,95;7;5,975;TURBOSMART WG60 ACTUATOR CAP O-RING;9,32968E+12;TURBOSMART,TS-0550-3107,TURBOSMART,WG60,ACTUATOR,CAP,O-RING,TURBOSMART,WG60,ACTUATOR,CAP,O-RING,TURBOSMART,WG60,ACTUATOR,CAP,O,RING;TURBOSMART,TS-0550-3107,TURBOSMART,WG60,ACTUATOR,CAP,O-RING,TURBOSMART,WG60,ACTUATOR,CAP,O-RING,TURBOSMART,WG60,ACTUATOR,CAP,O,RING;TS-0550-3107;TURBOSMART-TS-0550-3107
TURBOSMART;TURBOSMART;TURBOSMART ADAPTER FLANGE WG60 TO SG50;SPARES & ACCESSORIES;98,95;7;49,475;TURBOSMART ADAPTER FLANGE WG60 TO SG50;9,32698E+12;TURBOSMART,TS-0550-3125,TURBOSMART,ADAPTER,FLANGE,WG60,TO,SG50,TURBOSMART,ADAPTER,FLANGE,WG60,TO,SG50,TURBOSMART,ADAPTER,FLANGE,WG60,TO,SG50;TURBOSMART,TS-0550-3125,TURBOSMART,ADAPTER,FLANGE,WG60,TO,SG50,TURBOSMART,ADAPTER,FLANGE,WG60,TO,SG50,TURBOSMART,ADAPTER,FLANGE,WG60,TO,SG50;TS-0550-3125;TURBOSMART-TS-0550-3125
TURBOSMART;TURBOSMART;TURBOSMART GENV WG38/40 ACTUATOR COLLAR BLUE;SPARES & ACCESSORIES;38,95;7;19,475;TURBOSMART GENV WG38/40 ACTUATOR COLLAR BLUE;9,32698E+12;TURBOSMART,TS-0550-3132,TURBOSMART,GENV,WG38/40,ACTUATOR,COLLAR,BLUE,TURBOSMART,GENV,WG38,40,ACTUATOR,COLLAR,BLUE,TURBOSMART,GENV,WG38/40,ACTUATOR,COLLAR,BLUE;TURBOSMART,TS-0550-3132,TURBOSMART,GENV,WG38/40,ACTUATOR,COLLAR,BLUE,TURBOSMART,GENV,WG38,40,ACTUATOR,COLLAR,BLUE,TURBOSMART,GENV,WG38/40,ACTUATOR,COLLAR,BLUE;TS-0550-3132;TURBOSMART-TS-0550-3132
TURBOSMART;TURBOSMART;TURBOSMART GENV WG38/40 ACTUATOR COLLAR BLACK;SPARES & ACCESSORIES;38,95;7;19,475;TURBOSMART GENV WG38/40 ACTUATOR COLLAR BLACK;9,32698E+12;TURBOSMART,TS-0550-3133,TURBOSMART,GENV,WG38/40,ACTUATOR,COLLAR,BLACK,TURBOSMART,GENV,WG38,40,ACTUATOR,COLLAR,BLACK,TURBOSMART,GENV,WG38/40,ACTUATOR,COLLAR,BLACK;TURBOSMART,TS-0550-3133,TURBOSMART,GENV,WG38/40,ACTUATOR,COLLAR,BLACK,TURBOSMART,GENV,WG38,40,ACTUATOR,COLLAR,BLACK,TURBOSMART,GENV,WG38/40,ACTUATOR,COLLAR,BLACK;TS-0550-3133;TURBOSMART-TS-0550-3133
TURBOSMART;TURBOSMART;TURBOSMART GENV WG38/40 ACTUATOR COLLAR RED;SPARES & ACCESSORIES;38,95;7;19,475;TURBOSMART GENV WG38/40 ACTUATOR COLLAR RED;9,32698E+12;TURBOSMART,TS-0550-3134,TURBOSMART,GENV,WG38/40,ACTUATOR,COLLAR,RED,TURBOSMART,GENV,WG38,40,ACTUATOR,COLLAR,RED,TURBOSMART,GENV,WG38/40,ACTUATOR,COLLAR,RED;TURBOSMART,TS-0550-3134,TURBOSMART,GENV,WG38/40,ACTUATOR,COLLAR,RED,TURBOSMART,GENV,WG38,40,ACTUATOR,COLLAR,RED,TURBOSMART,GENV,WG38/40,ACTUATOR,COLLAR,RED;TS-0550-3134;TURBOSMART-TS-0550-3134
TURBOSMART;TURBOSMART;TURBOSMART GENV WG38/40 ACTUATOR COLLAR PURPLE;SPARES & ACCESSORIES;38,95;7;19,475;TURBOSMART GENV WG38/40 ACTUATOR COLLAR PURPLE;9,32698E+12;TURBOSMART,TS-0550-3135,TURBOSMART,GENV,WG38/40,ACTUATOR,COLLAR,PURPLE,TURBOSMART,GENV,WG38,40,ACTUATOR,COLLAR,PURPLE,TURBOSMART,GENV,WG38/40,ACTUATOR,COLLAR,PURPLE;TURBOSMART,TS-0550-3135,TURBOSMART,GENV,WG38/40,ACTUATOR,COLLAR,PURPLE,TURBOSMART,GENV,WG38,40,ACTUATOR,COLLAR,PURPLE,TURBOSMART,GENV,WG38/40,ACTUATOR,COLLAR,PURPLE;TS-0550-3135;TURBOSMART-TS-0550-3135
TURBOSMART;TURBOSMART;TURBOSMART GENV WG38/40 ACTUATOR COLLAR PLATINUM;SPARES & ACCESSORIES;38,95;7;19,475;TURBOSMART GENV WG38/40 ACTUATOR COLLAR PLATINUM;9,32698E+12;TURBOSMART,TS-0550-3136,TURBOSMART,GENV,WG38/40,ACTUATOR,COLLAR,PLATINUM,TURBOSMART,GENV,WG38,40,ACTUATOR,COLLAR,PLATINUM,TURBOSMART,GENV,WG38/40,ACTUATOR,COLLAR,PLATINUM;TURBOSMART,TS-0550-3136,TURBOSMART,GENV,WG38/40,ACTUATOR,COLLAR,PLATINUM,TURBOSMART,GENV,WG38,40,ACTUATOR,COLLAR,PLATINUM,TURBOSMART,GENV,WG38/40,ACTUATOR,COLLAR,PLATINUM;TS-0550-3136;TURBOSMART-TS-0550-3136
TURBOSMART;TURBOSMART;TURBOSMART GENV WG45/50 ACTUATOR AND PROPORT COLLAR BLUE;SPARES & ACCESSORIES;44,95;7;22,475;TURBOSMART GENV WG45/50 ACTUATOR AND PROPORT COLLAR BLUE;9,32698E+12;TURBOSMART,TS-0550-3137,TURBOSMART,GENV,WG45/50,ACTUATOR,AND,PROPORT,COLLAR,BLUE,TURBOSMART,GENV,WG45,50,ACTUATOR,AND,PROPORT,COLLAR,BLUE,TURBOSMART,GENV,WG45/50,ACTUATOR,AND,PROPORT,COLLAR,BLUE;TURBOSMART,TS-0550-3137,TURBOSMART,GENV,WG45/50,ACTUATOR,AND,PROPORT,COLLAR,BLUE,TURBOSMART,GENV,WG45,50,ACTUATOR,AND,PROPORT,COLLAR,BLUE,TURBOSMART,GENV,WG45/50,ACTUATOR,AND,PROPORT,COLLAR,BLUE;TS-0550-3137;TURBOSMART-TS-0550-3137
TURBOSMART;TURBOSMART;TURBOSMART GENV WG45/50 ACTUATOR AND PROPORT COLLAR BLACK;SPARES & ACCESSORIES;44,95;7;22,475;TURBOSMART GENV WG45/50 ACTUATOR AND PROPORT COLLAR BLACK;9,32698E+12;TURBOSMART,TS-0550-3138,TURBOSMART,GENV,WG45/50,ACTUATOR,AND,PROPORT,COLLAR,BLACK,TURBOSMART,GENV,WG45,50,ACTUATOR,AND,PROPORT,COLLAR,BLACK,TURBOSMART,GENV,WG45/50,ACTUATOR,AND,PROPORT,COLLAR,BLACK;TURBOSMART,TS-0550-3138,TURBOSMART,GENV,WG45/50,ACTUATOR,AND,PROPORT,COLLAR,BLACK,TURBOSMART,GENV,WG45,50,ACTUATOR,AND,PROPORT,COLLAR,BLACK,TURBOSMART,GENV,WG45/50,ACTUATOR,AND,PROPORT,COLLAR,BLACK;TS-0550-3138;TURBOSMART-TS-0550-3138
TURBOSMART;TURBOSMART;TURBOSMART GENV WG45/50 ACTUATOR AND PROPORT COLLAR RED;SPARES & ACCESSORIES;44,95;7;22,475;TURBOSMART GENV WG45/50 ACTUATOR AND PROPORT COLLAR RED;9,32698E+12;TURBOSMART,TS-0550-3139,TURBOSMART,GENV,WG45/50,ACTUATOR,AND,PROPORT,COLLAR,RED,TURBOSMART,GENV,WG45,50,ACTUATOR,AND,PROPORT,COLLAR,RED,TURBOSMART,GENV,WG45/50,ACTUATOR,AND,PROPORT,COLLAR,RED;TURBOSMART,TS-0550-3139,TURBOSMART,GENV,WG45/50,ACTUATOR,AND,PROPORT,COLLAR,RED,TURBOSMART,GENV,WG45,50,ACTUATOR,AND,PROPORT,COLLAR,RED,TURBOSMART,GENV,WG45/50,ACTUATOR,AND,PROPORT,COLLAR,RED;TS-0550-3139;TURBOSMART-TS-0550-3139
TURBOSMART;TURBOSMART;TURBOSMART GENV WG45/50 ACTUATOR AND PROPORT COLLAR PURPLE;SPARES & ACCESSORIES;44,95;7;22,475;TURBOSMART GENV WG45/50 ACTUATOR AND PROPORT COLLAR PURPLE;9,32698E+12;TURBOSMART,TS-0550-3140,TURBOSMART,GENV,WG45/50,ACTUATOR,AND,PROPORT,COLLAR,PURPLE,TURBOSMART,GENV,WG45,50,ACTUATOR,AND,PROPORT,COLLAR,PURPLE,TURBOSMART,GENV,WG45/50,ACTUATOR,AND,PROPORT,COLLAR,PURPLE;TURBOSMART,TS-0550-3140,TURBOSMART,GENV,WG45/50,ACTUATOR,AND,PROPORT,COLLAR,PURPLE,TURBOSMART,GENV,WG45,50,ACTUATOR,AND,PROPORT,COLLAR,PURPLE,TURBOSMART,GENV,WG45/50,ACTUATOR,AND,PROPORT,COLLAR,PURPLE;TS-0550-3140;TURBOSMART-TS-0550-3140
TURBOSMART;TURBOSMART;TURBOSMART GENV WG45/50 ACTUATOR AND PROPORT COLLAR PLATINUM;SPARES & ACCESSORIES;44,95;7;22,475;TURBOSMART GENV WG45/50 ACTUATOR AND PROPORT COLLAR PLATINUM;9,32698E+12;TURBOSMART,TS-0550-3141,TURBOSMART,GENV,WG45/50,ACTUATOR,AND,PROPORT,COLLAR,PLATINUM,TURBOSMART,GENV,WG45,50,ACTUATOR,AND,PROPORT,COLLAR,PLATINUM,TURBOSMART,GENV,WG45/50,ACTUATOR,AND,PROPORT,COLLAR,PLATINUM;TURBOSMART,TS-0550-3141,TURBOSMART,GENV,WG45/50,ACTUATOR,AND,PROPORT,COLLAR,PLATINUM,TURBOSMART,GENV,WG45,50,ACTUATOR,AND,PROPORT,COLLAR,PLATINUM,TURBOSMART,GENV,WG45/50,ACTUATOR,AND,PROPORT,COLLAR,PLATINUM;TS-0550-3141;TURBOSMART-TS-0550-3141
TURBOSMART;TURBOSMART;TURBOSMART GENV WG60 ACTUATOR COLLAR BLUE;SPARES & ACCESSORIES;53,95;7;26,975;TURBOSMART GENV WG60 ACTUATOR COLLAR BLUE;9,32698E+12;TURBOSMART,TS-0550-3142,TURBOSMART,GENV,WG60,ACTUATOR,COLLAR,BLUE,TURBOSMART,GENV,WG60,ACTUATOR,COLLAR,BLUE,TURBOSMART,GENV,WG60,ACTUATOR,COLLAR,BLUE;TURBOSMART,TS-0550-3142,TURBOSMART,GENV,WG60,ACTUATOR,COLLAR,BLUE,TURBOSMART,GENV,WG60,ACTUATOR,COLLAR,BLUE,TURBOSMART,GENV,WG60,ACTUATOR,COLLAR,BLUE;TS-0550-3142;TURBOSMART-TS-0550-3142
TURBOSMART;TURBOSMART;TURBOSMART GENV WG60 ACTUATOR COLLAR BLACK;SPARES & ACCESSORIES;53,95;7;26,975;TURBOSMART GENV WG60 ACTUATOR COLLAR BLACK;9,32698E+12;TURBOSMART,TS-0550-3143,TURBOSMART,GENV,WG60,ACTUATOR,COLLAR,BLACK,TURBOSMART,GENV,WG60,ACTUATOR,COLLAR,BLACK,TURBOSMART,GENV,WG60,ACTUATOR,COLLAR,BLACK;TURBOSMART,TS-0550-3143,TURBOSMART,GENV,WG60,ACTUATOR,COLLAR,BLACK,TURBOSMART,GENV,WG60,ACTUATOR,COLLAR,BLACK,TURBOSMART,GENV,WG60,ACTUATOR,COLLAR,BLACK;TS-0550-3143;TURBOSMART-TS-0550-3143
TURBOSMART;TURBOSMART;TURBOSMART GENV WG60 ACTUATOR COLLAR RED;SPARES & ACCESSORIES;53,95;7;26,975;TURBOSMART GENV WG60 ACTUATOR COLLAR RED;9,32698E+12;TURBOSMART,TS-0550-3144,TURBOSMART,GENV,WG60,ACTUATOR,COLLAR,RED,TURBOSMART,GENV,WG60,ACTUATOR,COLLAR,RED,TURBOSMART,GENV,WG60,ACTUATOR,COLLAR,RED;TURBOSMART,TS-0550-3144,TURBOSMART,GENV,WG60,ACTUATOR,COLLAR,RED,TURBOSMART,GENV,WG60,ACTUATOR,COLLAR,RED,TURBOSMART,GENV,WG60,ACTUATOR,COLLAR,RED;TS-0550-3144;TURBOSMART-TS-0550-3144
TURBOSMART;TURBOSMART;TURBOSMART GENV WG60 ACTUATOR COLLAR PURPLE;SPARES & ACCESSORIES;53,95;7;26,975;TURBOSMART GENV WG60 ACTUATOR COLLAR PURPLE;9,32698E+12;TURBOSMART,TS-0550-3145,TURBOSMART,GENV,WG60,ACTUATOR,COLLAR,PURPLE,TURBOSMART,GENV,WG60,ACTUATOR,COLLAR,PURPLE,TURBOSMART,GENV,WG60,ACTUATOR,COLLAR,PURPLE;TURBOSMART,TS-0550-3145,TURBOSMART,GENV,WG60,ACTUATOR,COLLAR,PURPLE,TURBOSMART,GENV,WG60,ACTUATOR,COLLAR,PURPLE,TURBOSMART,GENV,WG60,ACTUATOR,COLLAR,PURPLE;TS-0550-3145;TURBOSMART-TS-0550-3145
TURBOSMART;TURBOSMART;TURBOSMART GENV WG60 ACTUATOR COLLAR PLATINUM;SPARES & ACCESSORIES;53,95;7;26,975;TURBOSMART GENV WG60 ACTUATOR COLLAR PLATINUM;9,32698E+12;TURBOSMART,TS-0550-3146,TURBOSMART,GENV,WG60,ACTUATOR,COLLAR,PLATINUM,TURBOSMART,GENV,WG60,ACTUATOR,COLLAR,PLATINUM,TURBOSMART,GENV,WG60,ACTUATOR,COLLAR,PLATINUM;TURBOSMART,TS-0550-3146,TURBOSMART,GENV,WG60,ACTUATOR,COLLAR,PLATINUM,TURBOSMART,GENV,WG60,ACTUATOR,COLLAR,PLATINUM,TURBOSMART,GENV,WG60,ACTUATOR,COLLAR,PLATINUM;TS-0550-3146;TURBOSMART-TS-0550-3146
TURBOSMART;TURBOSMART;TURBOSMART GEN V WG60 CG FULL RANGE COMPLETE SENSOR CAP BLACK;SPARES & ACCESSORIES;242,95;7;121,475;TURBOSMART GEN V WG60 CG FULL RANGE COMPLETE SENSOR CAP BLACK;9,32698E+12;TURBOSMART,TS-0550-3148,TURBOSMART,GEN,V,WG60,CG,FULL,RANGE,COMPLETE,SENSOR,CAP,BLACK,TURBOSMART,GEN,V,WG60,CG,FULL,RANGE,COMPLETE,SENSOR,CAP,BLACK,TURBOSMART,GEN,V,WG60,CG,FULL,RANGE,COMPLETE,SENSOR,CAP,BLACK;TURBOSMART,TS-0550-3148,TURBOSMART,GEN,V,WG60,CG,FULL,RANGE,COMPLETE,SENSOR,CAP,BLACK,TURBOSMART,GEN,V,WG60,CG,FULL,RANGE,COMPLETE,SENSOR,CAP,BLACK,TURBOSMART,GEN,V,WG60,CG,FULL,RANGE,COMPLETE,SENSOR,CAP,BLACK;TS-0550-3148;TURBOSMART-TS-0550-3148
TURBOSMART;TURBOSMART;TURBOSMART GEN V WG60 CG FULL RANGE CAP BLACK;SPARES & ACCESSORIES;106;7;53;TURBOSMART GEN V WG60 CG FULL RANGE CAP BLACK;9,32698E+12;TURBOSMART,TS-0550-3149,TURBOSMART,GEN,V,WG60,CG,FULL,RANGE,CAP,BLACK,TURBOSMART,GEN,V,WG60,CG,FULL,RANGE,CAP,BLACK,TURBOSMART,GEN,V,WG60,CG,FULL,RANGE,CAP,BLACK;TURBOSMART,TS-0550-3149,TURBOSMART,GEN,V,WG60,CG,FULL,RANGE,CAP,BLACK,TURBOSMART,GEN,V,WG60,CG,FULL,RANGE,CAP,BLACK,TURBOSMART,GEN,V,WG60,CG,FULL,RANGE,CAP,BLACK;TS-0550-3149;TURBOSMART-TS-0550-3149
TURBOSMART;TURBOSMART;TURBOSMART GENV WG38/40 SPRING REPLACEMENT KIT;SPARES & ACCESSORIES;71,95;7;35,975;TURBOSMART GENV WG38/40 SPRING REPLACEMENT KIT;9,32698E+12;TURBOSMART,TS-0550-3150,TURBOSMART,GENV,WG38/40,SPRING,REPLACEMENT,KIT,TURBOSMART,GENV,WG38,40,SPRING,REPLACEMENT,KIT,TURBOSMART,GENV,WG38/40,SPRING,REPLACEMENT,KIT;TURBOSMART,TS-0550-3150,TURBOSMART,GENV,WG38/40,SPRING,REPLACEMENT,KIT,TURBOSMART,GENV,WG38,40,SPRING,REPLACEMENT,KIT,TURBOSMART,GENV,WG38/40,SPRING,REPLACEMENT,KIT;TS-0550-3150;TURBOSMART-TS-0550-3150
TURBOSMART;TURBOSMART;TURBOSMART GENV WG45/50 SPRING REPLACEMENT KIT;SPARES & ACCESSORIES;71,95;7;35,975;TURBOSMART GENV WG45/50 SPRING REPLACEMENT KIT;9,32698E+12;TURBOSMART,TS-0550-3151,TURBOSMART,GENV,WG45/50,SPRING,REPLACEMENT,KIT,TURBOSMART,GENV,WG45,50,SPRING,REPLACEMENT,KIT,TURBOSMART,GENV,WG45/50,SPRING,REPLACEMENT,KIT;TURBOSMART,TS-0550-3151,TURBOSMART,GENV,WG45/50,SPRING,REPLACEMENT,KIT,TURBOSMART,GENV,WG45,50,SPRING,REPLACEMENT,KIT,TURBOSMART,GENV,WG45/50,SPRING,REPLACEMENT,KIT;TS-0550-3151;TURBOSMART-TS-0550-3151
TURBOSMART;TURBOSMART;TURBOSMART GENV WG60 SPRING REPLACEMENT KIT;SPARES & ACCESSORIES;71,95;7;35,975;TURBOSMART GENV WG60 SPRING REPLACEMENT KIT;9,32698E+12;TURBOSMART,TS-0550-3152,TURBOSMART,GENV,WG60,SPRING,REPLACEMENT,KIT,TURBOSMART,GENV,WG60,SPRING,REPLACEMENT,KIT,TURBOSMART,GENV,WG60,SPRING,REPLACEMENT,KIT;TURBOSMART,TS-0550-3152,TURBOSMART,GENV,WG60,SPRING,REPLACEMENT,KIT,TURBOSMART,GENV,WG60,SPRING,REPLACEMENT,KIT,TURBOSMART,GENV,WG60,SPRING,REPLACEMENT,KIT;TS-0550-3152;TURBOSMART-TS-0550-3152
TURBOSMART;TURBOSMART;TURBOSMART GENV WG38/40 HP SPRING REPLACEMENT KIT;SPARES & ACCESSORIES;65,95;7;32,975;TURBOSMART GENV WG38/40 HP SPRING REPLACEMENT KIT;9,32698E+12;TURBOSMART,TS-0550-3155,TURBOSMART,GENV,WG38/40,HP,SPRING,REPLACEMENT,KIT,TURBOSMART,GENV,WG38,40,HP,SPRING,REPLACEMENT,KIT,TURBOSMART,GENV,WG38/40,HP,SPRING,REPLACEMENT,KIT;TURBOSMART,TS-0550-3155,TURBOSMART,GENV,WG38/40,HP,SPRING,REPLACEMENT,KIT,TURBOSMART,GENV,WG38,40,HP,SPRING,REPLACEMENT,KIT,TURBOSMART,GENV,WG38/40,HP,SPRING,REPLACEMENT,KIT;TS-0550-3155;TURBOSMART-TS-0550-3155
TURBOSMART;TURBOSMART;TURBOSMART ADAPTER FLANGE WG45 TO SG50;SPARES & ACCESSORIES;98,95;7;49,475;TURBOSMART ADAPTER FLANGE WG45 TO SG50;9,32698E+12;TURBOSMART,TS-0550-3156,TURBOSMART,ADAPTER,FLANGE,WG45,TO,SG50,TURBOSMART,ADAPTER,FLANGE,WG45,TO,SG50,TURBOSMART,ADAPTER,FLANGE,WG45,TO,SG50;TURBOSMART,TS-0550-3156,TURBOSMART,ADAPTER,FLANGE,WG45,TO,SG50,TURBOSMART,ADAPTER,FLANGE,WG45,TO,SG50,TURBOSMART,ADAPTER,FLANGE,WG45,TO,SG50;TS-0550-3156;TURBOSMART-TS-0550-3156
TURBOSMART;TURBOSMART;TURBOSMART GENV WG38/40 ACTUATOR COLLAR GOLD;SPARES & ACCESSORIES;38,95;7;19,475;TURBOSMART GENV WG38/40 ACTUATOR COLLAR GOLD;9,32698E+12;TURBOSMART,TS-0550-3159,TURBOSMART,GENV,WG38/40,ACTUATOR,COLLAR,GOLD,TURBOSMART,GENV,WG38,40,ACTUATOR,COLLAR,GOLD,TURBOSMART,GENV,WG38/40,ACTUATOR,COLLAR,GOLD;TURBOSMART,TS-0550-3159,TURBOSMART,GENV,WG38/40,ACTUATOR,COLLAR,GOLD,TURBOSMART,GENV,WG38,40,ACTUATOR,COLLAR,GOLD,TURBOSMART,GENV,WG38/40,ACTUATOR,COLLAR,GOLD;TS-0550-3159;TURBOSMART-TS-0550-3159
TURBOSMART;TURBOSMART;TURBOSMART GENV WG45/50 ACTUATOR AND PROPORT COLLAR GOLD;SPARES & ACCESSORIES;44,95;7;22,475;TURBOSMART GENV WG45/50 ACTUATOR AND PROPORT COLLAR GOLD;9,32698E+12;TURBOSMART,TS-0550-3160,TURBOSMART,GENV,WG45/50,ACTUATOR,AND,PROPORT,COLLAR,GOLD,TURBOSMART,GENV,WG45,50,ACTUATOR,AND,PROPORT,COLLAR,GOLD,TURBOSMART,GENV,WG45/50,ACTUATOR,AND,PROPORT,COLLAR,GOLD;TURBOSMART,TS-0550-3160,TURBOSMART,GENV,WG45/50,ACTUATOR,AND,PROPORT,COLLAR,GOLD,TURBOSMART,GENV,WG45,50,ACTUATOR,AND,PROPORT,COLLAR,GOLD,TURBOSMART,GENV,WG45/50,ACTUATOR,AND,PROPORT,COLLAR,GOLD;TS-0550-3160;TURBOSMART-TS-0550-3160
TURBOSMART;TURBOSMART;TURBOSMART GENV WG60 ACTUATOR COLLAR GOLD;SPARES & ACCESSORIES;53,95;7;26,975;TURBOSMART GENV WG60 ACTUATOR COLLAR GOLD;9,32698E+12;TURBOSMART,TS-0550-3161,TURBOSMART,GENV,WG60,ACTUATOR,COLLAR,GOLD,TURBOSMART,GENV,WG60,ACTUATOR,COLLAR,GOLD,TURBOSMART,GENV,WG60,ACTUATOR,COLLAR,GOLD;TURBOSMART,TS-0550-3161,TURBOSMART,GENV,WG60,ACTUATOR,COLLAR,GOLD,TURBOSMART,GENV,WG60,ACTUATOR,COLLAR,GOLD,TURBOSMART,GENV,WG60,ACTUATOR,COLLAR,GOLD;TS-0550-3161;TURBOSMART-TS-0550-3161
TURBOSMART;TURBOSMART;TURBOSMART GENV WG40CG FULL RANGE COMPLETE SENSOR CAP BLACK;SPARES & ACCESSORIES;219,95;7;109,975;TURBOSMART GENV WG40CG FULL RANGE COMPLETE SENSOR CAP BLACK;9,32968E+12;TURBOSMART,TS-0550-3162,TURBOSMART,GENV,WG40CG,FULL,RANGE,COMPLETE,SENSOR,CAP,BLACK,TURBOSMART,GENV,WG40CG,FULL,RANGE,COMPLETE,SENSOR,CAP,BLACK,TURBOSMART,GENV,WG40CG,FULL,RANGE,COMPLETE,SENSOR,CAP,BLACK;TURBOSMART,TS-0550-3162,TURBOSMART,GENV,WG40CG,FULL,RANGE,COMPLETE,SENSOR,CAP,BLACK,TURBOSMART,GENV,WG40CG,FULL,RANGE,COMPLETE,SENSOR,CAP,BLACK,TURBOSMART,GENV,WG40CG,FULL,RANGE,COMPLETE,SENSOR,CAP,BLACK;TS-0550-3162;TURBOSMART-TS-0550-3162
TURBOSMART;TURBOSMART;TURBOSMART GENV WG40CG FULL RANGE CAP BLACK;SPARES & ACCESSORIES;79,95;7;39,975;TURBOSMART GENV WG40CG FULL RANGE CAP BLACK;9,32968E+12;TURBOSMART,TS-0550-3163,TURBOSMART,GENV,WG40CG,FULL,RANGE,CAP,BLACK,TURBOSMART,GENV,WG40CG,FULL,RANGE,CAP,BLACK,TURBOSMART,GENV,WG40CG,FULL,RANGE,CAP,BLACK;TURBOSMART,TS-0550-3163,TURBOSMART,GENV,WG40CG,FULL,RANGE,CAP,BLACK,TURBOSMART,GENV,WG40CG,FULL,RANGE,CAP,BLACK,TURBOSMART,GENV,WG40CG,FULL,RANGE,CAP,BLACK;TS-0550-3163;TURBOSMART-TS-0550-3163
TURBOSMART;TURBOSMART;TURBOSMART GENV WG45/50CG FULL RANGE COMPLETE SENSOR CAP BLACK;SPARES & ACCESSORIES;229,95;7;114,975;TURBOSMART GENV WG45/50CG FULL RANGE COMPLETE SENSOR CAP BLACK;9,32968E+12;TURBOSMART,TS-0550-3164,TURBOSMART,GENV,WG45/50CG,FULL,RANGE,COMPLETE,SENSOR,CAP,BLACK,TURBOSMART,GENV,WG45,50CG,FULL,RANGE,COMPLETE,SENSOR,CAP,BLACK,TURBOSMART,GENV,WG45/50CG,FULL,RANGE,COMPLETE,SENSOR,CAP,BLACK;TURBOSMART,TS-0550-3164,TURBOSMART,GENV,WG45/50CG,FULL,RANGE,COMPLETE,SENSOR,CAP,BLACK,TURBOSMART,GENV,WG45,50CG,FULL,RANGE,COMPLETE,SENSOR,CAP,BLACK,TURBOSMART,GENV,WG45/50CG,FULL,RANGE,COMPLETE,SENSOR,CAP,BLACK;TS-0550-3164;TURBOSMART-TS-0550-3164
TURBOSMART;TURBOSMART;TURBOSMART GENV WG45/50CG FULL RANGE CAP BLACK;SPARES & ACCESSORIES;79,95;7;39,975;TURBOSMART GENV WG45/50CG FULL RANGE CAP BLACK;9,32968E+12;TURBOSMART,TS-0550-3165,TURBOSMART,GENV,WG45/50CG,FULL,RANGE,CAP,BLACK,TURBOSMART,GENV,WG45,50CG,FULL,RANGE,CAP,BLACK,TURBOSMART,GENV,WG45/50CG,FULL,RANGE,CAP,BLACK;TURBOSMART,TS-0550-3165,TURBOSMART,GENV,WG45/50CG,FULL,RANGE,CAP,BLACK,TURBOSMART,GENV,WG45,50CG,FULL,RANGE,CAP,BLACK,TURBOSMART,GENV,WG45/50CG,FULL,RANGE,CAP,BLACK;TS-0550-3165;TURBOSMART-TS-0550-3165
TURBOSMART;TURBOSMART;TURBOSMART ELECTRONIC STRAIGHT GATE (12V) ACTUATOR;SPARES & ACCESSORIES;897,59;7;448,795;TURBOSMART ELECTRONIC STRAIGHT GATE (12V) ACTUATOR;9,32698E+12;TURBOSMART,TS-0565-3001,TURBOSMART,ELECTRONIC,STRAIGHT,GATE,(12V),ACTUATOR,TURBOSMART,ELECTRONIC,STRAIGHT,GATE,(12V),ACTUATOR,TURBOSMART,ELECTRONIC,STRAIGHT,GATE,(12V),ACTUATOR;TURBOSMART,TS-0565-3001,TURBOSMART,ELECTRONIC,STRAIGHT,GATE,(12V),ACTUATOR,TURBOSMART,ELECTRONIC,STRAIGHT,GATE,(12V),ACTUATOR,TURBOSMART,ELECTRONIC,STRAIGHT,GATE,(12V),ACTUATOR;TS-0565-3001;TURBOSMART-TS-0565-3001
TURBOSMART;TURBOSMART;TURBOSMART GENV IWG SENSOR CAP UPGRADE KIT;SPARES & ACCESSORIES;242,95;7;121,475;TURBOSMART GENV IWG SENSOR CAP UPGRADE KIT;9,32698E+12;TURBOSMART,TS-0600-2010,TURBOSMART,GENV,IWG,SENSOR,CAP,UPGRADE,KIT,TURBOSMART,GENV,IWG,SENSOR,CAP,UPGRADE,KIT,TURBOSMART,GENV,IWG,SENSOR,CAP,UPGRADE,KIT;TURBOSMART,TS-0600-2010,TURBOSMART,GENV,IWG,SENSOR,CAP,UPGRADE,KIT,TURBOSMART,GENV,IWG,SENSOR,CAP,UPGRADE,KIT,TURBOSMART,GENV,IWG,SENSOR,CAP,UPGRADE,KIT;TS-0600-2010;TURBOSMART-TS-0600-2010
TURBOSMART;TURBOSMART;TURBOSMART GENV IWG SPRING REPLACEMENT KIT;SPARES & ACCESSORIES;71,95;7;35,975;TURBOSMART GENV IWG SPRING REPLACEMENT KIT;9,32698E+12;TURBOSMART,TS-0600-2011,TURBOSMART,GENV,IWG,SPRING,REPLACEMENT,KIT,TURBOSMART,GENV,IWG,SPRING,REPLACEMENT,KIT,TURBOSMART,GENV,IWG,SPRING,REPLACEMENT,KIT;TURBOSMART,TS-0600-2011,TURBOSMART,GENV,IWG,SPRING,REPLACEMENT,KIT,TURBOSMART,GENV,IWG,SPRING,REPLACEMENT,KIT,TURBOSMART,GENV,IWG,SPRING,REPLACEMENT,KIT;TS-0600-2011;TURBOSMART-TS-0600-2011
TURBOSMART;TURBOSMART;TURBOSMART VIWG 57MM DIAPHRAGM REPLACEMENT;SPARES & ACCESSORIES;59,8;7;29,9;TURBOSMART VIWG 57MM DIAPHRAGM REPLACEMENT;9,32698E+12;TURBOSMART,TS-0600-3050,TURBOSMART,VIWG,57MM,DIAPHRAGM,REPLACEMENT,TURBOSMART,VIWG,57MM,DIAPHRAGM,REPLACEMENT,TURBOSMART,VIWG,57MM,DIAPHRAGM,REPLACEMENT;TURBOSMART,TS-0600-3050,TURBOSMART,VIWG,57MM,DIAPHRAGM,REPLACEMENT,TURBOSMART,VIWG,57MM,DIAPHRAGM,REPLACEMENT,TURBOSMART,VIWG,57MM,DIAPHRAGM,REPLACEMENT;TS-0600-3050;TURBOSMART-TS-0600-3050
TURBOSMART;TURBOSMART;TURBOSMART VIWG 76MM DIAPHRAGM REPLACEMENT;SPARES & ACCESSORIES;90,25;7;45,125;TURBOSMART VIWG 76MM DIAPHRAGM REPLACEMENT;9,32698E+12;TURBOSMART,TS-0600-3052,TURBOSMART,VIWG,76MM,DIAPHRAGM,REPLACEMENT,TURBOSMART,VIWG,76MM,DIAPHRAGM,REPLACEMENT,TURBOSMART,VIWG,76MM,DIAPHRAGM,REPLACEMENT;TURBOSMART,TS-0600-3052,TURBOSMART,VIWG,76MM,DIAPHRAGM,REPLACEMENT,TURBOSMART,VIWG,76MM,DIAPHRAGM,REPLACEMENT,TURBOSMART,VIWG,76MM,DIAPHRAGM,REPLACEMENT;TS-0600-3052;TURBOSMART-TS-0600-3052
TURBOSMART;TURBOSMART;TURBOSMART 57MM VACUUM SPRING 6 INHG;SPARES & ACCESSORIES;31,45;7;15,725;TURBOSMART 57MM VACUUM SPRING 6 INHG;9,32698E+12;TURBOSMART,TS-0600-3054,TURBOSMART,57MM,VACUUM,SPRING,6,INHG,TURBOSMART,57MM,VACUUM,SPRING,6,INHG,TURBOSMART,57MM,VACUUM,SPRING,6,INHG;TURBOSMART,TS-0600-3054,TURBOSMART,57MM,VACUUM,SPRING,6,INHG,TURBOSMART,57MM,VACUUM,SPRING,6,INHG,TURBOSMART,57MM,VACUUM,SPRING,6,INHG;TS-0600-3054;TURBOSMART-TS-0600-3054
TURBOSMART;TURBOSMART;TURBOSMART GENV WG40CG COMPGATE40 COMPRESSED GAS 7PSI BLACK;EXTERNAL WASTEGATES;419,95;7;209,975;TURBOSMART GENV WG40CG COMPGATE40 COMPRESSED GAS 7PSI BLACK;9,32968E+12;TURBOSMART,TS-0552-1242,TURBOSMART,GENV,WG40CG,COMPGATE40,COMPRESSED,GAS,7PSI,BLACK,TURBOSMART,GENV,WG40CG,COMPGATE40,COMPRESSED,GAS,7PSI,BLACK,TURBOSMART,GENV,WG40CG,COMPGATE40,COMPRESSED,GAS,7PSI,BLACK;TURBOSMART,TS-0552-1242,TURBOSMART,GENV,WG40CG,COMPGATE40,COMPRESSED,GAS,7PSI,BLACK,TURBOSMART,GENV,WG40CG,COMPGATE40,COMPRESSED,GAS,7PSI,BLACK,TURBOSMART,GENV,WG40CG,COMPGATE40,COMPRESSED,GAS,7PSI,BLACK;TS-0552-1242;TURBOSMART-TS-0552-1242
TURBOSMART;TURBOSMART;TURBOSMART GENV WG45CG HYPERGATE45 COMPRESSED GAS 7PSI BLACK;EXTERNAL WASTEGATES;514,95;7;257,475;TURBOSMART GENV WG45CG HYPERGATE45 COMPRESSED GAS 7PSI BLACK;9,32968E+12;TURBOSMART,TS-0553-1242,TURBOSMART,GENV,WG45CG,HYPERGATE45,COMPRESSED,GAS,7PSI,BLACK,TURBOSMART,GENV,WG45CG,HYPERGATE45,COMPRESSED,GAS,7PSI,BLACK,TURBOSMART,GENV,WG45CG,HYPERGATE45,COMPRESSED,GAS,7PSI,BLACK;TURBOSMART,TS-0553-1242,TURBOSMART,GENV,WG45CG,HYPERGATE45,COMPRESSED,GAS,7PSI,BLACK,TURBOSMART,GENV,WG45CG,HYPERGATE45,COMPRESSED,GAS,7PSI,BLACK,TURBOSMART,GENV,WG45CG,HYPERGATE45,COMPRESSED,GAS,7PSI,BLACK;TS-0553-1242;TURBOSMART-TS-0553-1242
TURBOSMART;TURBOSMART;TURBOSMART GENV WG50CG PROGATE50 COMPRESSED GAS 7PSI BLACK;EXTERNAL WASTEGATES;609,95;7;304,975;TURBOSMART GENV WG50CG PROGATE50 COMPRESSED GAS 7PSI BLACK;9,32968E+12;TURBOSMART,TS-0554-1242,TURBOSMART,GENV,WG50CG,PROGATE50,COMPRESSED,GAS,7PSI,BLACK,TURBOSMART,GENV,WG50CG,PROGATE50,COMPRESSED,GAS,7PSI,BLACK,TURBOSMART,GENV,WG50CG,PROGATE50,COMPRESSED,GAS,7PSI,BLACK;TURBOSMART,TS-0554-1242,TURBOSMART,GENV,WG50CG,PROGATE50,COMPRESSED,GAS,7PSI,BLACK,TURBOSMART,GENV,WG50CG,PROGATE50,COMPRESSED,GAS,7PSI,BLACK,TURBOSMART,GENV,WG50CG,PROGATE50,COMPRESSED,GAS,7PSI,BLACK;TS-0554-1242;TURBOSMART-TS-0554-1242
TURBOSMART;TURBOSMART;TURBOSMART GAS VALVE ACTUATOR 40 14PSI BLACK;MODULAR SOLUTION;275,95;7;137,975;TURBOSMART GAS VALVE ACTUATOR 40 14PSI BLACK;9,32968E+12;TURBOSMART,TS-0552-1712,TURBOSMART,GAS,VALVE,ACTUATOR,40,14PSI,BLACK,TURBOSMART,GAS,VALVE,ACTUATOR,40,14PSI,BLACK,TURBOSMART,GAS,VALVE,ACTUATOR,40,14PSI,BLACK;TURBOSMART,TS-0552-1712,TURBOSMART,GAS,VALVE,ACTUATOR,40,14PSI,BLACK,TURBOSMART,GAS,VALVE,ACTUATOR,40,14PSI,BLACK,TURBOSMART,GAS,VALVE,ACTUATOR,40,14PSI,BLACK;TS-0552-1712;TURBOSMART-TS-0552-1712
TURBOSMART;TURBOSMART;TURBOSMART GAS VALVE ACTUATOR 45 14PSI BLACK;MODULAR SOLUTION;329,95;7;164,975;TURBOSMART GAS VALVE ACTUATOR 45 14PSI BLACK;9,32968E+12;TURBOSMART,TS-0553-1712,TURBOSMART,GAS,VALVE,ACTUATOR,45,14PSI,BLACK,TURBOSMART,GAS,VALVE,ACTUATOR,45,14PSI,BLACK,TURBOSMART,GAS,VALVE,ACTUATOR,45,14PSI,BLACK;TURBOSMART,TS-0553-1712,TURBOSMART,GAS,VALVE,ACTUATOR,45,14PSI,BLACK,TURBOSMART,GAS,VALVE,ACTUATOR,45,14PSI,BLACK,TURBOSMART,GAS,VALVE,ACTUATOR,45,14PSI,BLACK;TS-0553-1712;TURBOSMART-TS-0553-1712
TURBOSMART;TURBOSMART;TURBOSMART GAS VALVE ACTUATOR 50 14PSI BLACK;MODULAR SOLUTION;419,95;7;209,975;TURBOSMART GAS VALVE ACTUATOR 50 14PSI BLACK;9,32968E+12;TURBOSMART,TS-0554-1712,TURBOSMART,GAS,VALVE,ACTUATOR,50,14PSI,BLACK,TURBOSMART,GAS,VALVE,ACTUATOR,50,14PSI,BLACK,TURBOSMART,GAS,VALVE,ACTUATOR,50,14PSI,BLACK;TURBOSMART,TS-0554-1712,TURBOSMART,GAS,VALVE,ACTUATOR,50,14PSI,BLACK,TURBOSMART,GAS,VALVE,ACTUATOR,50,14PSI,BLACK,TURBOSMART,GAS,VALVE,ACTUATOR,50,14PSI,BLACK;TS-0554-1712;TURBOSMART-TS-0554-1712
TURBOSMART;TURBOSMART;TURBOSMART GAS VALVE ACTUATOR 60 14PSI BLACK;MODULAR SOLUTION;489,95;7;244,975;TURBOSMART GAS VALVE ACTUATOR 60 14PSI BLACK;9,32968E+12;TURBOSMART,TS-0555-1712,TURBOSMART,GAS,VALVE,ACTUATOR,60,14PSI,BLACK,TURBOSMART,GAS,VALVE,ACTUATOR,60,14PSI,BLACK,TURBOSMART,GAS,VALVE,ACTUATOR,60,14PSI,BLACK;TURBOSMART,TS-0555-1712,TURBOSMART,GAS,VALVE,ACTUATOR,60,14PSI,BLACK,TURBOSMART,GAS,VALVE,ACTUATOR,60,14PSI,BLACK,TURBOSMART,GAS,VALVE,ACTUATOR,60,14PSI,BLACK;TS-0555-1712;TURBOSMART-TS-0555-1712
TURBOSMART;TURBOSMART;"TURBOSMART IWG 8.3MM X 115MM 1/4"" UNF CLEVIS";WASTEGATE ACTUATORS;20,56;7;10,28;"TURBOSMART IWG 8.3MM X 115MM 1/4"" UNF CLEVIS";9,32698E+12;"TURBOSMART,TS-0600-3058,TURBOSMART,IWG,8.3MM,X,115MM,1/4"",UNF,CLEVIS,TURBOSMART,IWG,8.3MM,X,115MM,1,4"",UNF,CLEVIS,TURBOSMART,IWG,8.3MM,X,115MM,1/4"",UNF,CLEVIS";"TURBOSMART,TS-0600-3058,TURBOSMART,IWG,8.3MM,X,115MM,1/4"",UNF,CLEVIS,TURBOSMART,IWG,8.3MM,X,115MM,1,4"",UNF,CLEVIS,TURBOSMART,IWG,8.3MM,X,115MM,1/4"",UNF,CLEVIS";TS-0600-3058;TURBOSMART-TS-0600-3058
TURBOSMART;TURBOSMART;TURBOSMART TS T-SHIRT BLACKÂ (25 YEARS) M;SHIRTS;25,15;7;12,575;TURBOSMART TS T-SHIRT BLACKÂ (25 YEARS) M;9,32698E+12;TURBOSMART,TS-9003-1072,TURBOSMART,TS,T-SHIRT,BLACKÂ (25,YEARS),M,TURBOSMART,TS,T-SHIRT,BLACKÂ (25,YEARS),M,TURBOSMART,TS,T,SHIRT,BLACKÂ (25,YEARS),M;TURBOSMART,TS-9003-1072,TURBOSMART,TS,T-SHIRT,BLACKÂ (25,YEARS),M,TURBOSMART,TS,T-SHIRT,BLACKÂ (25,YEARS),M,TURBOSMART,TS,T,SHIRT,BLACKÂ (25,YEARS),M;TS-9003-1072;TURBOSMART-TS-9003-1072
TURBOSMART;TURBOSMART;TURBOSMART TS T-SHIRT BLACK (25 YEARS) XL;SHIRTS;25,15;7;12,575;TURBOSMART TS T-SHIRT BLACK (25 YEARS) XL;9,32698E+12;TURBOSMART,TS-9003-1074,TURBOSMART,TS,T-SHIRT,BLACK,(25,YEARS),XL,TURBOSMART,TS,T-SHIRT,BLACK,(25,YEARS),XL,TURBOSMART,TS,T,SHIRT,BLACK,(25,YEARS),XL;TURBOSMART,TS-9003-1074,TURBOSMART,TS,T-SHIRT,BLACK,(25,YEARS),XL,TURBOSMART,TS,T-SHIRT,BLACK,(25,YEARS),XL,TURBOSMART,TS,T,SHIRT,BLACK,(25,YEARS),XL;TS-9003-1074;TURBOSMART-TS-9003-1074
TURBOSMART;TURBOSMART;TURBOSMART TS T-SHIRT BLACKÂ (25 YEARS) XXL;SHIRTS;25,15;7;12,575;TURBOSMART TS T-SHIRT BLACKÂ (25 YEARS) XXL;9,32698E+12;TURBOSMART,TS-9003-1075,TURBOSMART,TS,T-SHIRT,BLACKÂ (25,YEARS),XXL,TURBOSMART,TS,T-SHIRT,BLACKÂ (25,YEARS),XXL,TURBOSMART,TS,T,SHIRT,BLACKÂ (25,YEARS),XXL;TURBOSMART,TS-9003-1075,TURBOSMART,TS,T-SHIRT,BLACKÂ (25,YEARS),XXL,TURBOSMART,TS,T-SHIRT,BLACKÂ (25,YEARS),XXL,TURBOSMART,TS,T,SHIRT,BLACKÂ (25,YEARS),XXL;TS-9003-1075;TURBOSMART-TS-9003-1075
TURBOSMART;TURBOSMART;TURBOSMART TS T-SHIRT BLACKÂ (25 YEARS) XXXL;SHIRTS;25,15;7;12,575;TURBOSMART TS T-SHIRT BLACKÂ (25 YEARS) XXXL;9,32698E+12;TURBOSMART,TS-9003-1076,TURBOSMART,TS,T-SHIRT,BLACKÂ (25,YEARS),XXXL,TURBOSMART,TS,T-SHIRT,BLACKÂ (25,YEARS),XXXL,TURBOSMART,TS,T,SHIRT,BLACKÂ (25,YEARS),XXXL;TURBOSMART,TS-9003-1076,TURBOSMART,TS,T-SHIRT,BLACKÂ (25,YEARS),XXXL,TURBOSMART,TS,T-SHIRT,BLACKÂ (25,YEARS),XXXL,TURBOSMART,TS,T,SHIRT,BLACKÂ (25,YEARS),XXXL;TS-9003-1076;TURBOSMART-TS-9003-1076
TURBOSMART;TURBOSMART;TURBOSMART TS T-SHIRT WASTEGATE BLACKÂ (25 YEARS) S;SHIRTS;29,35;7;14,675;TURBOSMART TS T-SHIRT WASTEGATE BLACKÂ (25 YEARS) S;9,32698E+12;TURBOSMART,TS-9003-1081,TURBOSMART,TS,T-SHIRT,WASTEGATE,BLACKÂ (25,YEARS),S,TURBOSMART,TS,T-SHIRT,WASTEGATE,BLACKÂ (25,YEARS),S,TURBOSMART,TS,T,SHIRT,WASTEGATE,BLACKÂ (25,YEARS),S;TURBOSMART,TS-9003-1081,TURBOSMART,TS,T-SHIRT,WASTEGATE,BLACKÂ (25,YEARS),S,TURBOSMART,TS,T-SHIRT,WASTEGATE,BLACKÂ (25,YEARS),S,TURBOSMART,TS,T,SHIRT,WASTEGATE,BLACKÂ (25,YEARS),S;TS-9003-1081;TURBOSMART-TS-9003-1081
TURBOSMART;TURBOSMART;TURBOSMART TS T-SHIRT WASTEGATE BLACKÂ (25 YEARS) M;SHIRTS;29,35;7;14,675;TURBOSMART TS T-SHIRT WASTEGATE BLACKÂ (25 YEARS) M;9,32698E+12;TURBOSMART,TS-9003-1082,TURBOSMART,TS,T-SHIRT,WASTEGATE,BLACKÂ (25,YEARS),M,TURBOSMART,TS,T-SHIRT,WASTEGATE,BLACKÂ (25,YEARS),M,TURBOSMART,TS,T,SHIRT,WASTEGATE,BLACKÂ (25,YEARS),M;TURBOSMART,TS-9003-1082,TURBOSMART,TS,T-SHIRT,WASTEGATE,BLACKÂ (25,YEARS),M,TURBOSMART,TS,T-SHIRT,WASTEGATE,BLACKÂ (25,YEARS),M,TURBOSMART,TS,T,SHIRT,WASTEGATE,BLACKÂ (25,YEARS),M;TS-9003-1082;TURBOSMART-TS-9003-1082
TURBOSMART;TURBOSMART;TURBOSMART TS T-SHIRT WASTEGATE BLACKÂ (25 YEARS) XL;SHIRTS;29,35;7;14,675;TURBOSMART TS T-SHIRT WASTEGATE BLACKÂ (25 YEARS) XL;9,32698E+12;TURBOSMART,TS-9003-1084,TURBOSMART,TS,T-SHIRT,WASTEGATE,BLACKÂ (25,YEARS),XL,TURBOSMART,TS,T-SHIRT,WASTEGATE,BLACKÂ (25,YEARS),XL,TURBOSMART,TS,T,SHIRT,WASTEGATE,BLACKÂ (25,YEARS),XL;TURBOSMART,TS-9003-1084,TURBOSMART,TS,T-SHIRT,WASTEGATE,BLACKÂ (25,YEARS),XL,TURBOSMART,TS,T-SHIRT,WASTEGATE,BLACKÂ (25,YEARS),XL,TURBOSMART,TS,T,SHIRT,WASTEGATE,BLACKÂ (25,YEARS),XL;TS-9003-1084;TURBOSMART-TS-9003-1084
TURBOSMART;TURBOSMART;TURBOSMART TS T-SHIRT WASTEGATE BLACKÂ (25 YEARS) XXL;SHIRTS;29,35;7;14,675;TURBOSMART TS T-SHIRT WASTEGATE BLACKÂ (25 YEARS) XXL;9,32698E+12;TURBOSMART,TS-9003-1085,TURBOSMART,TS,T-SHIRT,WASTEGATE,BLACKÂ (25,YEARS),XXL,TURBOSMART,TS,T-SHIRT,WASTEGATE,BLACKÂ (25,YEARS),XXL,TURBOSMART,TS,T,SHIRT,WASTEGATE,BLACKÂ (25,YEARS),XXL;TURBOSMART,TS-9003-1085,TURBOSMART,TS,T-SHIRT,WASTEGATE,BLACKÂ (25,YEARS),XXL,TURBOSMART,TS,T-SHIRT,WASTEGATE,BLACKÂ (25,YEARS),XXL,TURBOSMART,TS,T,SHIRT,WASTEGATE,BLACKÂ (25,YEARS),XXL;TS-9003-1085;TURBOSMART-TS-9003-1085
TURBOSMART;TURBOSMART;TURBOSMART TS T-SHIRT WASTEGATE BLACKÂ (25 YEARS) XXXL;SHIRTS;29,35;7;14,675;TURBOSMART TS T-SHIRT WASTEGATE BLACKÂ (25 YEARS) XXXL;9,32698E+12;TURBOSMART,TS-9003-1086,TURBOSMART,TS,T-SHIRT,WASTEGATE,BLACKÂ (25,YEARS),XXXL,TURBOSMART,TS,T-SHIRT,WASTEGATE,BLACKÂ (25,YEARS),XXXL,TURBOSMART,TS,T,SHIRT,WASTEGATE,BLACKÂ (25,YEARS),XXXL;TURBOSMART,TS-9003-1086,TURBOSMART,TS,T-SHIRT,WASTEGATE,BLACKÂ (25,YEARS),XXXL,TURBOSMART,TS,T-SHIRT,WASTEGATE,BLACKÂ (25,YEARS),XXXL,TURBOSMART,TS,T,SHIRT,WASTEGATE,BLACKÂ (25,YEARS),XXXL;TS-9003-1086;TURBOSMART-TS-9003-1086
