Racingline;150.000000;MMR37-1501-70B;18.000000;14.000000;7.000000;1.850000;"MMR PERFORMANCE STUD AND NUT CONVERSION KIT - BALL HEAD - 70MM"
Racingline;150.000000;MMR37-1501-70C;18.000000;14.000000;7.000000;1.850000;"MMR PERFORMANCE STUD AND NUT CONVERSION KIT - TAPERED - 70MM"
Racingline;225.000000;RLP-Spec;91.000000;39.000000;30.000000;7.200000;"RACINGLINE SPECIAL ORDER"
Racingline;778.700000;VWR030000-F3RSQ3;0.000000;0.000000;0.000000;0.000000;"Racingline PCM Box / Audi F3 RSQ3 (DAZA)"
Racingline;778.700000;VWR030000-F3RSQ3OPF;0.000000;0.000000;0.000000;0.000000;"Racingline PCM Box / Audi F3 RSQ3 OPF (DNWA)"
Racingline;778.700000;VWR030000-IS20;0.000000;0.000000;0.000000;0.000000;"Racingline PCM Box / MQB EA888.3-IS20"
Racingline;778.700000;VWR030000-IS20-E;0.000000;0.000000;0.000000;0.000000;"Racingline PCM Box / MBQ EVO / EA888-3 IS20"
Racingline;778.700000;VWR030000-IS38;0.000000;0.000000;0.000000;0.000000;"Racingline PCM Box / MQB EA888.3-IS38"
Racingline;778.700000;VWR030000-IS38-E;0.000000;0.000000;0.000000;0.000000;"Racingline PCM Box / MBQ EVO EA888-3 IS38"
Racingline;778.700000;VWR030001-CONT;37.000000;26.000000;15.000000;1.150000;"RACINGLINE PCM BOX /  MQB EVO /  EA888.4 2.0 TSI 300-320PS MODELS"
Racingline;778.700000;VWR030001-CONT-R;0.000000;0.000000;0.000000;0.000000;"Racingline PCM Box / MQB EVO Continental Rear Battery"
Racingline;778.700000;VWR030001-GAR;26.000000;14.000000;27.000000;1.100000;"RACINGLINE PCM BOX /  MQB EVO /  EA888.4 2.0 TSI 245PS MODELS"
Racingline;778.700000;VWR030001-GAR-R;0.000000;0.000000;0.000000;0.000000;"Racingline PCM Box / MQB EVO EA888-4 Garrett Turbo Rear battery"
Racingline;778.700000;VWR030001-RS38Y;0.000000;0.000000;0.000000;0.000000;"Racingline PCM Box / Audi 8Y RS3 / NAR / DXHA"
Racingline;778.700000;VWR030001-RS38YOPF;0.000000;0.000000;0.000000;0.000000;"Racingline PCM Box / Audi 8Y RS3 / DNWC"
Racingline;778.700000;VWR030002-115E;0.000000;0.000000;0.000000;0.000000;"Racingline PCM Box / MQB EVO / TDI EA288 115PS"
Racingline;778.700000;VWR030002-150E;0.000000;0.000000;0.000000;0.000000;"Racingline PCM Box / MQB EVO / TDI EA288 150PS"
Racingline;778.700000;VWR030002-200E;0.000000;0.000000;0.000000;0.000000;"Racingline PCM Box / MQB EVO / TDI EA288 200PS"
Racingline;75.080000;VWR1130RS;41.000000;5.000000;28.000000;0.400000;"RS3 8,5V RACINGLINE HIGH-FLOW PANEL AIR FILTER"
Racingline;107.840000;VWR1140S4;17.000000;20.000000;18.000000;0.300000;"AUDI S4 B8 RACINGLINE HIGH-FLOW PANEL AIR FILTER"
Racingline;136.500000;VWR1141S4;20.000000;20.000000;20.000000;0.500000;"AUDI S4 B9 RACINGLINE HIGH-FLOW PANEL AIR FILTER"
Racingline;252.530000;VWR119042;0.000000;0.000000;0.000000;0.000000;"AUDI R8 V8 4.2 RACINGLINE HIGH-FLOW PANEL AIR FILTERS"
Racingline;252.530000;VWR119052;0.000000;0.000000;0.000000;0.000000;"AUDI R8 V10 5.2 RACINGLINE HIGH-FLOW PANEL AIR FILTERS"
Racingline;75.080000;VWR11A001;0.000000;0.000000;0.000000;0.000000;"AMAROK ALL RACINGLINE HIGH-FLOW PANEL AIR FILTER"
Racingline;68.250000;VWR11G501;41.000000;28.000000;5.000000;0.300000;"GOLF 6 GTI / LEON 2 FR / 2,0 TDI / 1.4TSI 170 RACINGLINE HIGH-FLOW PANEL AIR FILTER"
Racingline;68.250000;VWR11G502;41.000000;5.000000;28.000000;0.400000;"GOLF 6 R / S3 8P / LEON 3 CUPRA RACINGLINE HIGH-FLOW PANEL AIR FILTER"
Racingline;68.250000;VWR11G503;41.000000;5.000000;28.000000;0.400000;"RS3 8P / TTRS 8J / GOLF 5 R32 RACINGLINE HIGH-FLOW PANEL AIR FILTER"
Racingline;81.900000;VWR11G701;41.000000;5.000000;28.000000;0.300000;"S3 8V / GOLF 7 GTI, R / LEON 3 CUPRA / 2.0 TDI RACINGLINE HIGH-FLOW PANEL AIR FILTER"
Racingline;88.730000;VWR11G714;41.000000;28.000000;5.000000;0.400000;"GOLF 7 / LEON 3 / A3 8V 1,2 / 1,4 TSI RACINGLINE HIGH-FLOW PANEL AIR FILTER"
Racingline;88.730000;VWR11G815;41.000000;28.000000;5.000000;0.420000;"GOLF 8 1.5 TSI RACINGLINE HIGH-FLOW PANEL AIR FILTER"
Racingline;101.010000;VWR11P0GT;18.000000;19.000000;18.000000;0.350000;"POLO 6R GTI / IBIZA CUPRA 6J RACINGLINE HIGH-FLOW PANEL AIR FILTER"
Racingline;88.730000;VWR11P1GT;41.000000;5.000000;28.000000;0.400000;"POLO 6C GTI / AUDI S1 / IBIZA 6P CUPRA RACINGLINE HIGH-FLOW PANEL AIR FILTER"
Racingline;75.080000;VWR11TR20;0.000000;0.000000;0.000000;0.000000;"TRANSPORTER T5/T6 2.0 TDI RACINGLINE HIGH-FLOW PANEL AIR FILTER"
Racingline;84.630000;VWR11UPGT;41.000000;29.000000;5.000000;0.350000;"UP GTI /  POLO / IBIZA / GOLF 1.0 TSI RACINGLINE HIGH-FLOW PANEL AIR FILTER"
Racingline;30.030000;VWR120000;22.000000;16.500000;7.000000;1.000000;"RACINGLINE CLEANING KIT (400ML OIL & 500ML CLEANER)"
Racingline;6.830000;VWR120001;7.000000;7.000000;1.000000;0.100000;"RACINGLINE12G7R600ITINLET SEAL KIT"
Racingline;6.830000;VWR120002;0.000000;0.000000;0.000000;0.000000;"RACINGLINE16G7TDEL SEAL"
Racingline;255.260000;VWR120003;33.000000;24.000000;18.000000;1.320000;"RACINGLINE 2.0T MQB EVO TURBO INLET SYSTEL (Elbow & Silicone Hose) - GARRETT TURBO"
Racingline;255.260000;VWR120010;40.000000;27.000000;16.000000;1.440000;"2.0 TSI TURBO INLET ELBOW - CONTINENTAL TURBOS"
Racingline;177.440000;VWR120011;18.000000;13.000000;11.000000;0.400000;"Turbo Inlet / EA211 1.0 TSI / WLTP cars only"
Racingline;47.780000;VWR120030S3PA;0.000000;0.000000;0.000000;0.000000;"RACINGLINE INTAKE SYSTEM  FRONT PANEL ADAPTOR (METAL FRAME)"
Racingline;34.130000;VWR1200BRAC;0.000000;0.000000;0.000000;0.000000;"RACINGLINE INTAKE SYSTEM BRACKET AND STRAP"
Racingline;21.840000;VWR1200BUNG;24.000000;17.000000;6.000000;0.200000;"RACINGLINE INTAKE SYSTEM K04 BUNG"
Racingline;47.780000;VWR1200G5PA;0.000000;0.000000;0.000000;0.000000;"RACINGLINE INTAKE SYSTEM  FRONT PANEL ADAPTOR (METAL FRAME)"
Racingline;47.780000;VWR1200G6PA;0.000000;0.000000;0.000000;0.000000;"RACINGLINE INTAKE SYSTEM  FRONT PANEL ADAPTOR (SILICONE)"
Racingline;442.260000;VWR1200R600E;41.000000;31.000000;92.000000;5.200000;"GOLF 7 / GOLF 8 GTI,R / S3 8Y / S3 8V RACINGLINE R600 EVO INTAKE SYSTEM - FOAM"
Racingline;483.210000;VWR1200R601E;41.000000;31.000000;92.000000;5.200000;"GOLF 7 / GOLF 8 GTI,R / S3 8Y / S3 8V RACINGLINE R601 EVO INTAKE SYSTEM - COTTON"
Racingline;353.540000;VWR121000;100.000000;47.000000;16.000000;2.000000;"Racingline R600 INTAKE SYSTEM CARBON LID - GLOSS"
Racingline;353.540000;VWR121001;100.000000;47.000000;16.000000;2.000000;"Racingline R600 INTAKE SYSTEM CARBON LID - MATTE"
Racingline;353.540000;VWR121002;100.000000;47.000000;16.000000;2.000000;"Intake System / R600E Carbon Lid Gloss / for fitment to any R600 EVO intake"
Racingline;353.540000;VWR121003;100.000000;47.000000;16.000000;2.000000;"Intake System / R600E Carbon Lid Matte / for fitment to any R600 EVO intake"
Racingline;517.340000;VWR121020;29.000000;28.000000;69.000000;4.250000;"AUDI TT 8J 2.0 TFSI EA113 RACINGLINE INTAKE SYSTEM"
Racingline;517.340000;VWR121020ML;0.000000;0.000000;0.000000;0.000000;"AUDI TT 8J 2.0 TFSI EA888 RACINGLINE INTAKE SYSTEM"
Racingline;654.940000;VWR1210R600EG;41.000000;31.000000;92.000000;5.200000;"Intake System / R600E/Carbon Lid Gloss /Tri-foam Filter"
Racingline;654.940000;VWR1210R600EM;41.000000;31.000000;92.000000;5.200000;"Intake System / R600E /Carbon Lid Matte /Tri-foam Filter"
Racingline;721.860000;VWR1210R601EG;41.000000;31.000000;92.000000;5.200000;"Intake System / R601E/Carbon Lid Gloss /Cotton Filter"
Racingline;721.860000;VWR1210R601EM;41.000000;31.000000;92.000000;5.200000;"Intake System / R601E /Carbon Lid Matte /Cotton Filter"
Racingline;721.860000;VWR1210R602G;0.000000;0.000000;0.000000;0.000000;"Intake System / R602E/Carbon Lid Gloss /Tri Foam Filter"
Racingline;721.860000;VWR1210R602M;0.000000;0.000000;0.000000;0.000000;"Intake System / R602E/Carbon Lid Matte /Tri-foam Filter"
Racingline;839.990000;VWR1210R603G;0.000000;0.000000;0.000000;0.000000;"Intake System / R603E/Carbon Lid Gloss /Cotton Filter"
Racingline;839.990000;VWR1210R603M;0.000000;0.000000;0.000000;0.000000;"Intake System / R603E/Carbon Lid Matte /Cotton Filter"
Racingline;530.990000;VWR121101;0.000000;0.000000;0.000000;0.000000;"Intake System / TriFoam Air Filter / 1.0 WLTP Intake System"
Racingline;1442.440000;VWR1213RS;0.000000;0.000000;0.000000;0.000000;"Intake System Carbon Matte / 2.5 TFSI RS3 8V.2 / TTRS 8S / RHD only"
Racingline;436.250000;VWR123020;26.000000;26.000000;52.000000;3.400000;"A3 8P 2.0 TFSI EA113 RACINGLINE INTAKE SYSTEM"
Racingline;530.990000;VWR1230S3;26.000000;26.000000;52.000000;3.400000;"AUDI S3 8P INTAKE WITH FOAM FILTER"
Racingline;551.460000;VWR1230S3C;0.000000;0.000000;0.000000;0.000000;"AUDI S3 8P INTAKE WITH COTTON FILTER"
Racingline;1064.700000;VWR1241RS;53.000000;26.000000;27.000000;1.780000;"AUDI RS4 / RS5 B9 RACINGLINE INTAKE SYSTEM"
Racingline;1064.700000;VWR1241S4;53.000000;26.000000;27.000000;1.780000;"AUDI S4 / S5 B9 RACINGLINE INTAKE SYSTEM"
Racingline;221.130000;VWR1241S4FO;18.000000;18.000000;20.000000;0.240000;"Intake System Replacement Filter Element / TRIFOAM FILTER / S4 / RS4"
Racingline;442.260000;VWR12A1S1;28.000000;26.000000;52.000000;2.800000;"AUDI S1 / IBIZA 6P CUPRA INTAKE WITH FOAM FILTER"
Racingline;469.560000;VWR12A1S1C;0.000000;0.000000;0.000000;0.000000;"AUDI S1 / IBIZA 6P CUPRA INTAKE WITH COTTON FILTER"
Racingline;339.890000;VWR12G50D;23.000000;22.000000;52.000000;1.660000;"GOLF 5 / LEON 2 / A3 8P 2.0 TDI INTAKE WITH FOAM FILTER"
Racingline;360.360000;VWR12G50DC;0.000000;0.000000;0.000000;0.000000;"GOLF 5 / LEON 2 / A3 8P 2.0 TDI INTAKE WITH COTTON FILTER"
Racingline;476.390000;VWR12G5GT;26.000000;27.000000;52.000000;3.000000;"GOLF 5 GTI INTAKE WITH FOAM FILTER"
Racingline;496.860000;VWR12G5GTC;0.000000;0.000000;0.000000;0.000000;"GOLF 5 GTI INTAKE WITH COTTON FILTER"
Racingline;339.890000;VWR12G60D;23.000000;24.000000;53.000000;1.900000;"GOLF 6, SCIROCCO 2.0 TDI INTAKE WITH FOAM FILTER"
Racingline;360.360000;VWR12G60DC;0.000000;0.000000;0.000000;0.000000;"GOLF 6, SCIROCCO 2.0 TDI INTAKE WITH COTTON FILTER"
Racingline;503.690000;VWR12G60R;25.000000;26.000000;52.000000;3.200000;"GOLF R / SCIROCCO R INTAKE WITH FOAM FILTER"
Racingline;102.380000;VWR12G60RAB;0.000000;0.000000;0.000000;0.000000;"RACINGLINE INTAKE SYSTEM REPLACEMENT AIR BOX"
Racingline;524.160000;VWR12G60RC;0.000000;0.000000;0.000000;0.000000;"GOLF R / SCIROCCO R INTAKE WITH COTTON FILTER"
Racingline;102.380000;VWR12G60RFO;31.000000;18.000000;18.000000;0.500000;"RACINGLINE INTAKE SYSTEM REPLACEMENT FOAM AIR FILTER"
Racingline;122.850000;VWR12G60RFOC;31.000000;18.000000;18.000000;0.500000;"RACINGLINE INTAKE SYSTEM REPLACEMENT COTTON AIR FILTER"
Racingline;339.890000;VWR12G614;28.000000;26.000000;52.000000;1.800000;"GOLF 5 / 6 / SCIROCCO 1.4 TSI 170PS RACINGLINE INTAKE SYSTEM"
Racingline;116.030000;VWR12G614FO;0.000000;0.000000;0.000000;0.000000;"RACINGLINE INTAKE SYSTEM REPLACEMENT AIR FILTER"
Racingline;339.890000;VWR12G6GT;23.000000;52.000000;23.000000;1.900000;"GOLF 6 GTI / SCIROCCO EA888.1 INTAKE WITH FOAM FILTER"
Racingline;360.360000;VWR12G6GTC;0.000000;0.000000;0.000000;0.000000;"GOLF 6 GTI / SCIROCCO EA888.1 INTAKE WITH COTTON FILTER"
Racingline;102.380000;VWR12G6GTFO;19.000000;19.000000;31.000000;0.500000;"RACINGLINE INTAKE SYSTEM REPLACEMENT FOAM AIR FILTER"
Racingline;122.850000;VWR12G6GTFOC;19.000000;19.000000;31.000000;0.500000;"RACINGLINE INTAKE SYSTEM REPLACEMENT COTTON AIR FILTER"
Racingline;476.390000;VWR12G6K03;26.000000;26.000000;52.000000;3.100000;"OCTAVIA 1Z VRS EA113 INTAKE WITH FOAM FILTER"
Racingline;496.860000;VWR12G6K03C;26.000000;26.000000;52.000000;3.100000;"OCTAVIA 1Z VRS EA113 INTAKE WITH COTTON FILTER"
Racingline;374.010000;VWR12G70D;51.000000;24.000000;21.000000;2.000000;"GOLF 7 / A3 / LEON / OCTAVIA 2.0 TDI  RACINGLINE INTAKE SYSTEM WITH FOAM FILTER"
Racingline;394.490000;VWR12G70DC;0.000000;0.000000;0.000000;0.000000;"GOLF 7 / A3 / LEON / OCTAVIA 2.0 TDI  RACINGLINE INTAKE SYSTEM WITH COTTON FILTER"
Racingline;477.750000;VWR12G714;0.000000;0.000000;0.000000;0.000000;"GOLF 7 / A3 8V / LEON 3 1.4 TSI MQB RACINGLINE INTAKE SYSTEM WITH FOAM FILTER"
Racingline;498.230000;VWR12G714C;0.000000;0.000000;0.000000;0.000000;"GOLF 7 / A3 8V / LEON 3 1.4 TSI MQB RACINGLINE INTAKE SYSTEM WITH COTTO FILTER"
Racingline;414.960000;VWR12G7CUP;48.000000;39.000000;28.000000;2.500000;"GOLF 7 GTI,R / LEON 3 / S3 8V / TT 8S RACINGLINE INTAKE SYSTEM 'CUP EDITION'"
Racingline;102.380000;VWR12G7R600FO;28.000000;26.000000;15.000000;0.500000;"RACINGLINE INTAKE SYSTEM REPLACEMENT AIR FILTER FOAM"
Racingline;109.200000;VWR12G7R600ITBLA;34.000000;23.000000;8.000000;0.800000;"GOLF 7 GTI,R / LEON 3 / S3 8V / TT 8S TURBO SILCONE INLET PIPE BLACK"
Racingline;109.200000;VWR12G7R600ITBLU;34.000000;23.000000;8.000000;0.800000;"GOLF 7 GTI,R / LEON 3 / S3 8V / TT 8S TURBO SILCONE INLET PIPE BLUE"
Racingline;109.200000;VWR12G7R600ITGREY;0.000000;0.000000;0.000000;0.000000;"Golf 7 GTI,R / Leon 3 / S3 8V / TT 8S Turbo Silcone Inlet Pipe GREY (OEM+ Dealers only)"
Racingline;143.330000;VWR12G7R600ITINLET;10.000000;16.000000;14.000000;0.400000;"GOLF 7 GTI,R / LEON 3 / S3 8V / TT 8S TURBO INLET ELBOW"
Racingline;109.200000;VWR12G7R600ITRED;34.000000;23.000000;8.000000;0.800000;"GOLF 7 GTI,R / LEON 3 / S3 8V / TT 8S TURBO SILCONE INLET PIPE RED"
Racingline;31.400000;VWR12G7R600OS;25.000000;25.000000;5.000000;0.300000;"RACINGLINE R600 COTTON FILTER FOAM OVERSOCK"
Racingline;27.300000;VWR12G7R600SPAF;0.000000;0.000000;0.000000;0.000000;"RACINGLINE INTAKE SYSTEM R600 SECONDARY AIR FILTER"
Racingline;442.260000;VWR12G7R600USA;0.000000;0.000000;0.000000;0.000000;"Racingline R600 Enclosed Intake System FOAM USA"
Racingline;150.150000;VWR12G7R601FO;31.000000;31.000000;17.000000;0.850000;"RACINGLINE INTAKE SYSTEM REPLACEMENT AIR FILTER COTTON"
Racingline;483.210000;VWR12G7R601USA;0.000000;0.000000;0.000000;0.000000;"Racingline R600 Enclosed Intake System COTTON USA"
Racingline;483.210000;VWR12G7R602;93.000000;42.000000;31.000000;4.520000;"LEON 3 / A3 8V 1.8 / 2,0 TFSI WITH MAF RACINGLINE R600 INTAKE SYSTEM FOAM"
Racingline;150.150000;VWR12G7R602FO;0.000000;0.000000;0.000000;0.000000;"RACINGLINE INTAKE SYSTEM REPLACEMENT AIR FILTER FOAM - MAF"
Racingline;109.200000;VWR12G7R602ITBLA;29.000000;13.000000;11.000000;0.600000;"A3 8V / LEON 3 1.8 / 2.0 TFSI WITH MAF TURBO SILCONE INLET PIPE BLACK"
Racingline;524.160000;VWR12G7R603;0.000000;0.000000;0.000000;0.000000;"Intake System / R600 / Cotton Air Filter with MAF SENSOR /  MQB 2.0 TSI EA888.3B"
Racingline;177.450000;VWR12G7R603FO;0.000000;0.000000;0.000000;0.000000;"Racingline Intake System Replacement Cotton Air Filter"
Racingline;517.340000;VWR12L0CR;26.000000;26.000000;52.000000;3.100000;"LEON 2 CUPRA RACINGLINE INTAKE SYSTEM WITH FOAM FILTER"
Racingline;537.810000;VWR12L0CRC;0.000000;0.000000;0.000000;0.000000;"LEON 2 CUPRA RACINGLINE INTAKE SYSTEM WITH COTTON FILTER"
Racingline;365.820000;VWR12P0GT;23.000000;22.000000;52.000000;2.000000;"POLO 6R GT RACINGLINE INTAKE SYSTEM"
Racingline;95.160000;VWR12P101;0.000000;0.000000;0.000000;0.000000;"TSI Intake Upgrade  Polo GTI 1.8 TSI 6C / Ibiza Cupra 1.8 TSI 6J / Audi S1 /  HOSE ONLY"
Racingline;55.780000;VWR12P102;0.000000;0.000000;0.000000;0.000000;"TSI Intake Upgrade  Polo GTI 1.8 TSI 6C / Ibiza Cupra 1.8 TSI 6J / Audi S1 / BREATHER HOSE ONLY"
Racingline;408.140000;VWR12P1GT;26.000000;26.000000;52.000000;2.800000;"POLO 6C GTI RACINGLINE INTAKE SYSTEM WITH FOAM FILTER"
Racingline;428.610000;VWR12P1GTC;0.000000;0.000000;0.000000;0.000000;"POLO 6C GTI RACINGLINE INTAKE SYSTEM WITH COTTON FILTER"
Racingline;102.380000;VWR12P1GTFO;20.000000;18.000000;18.000000;0.320000;"RACINGLINE INTAKE SYSTEM REPLACEMENT FOAM AIR FILTER"
Racingline;122.850000;VWR12P1GTFOC;0.000000;0.000000;0.000000;0.000000;"RACINGLINE INTAKE SYSTEM REPLACEMENT COTTON AIR FILTER"
Racingline;288.750000;VWR12P1GTIS38;32.000000;24.000000;14.000000;1.240000;"POLO 6C GTI / AUDI S1 INTAKE UPGRADE KIT (ELBOW + HOSES)"
Racingline;634.710000;VWR12P2GTG;22.000000;24.000000;52.000000;2.100000;"POLO AW GTI RACINGLINE CARBON INTAKE SYSTEM - GLOSS"
Racingline;634.710000;VWR12P2GTM;22.000000;24.000000;52.000000;2.100000;"POLO AW GTI RACINGLINE CARBON INTAKE SYSTEM - MATT"
Racingline;614.250000;VWR12PRWRC;48.000000;39.000000;28.000000;2.800000;"POLO 6R WRC RACINGLINE INTAKE SYSTEM"
Racingline;91.460000;VWR12PRWRCFO;18.000000;18.000000;20.000000;0.300000;"RACINGLINE INTAKE SYSTEM REPLACEMENT AIR FILTER"
Racingline;408.140000;VWR12UPGT;0.000000;0.000000;0.000000;0.000000;"UP GTI /  POLO / IBIZA / GOLF 1.0 TSI RACINGLINE INTAKE SYSTEM INLET REQUIRED"
Racingline;503.690000;VWR12UPGTCOMP;23.000000;23.000000;53.000000;2.400000;"UP GTI /  POLO / IBIZA / GOLF 1.0 TSI RACINGLINE INTAKE SYSTEM INCL TURBO ELBOW"
Racingline;111.560000;VWR12UPGTFO;0.000000;0.000000;0.000000;0.000000;"Intake System Replacement Filter Element / TRIFOAM FILTER  / UP! / Polo / Ibiza / Golf / 1.0 TSI Intake EA211"
Racingline;111.930000;VWR12UPITINLET;18.000000;13.000000;11.000000;0.400000;"UP GTI /  POLO / IBIZA / GOLF 1.0 TSI TURBO INLET ELBOW"
Racingline;6.140000;VWR130004;0.000000;0.000000;0.000000;0.000000;"OIL MANAGEMENT RACINGLINE18G700  TOP CAP SEAL ONLY"
Racingline;58.010000;VWR130006;14.000000;14.000000;9.000000;0.250000;"RACINGLINE MQB OIL MANAGEMENT / CATCH CAN DRAIN TAP KIT"
Racingline;887.240000;VWR131000;33.000000;31.000000;16.000000;2.350000;"Racingline Oil Catch Can Management Kit Audi B9 S4 /B9 S5"
Racingline;443.630000;VWR13G500;30.000000;25.000000;18.000000;2.000000;"GOLF 5 GTI / GOLF 6 R / LEON 2 CUPRA OIL CATCH CAN KIT (WITHOUT CARBON CANISTER)"
Racingline;668.850000;VWR13G700;32.000000;30.000000;22.000000;2.500000;"GOLF 7 GTI,R / LEON 3 / S3 8V / TT 8S OIL CATCH CAN KIT"
Racingline;31.400000;VWR13G700-SERV;5.000000;5.000000;5.000000;0.100000;"RACINGLINE13G700-SERVICE KIT"
Racingline;54.600000;VWR13G700RFK;7.000000;7.000000;17.000000;0.500000;"GOLF 7 GTI,R / LEON 3 / S3 8V / TT 8S WASHER FLUID REMOTE FILL KIT"
Racingline;226.350000;VWR140004;34.000000;50.000000;10.000000;1.700000;"GOLF 7 GTI,R / LEON 3 / S3 8V / TT 8S RACINGLINE SILCONE TURBO BOOST HOSES"
Racingline;226.350000;VWR140006;55.000000;26.000000;10.000000;1.440000;"Turbo Boost Hose kit / MQBE / EA888.4"
Racingline;39.380000;VWR140007;0.000000;0.000000;0.000000;0.000000;"Turbo Boost Hose kit / MQBE / EA888.4  Outlet Hose Continental"
Racingline;226.350000;VWR140010;34.000000;50.000000;10.000000;1.700000;"POLO AW GTI / A1 GB / MQB A0 RACINGLINE SILCONE TURBO BOOST HOSE KIT"
Racingline;328.110000;VWR140011;49.000000;39.000000;28.000000;3.000000;"AUDI RS3 8Y / RS3 8V2 / TTRS MK3 RACINGLINE BOOST PIPES UPGRADE"
Racingline;887.250000;VWR14G700;99.000000;54.000000;21.000000;16.400000;"GOLF 7 GTI,R / LEON 3 / S3 8V / TT 8S RACINGLINE INTERCOOLER"
Racingline;3276.000000;VWR14G7IS38COMP;0.000000;0.000000;0.000000;0.000000;"MQB / EA888.3 Complete Turbocharger Upgrade OEM + DEALERS ONLY"
Racingline;1365.000000;VWR14G7IS38CORE;0.000000;0.000000;0.000000;0.000000;"Turbocharger Core Unit / IS38 Surcharge cost for VWR14G7IS38COMP"
Racingline;113.730000;VWR150000;15.000000;12.000000;5.000000;0.180000;"GOLF 7 GTI,R / LEON 3 / S3 8V / TT 8S SUBFRAME ALIGNMENT KIT"
Racingline;341.240000;VWR150001;48.000000;13.000000;6.000000;1.500000;"RACINGLINE LOWER ENGINE MOUNT POLO AW / A1 GB"
Racingline;292.110000;VWR150002;24.000000;21.000000;6.000000;1.750000;"Racingline Dogbone and Lower engine Mount MQB EA888.3 - ALUMINIUM SUBFRAME"
Racingline;104.990000;VWR150003;38.000000;10.000000;10.000000;2.000000;"Lower Engine Mount Twin Dogbone Inserts / OE part: 5Q0 198 037 A / Version 1"
Racingline;104.990000;VWR150004;38.000000;10.000000;10.000000;2.000000;"Lower Engine Mount Twin Dogbone Inserts / OE part: 5Q0 198 037 F / Version 2"
Racingline;292.110000;VWR15G501;18.000000;18.000000;20.000000;1.950000;"GOLF 5 / GOLF 6 / A3 8P / LEON 2 TRANSMISSION MOUNT"
Racingline;292.110000;VWR15G502;18.000000;18.000000;20.000000;1.700000;"GOLF 5 / GOLF 6 / A3 8P / LEON 2 ENGINE MOUNT"
Racingline;217.040000;VWR15G503;22.000000;11.000000;5.000000;1.100000;"GOLF 5 / GOLF 6 / A3 8P / LEON 2 SUBFRAME MOUNT"
Racingline;217.040000;VWR15G503-RACE;0.000000;0.000000;0.000000;0.000000;"Lower Engine Mount / A5-Platform / 2.0 TFSI EA113"
Racingline;436.800000;VWR15G701;18.000000;18.000000;20.000000;2.600000;"GOLF 7 GTI,R / LEON 3 / S3 8V MQB TRANSMISSION MOUNT"
Racingline;409.500000;VWR15G702;19.500000;17.500000;17.500000;1.800000;"GOLF 7 GTI,R / LEON 3 / S3 8V MQB RACINGLINE ENGINE MOUNT"
Racingline;273.000000;VWR15G703;38.000000;10.000000;10.000000;2.000000;"GOLF 7 GTI,R / LEON 3 / S3 8V MQB RACINGLINE DOGBONE AND SUBFRAME MOUNT - STEEL SUBFRAME"
Racingline;163.800000;VWR160000;16.000000;23.000000;13.000000;0.660000;"RACINGLINE  MQB EVO 2.0 TSI EA888.4 GARRETT TURBO MUFFLER DELETE"
Racingline;122.850000;VWR160001;11.000000;11.000000;11.000000;0.500000;"MQB 2.0 TSI EA888.3B W / MAF RACINGLINE TURBO MUFFLER DELETE"
Racingline;122.850000;VWR16G7TDEL;11.000000;11.000000;10.000000;0.350000;"GOLF 7 GTI,R / LEON 3 / S3 8V / TT 8S TURBO MUFFLER DELETE"
Racingline;54.600000;VWR17G7R600;22.000000;23.000000;7.000000;0.200000;"GOLF 7 GTI,R / LEON 3 / S3 8V / TT 8S R600 COOLANT HOSE"
Racingline;54.600000;VWR17G8R600;25.000000;20.000000;5.000000;0.200000;"GOLF 8 2.0T RACINGLINE UNDERHOUSE COOLANT RELOCATION TUBE"
Racingline;15.020000;VWR180000;9.000000;5.000000;2.000000;0.030000;"MAGNETIC SUMP PLUG (N90813202) METAL SUMP (NON-MQB EA888.3)"
Racingline;54.600000;VWR180001;10.000000;10.000000;10.000000;0.200000;"RACE OIL FILTER (FOR RACINGLINE18G700 ONLY)"
Racingline;30.030000;VWR180002;5.000000;5.000000;5.000000;0.100000;"GOLF 7 R / S3 8V / TTS 8S MAGNETIC HALDEX PLUG KIT"
Racingline;30.030000;VWR180003;5.000000;5.000000;5.000000;0.100000;"GOLF 7 GTI,R / LEON 3 / S3 8V / TT 8S MAGNETIC SUMP PLUG KIT, TRANSFER BOX OR REAR DIFF"
Racingline;38.220000;VWR180004;12.000000;7.000000;2.000000;0.100000;"Racingline True Lock Magnetic Sump Plug For Plastic Sump EA888.3/3B"
Racingline;5.250000;VWR180005;0.000000;0.000000;0.000000;0.000000;"True Lock Magnetic Sump Plug O-Ring / 5 x Seals Only"
Racingline;17.050000;VWR180006;0.000000;0.000000;0.000000;0.000000;"Magnetic Sump Plug / Metal Sump / EA888.4 / EA855"
Racingline;600.600000;VWR18G700;43.000000;41.000000;19.000000;4.000000;"GOLF 7 GTI / GOLF 7 R OIL COOLER KIT (DROP DOWN MOUNTING)"
Racingline;47.780000;VWR18G700-EUBRACKETS;13.000000;15.000000;5.000000;0.250000;"GOLF 7 GTI / GOLF 7 R OIL COOLER KIT- EU BRACKET KIT ONLY"
Racingline;31.400000;VWR18G700-SERV;5.000000;5.000000;5.000000;0.100000;"RACINGLINE OIL COOLER SERVICE KIT"
Racingline;109.200000;VWR190000;15.000000;15.000000;15.000000;0.300000;"RACINGLINE TWIST IN STYLE BILLET FUEL FILLER CAP"
Racingline;133.770000;VWR190001;18.000000;12.000000;11.000000;0.400000;"S4 / RS4 / S5 / RS5 B9 RACINGLINE BILLET OIL FILTER HOUSING"
Racingline;81.900000;VWR190002;13.000000;13.000000;10.000000;0.180000;"Billet Oil Cap / 2.0 TSI EA888.4"
Racingline;135.140000;VWR190003;13.000000;13.000000;10.000000;0.380000;"RACINGLINE BILLET OIL CAP 3.0 TFSI AUDI S4/S5 & RS4/RS5 B9"
Racingline;81.900000;VWR190004;13.000000;13.000000;10.000000;0.260000;"RACINGLINE BILLET OIL CAP EA211 1.0 TSI /1.2 TSI/ 1.4 TSI"
Racingline;67.600000;VWR190005;0.000000;0.000000;0.000000;0.000000;"Billet Oil Dipstick / EA211 EVO / 1.5 TSI"
Racingline;98.390000;VWR190006;62.000000;5.000000;5.000000;0.200000;"Billet Oil Dipstick / EA855 / 2.5 TFSI / DAZA, DAZC, DNWA, DXHA"
Racingline;68.250000;VWR19G701;62.000000;5.000000;5.000000;0.200000;"GOLF 7 GTI,R / LEON 3 / S3 8V / TT 8S BILLET OIL DIPSTICK"
Racingline;81.900000;VWR19G702;6.000000;6.000000;5.000000;0.100000;"GOLF 7 GTI,R / LEON 3 / S3 8V / TT 8S BILLET OIL CAP"
Racingline;95.550000;VWR19G703;9.000000;9.000000;4.000000;0.200000;"BILLET EXPANSION CAP"
Racingline;81.900000;VWR19G704;12.000000;8.000000;5.000000;0.120000;"BILLET WASHER BOTTLE CAP"
Racingline;88.730000;VWR19G706;15.000000;8.000000;9.000000;0.400000;"GOLF 7 GTI,R / LEON 3 / S3 8V / TT 8S BILLET OIL FILTER HOUSING"
Racingline;81.900000;VWR19G707;9.000000;9.000000;4.000000;0.100000;"BILLET BRAKE FLUID CAP"
Racingline;95.550000;VWR19G708;17.000000;12.000000;11.000000;0.450000;"BILLET DSG OIL FILTER HOUSING"
Racingline;102.380000;VWR19G709;17.000000;12.000000;11.000000;0.450000;"BILLET DSG OIL FILTER HOUSING"
Racingline;109.200000;VWR19G711;15.000000;15.000000;15.000000;0.300000;"BILLET FUEL FILLER CAP"
Racingline;1076.990000;VWR21G701;120.000000;75.000000;27.000000;23.000000;"GOLF 7 GTI CATBACK EXHAUST SYSTEM"
Racingline;955.500000;VWR21G702;0.000000;0.000000;0.000000;0.000000;"GOLF 7 GTI DOWNPIPE WITH HIGH FLOW CATALYST"
Racingline;477.750000;VWR21G702CUP;105.000000;50.000000;45.000000;9.000000;"GOLF 7 GTI DOWNPIPE WITH DECAT PIPE"
Racingline;955.500000;VWR21G702R;0.000000;0.000000;0.000000;0.000000;"GOLF 7 R DOWNPIPE EXHAUST SYSTEM WITH HIGH FLOW CATALYST"
Racingline;477.750000;VWR21G702RCUP;47.000000;133.000000;33.000000;10.500000;"GOLF 7 R DOWNPIPE WITH DECAT PIPE"
Racingline;1445.540000;VWR21G70RNV;120.000000;75.000000;27.000000;28.000000;"GOLF 7 R NON VALVED CATBACK EXHAUST SYSTEM"
Racingline;1582.040000;VWR21G70RNVRES;120.000000;75.000000;27.000000;28.000000;"GOLF 7 R NON VALVED CATBACK EXHAUST SYSTEM RESONATED"
Racingline;1950.590000;VWR21G70RV;120.000000;75.000000;27.000000;28.000000;"GOLF 7 R VALVED CATBACK EXHAUST SYSTEM"
Racingline;2100.740000;VWR21G70RVRES;120.000000;75.000000;27.000000;28.000000;"GOLF 7 R VALVED CATBACK EXHAUST SYSTEM RESONATED"
Racingline;749.390000;VWR29DQ381;36.000000;46.000000;28.000000;6.200000;"GOLF 7.5 GTI,R / LEON 3 / S3 8V MQB DQ381 7 SPEED DSG OIL COOLER"
Racingline;716.630000;VWR29G7250;31.000000;43.000000;16.000000;5.400000;"GOLF 7 GTI,R / LEON 3 / S3 8V MQB DQ250 6 SPEED DSG OIL COOLER"
Racingline;425.880000;VWR30G500;73.000000;53.000000;29.000000;14.500000;"GOLF 5/6, A3/S3 8P,LEON2 RACINGLINE SPORT DAMPER KIT (55MM)"
Racingline;655.200000;VWR30G5GT;71.000000;53.000000;29.000000;24.500000;"Sport Spring & Damper Kit / A5-Platform FWD: Golf 5/6, A3 8P, Leon 2 (55mm strut)"
Racingline;655.200000;VWR30G60R;71.000000;53.000000;29.000000;24.500000;"Sport Spring & Damper Kit / A5-Platform AWD: Golf 6R, S3 8P (55mm strut)"
Racingline;539.180000;VWR30G700;73.000000;53.000000;29.000000;17.000000;"MQB INC TDI MULTI LINK RACINGLINE SPORT DAMPER KIT"
Racingline;743.930000;VWR30G70R;71.000000;53.000000;29.000000;24.500000;"Sport Spring & Damper Kit / MQB Platform AWD:  Golf 7 R"
Racingline;743.930000;VWR30G70RW;71.000000;53.000000;29.000000;24.500000;"Sport Spring & Damper Kit / MQB Platform AWD:  Golf 7 R Estate"
Racingline;743.930000;VWR30G7GT;71.000000;53.000000;29.000000;24.500000;"Sport Spring & Damper Kit / MQB Platform FWD:  Golf 7 GTI, Leon III Cupra"
Racingline;743.930000;VWR30G7ML;0.000000;0.000000;0.000000;0.000000;"Sport Spring & Damper Kit / MQB Platform FWD:  Golf 7, Leon III, A3 8V"
Racingline;743.930000;VWR30G80R;0.000000;0.000000;0.000000;0.000000;"Golf 8 R Racingline  Sports Spring & Damper Kit"
Racingline;743.930000;VWR30G8GT;0.000000;0.000000;0.000000;0.000000;"Golf 8 GTI & 2.0 GTD Racingline  Sports Spring & Damper Kit"
Racingline;655.200000;VWR30S000;71.000000;53.000000;29.000000;24.500000;"Sport Spring & Damper Kit / A5-Platform: Scirocco (55mm strut)"
Racingline;268.740000;VWR3130RS;30.000000;30.000000;32.000000;9.200000;"AUDI S3 / RS3 8V / 8Y RACINGLINE SPORTS SPRING KIT"
Racingline;268.740000;VWR3131S3;30.000000;31.000000;32.000000;9.240000;"Sports Spring Kit / MQBE / Audi S3 8Y"
Racingline;268.740000;VWR3141S4;30.000000;30.000000;32.000000;10.300000;"AUDI S4 B9 RACINGLINE SPORTS SPRING KIT"
Racingline;248.750000;VWR31A000;0.000000;0.000000;0.000000;0.000000;"AMAROK RACINGLINE SPORTS SPRING KIT"
Racingline;268.740000;VWR31F020;30.000000;30.000000;32.000000;9.120000;"Sports Spring Kit / MQBE / Cupra Formentor 2.0 TSI & 2.0 TDI"
Racingline;248.750000;VWR31G5GT;30.000000;30.000000;32.000000;11.000000;"GOLF 5/6 GTI, LEON 2, OCTAVIA RACINGLINE SPORTS SPRING KIT"
Racingline;248.750000;VWR31G60R;30.000000;32.000000;30.000000;12.000000;"GOLF 6 R RACINGLINE SPORTS SPRING KIT"
Racingline;268.740000;VWR31G70R;30.000000;32.000000;30.000000;9.500000;"GOLF 7R RACINGLINE SPORTS SPRING KIT"
Racingline;268.740000;VWR31G70RW;32.000000;29.000000;31.000000;9.100000;"GOLF 7R SW / OCTAVIA VRS SW RACINGLINE SPORTS SPRING KIT"
Racingline;268.740000;VWR31G7GT;30.000000;30.000000;32.000000;8.000000;"GOLF 7 GTI / LEON 3 CUPRA RACINGLINE SPORTS SPRING KIT"
Racingline;268.740000;VWR31G7ML;29.000000;32.000000;31.000000;7.900000;"MQB INC TDI RACINGLINE SPORTS SPRING KIT"
Racingline;268.740000;VWR31G80R;29.000000;32.000000;31.000000;8.000000;"GOLF 8 R RACINGLINE SPORTS SPRING KIT"
Racingline;268.740000;VWR31G8GT;29.000000;32.000000;31.000000;7.940000;"GOLF 8 GTI / GTD RACINGLINE SPORTS SPRING KIT"
Racingline;313.950000;VWR31ID00;29.000000;32.000000;31.000000;8.000000;"ID3 / BORN RACINGLINE SPORTS SPRING KIT"
Racingline;268.740000;VWR31P2GT;29.000000;32.000000;31.000000;8.000000;"POLO AW GTI RACINGLINE SPORTS SPRING KIT"
Racingline;248.750000;VWR31S000;30.000000;30.000000;32.000000;10.000000;"SCIROCCO / 2012 BEETLE RACINGLINE SPORTS SPRING KIT"
Racingline;268.740000;VWR31SK01;30.000000;30.000000;32.000000;9.200000;"Sports Spring Kit / MQBE / Skoda Octavia vRS IV Hatch 2.0 TSI & 2.0 TDI"
Racingline;268.740000;VWR31T120;0.000000;0.000000;0.000000;0.000000;"Sports Spring Kit / MQB / Tiguan 4Motion R, 2.0 TSI & 2.0 TDI"
Racingline;268.740000;VWR31TR01;0.000000;0.000000;0.000000;0.000000;"Sports Spring Kit / MQB/ T-ROC R"
Racingline;195.560000;VWR31UPGT;32.000000;30.000000;32.000000;7.200000;"VW UP GTI RACINGLINE SPORTS SPRING KIT"
Racingline;3139.500000;VWR340000-G6;73.000000;53.000000;29.000000;17.000000;"GOLF 5 / 6 / S3 8P / LEON 2 RACINGLINE TRACKSPORT SUSPENSION KIT (55MM)"
Racingline;3139.500000;VWR340000-G7;73.000000;53.000000;29.000000;17.000000;"GOLF 7 / LEON 3 / S3 8V / VRS RACINGLINE TRACKSPORT SUSPENSION KIT (55MM STRUT)"
Racingline;227.500000;VWR420000;30.000000;10.000000;10.000000;2.000000;"RACINGLINE SWAY BAR LINKS - 250MM CENTRE APPLICATIONS (OE APPLICATIONS)"
Racingline;227.500000;VWR420001;30.000000;10.000000;10.000000;2.000000;"RACINGLINE SWAY BAR LINKS - 200MM CENTRE APPLICATIONS (RACE APPLICATIONS)"
Racingline;233.420000;VWR44G500;0.000000;0.000000;0.000000;0.000000;"GOLF 5 / GOLF 6 / LEON 2 / S3 8P RACINGLINE FRONT SUSPENSION BUSH KIT"
Racingline;208.850000;VWR44G700;0.000000;0.000000;0.000000;0.000000;"GOLF 7 / LEON 3 / 8V MQB RACINGLINE FRONT SUSPENSION BUSH KIT"
Racingline;490.040000;VWR45G501;0.000000;0.000000;0.000000;0.000000;"GOLF 5 / GOLF 6 / LEON 2 / S3 8P RACINGLINE ALLOY CONTROL ARMS WITH BUSHES KIT"
Racingline;176.090000;VWR45G502;26.000000;22.000000;11.000000;1.700000;"GOLF 5 / GOLF 6 / LEON 2 / S3 8P RACINGLINE ROLL CENTRE ADJUSTING BALLJOINT"
Racingline;632.810000;VWR45G5COMP;0.000000;0.000000;0.000000;0.000000;"GOLF 5 / GOLF 6 / LEON 2 / S3 8P RACINGLINE ALLOY FRONT ARMS WITH BALLJOINTS"
Racingline;763.040000;VWR45G701;0.000000;0.000000;0.000000;0.000000;"GOLF 7 / LEON 3 / A3 8V MQB RACINGLINE ALLOY CONTROL ARMS WITH BUSHES KIT"
Racingline;187.490000;VWR493000;17.000000;13.000000;4.000000;0.100000;"8V A3,S3 (NON-SPORT STEERING WHEEL) / LEON 3 BILLET DSG GEARSHIFT PADDLES PIANO BLACK"
Racingline;187.490000;VWR493001;17.000000;13.000000;4.000000;0.100000;"8V A3,S3 (NON-SPORT STEERING WHEEL) / LEON 3 DSG GEARSHIFT PADDLES TITANIUM FINISH"
Racingline;187.490000;VWR494100;17.000000;13.000000;4.000000;0.120000;"AUDI B9, TTRS 8S, A3 S3 RS3 8V (SPORT STEERING WHEEL) DSG GEARSHIFT PADDLES TITANIUM FINISH"
Racingline;187.490000;VWR494101;17.000000;13.000000;4.000000;0.120000;"AUDI B9, TTRS 8S, A3 S3 RS3 8V (SPORT STEERING WHEEL) DSG GEARSHIFT PADDLES - BLACK"
Racingline;187.490000;VWR49G700;17.000000;13.000000;4.000000;0.130000;"GOLF 7 GTI, R / POLO GTI 6R, 6C ,AW BILLET DSG GEARSHIFT PADDLES PIANO BLACK"
Racingline;187.490000;VWR49G701;17.000000;13.000000;4.000000;0.130000;"GOLF 7 GTI, R / POLO GTI 6R, 6C ,AW BILLET DSG GEARSHIFT PADDLES TITANIUM FINISH"
Racingline;288.740000;VWR501000;40.000000;18.000000;7.000000;2.000000;"Adjustable Rear Toe Links / MQB"
Racingline;392.440000;VWR501001;42.000000;21.000000;12.000000;3.200000;"Rear Ajustable Camber Arms / MQB"
Racingline;191.090000;VWR520000;23.000000;11.000000;8.000000;0.650000;"RACINGLINE REAR ADJUSTABLE DROPLINKS MQB / MQB EVO"
Racingline;476.390000;VWR54G5COMP;36.000000;24.000000;15.000000;3.300000;"GOLF 5 / GOLF 6 / LEON 2 / S3 8P RACINGLINE REAR SUSPENSION BUSH KIT"
Racingline;1500.140000;VWR600007;0.000000;0.000000;0.000000;0.000000;"Racingline 18'' x 8.5"" Wheel Gunmetal Grey ET45 - Set of 4"
Racingline;1500.140000;VWR600360BLK;0.000000;0.000000;0.000000;0.000000;"R360 19"" x 8.5"" Wheel / ET44 / Set of 4 Wheels / Gloss Black"
Racingline;1500.140000;VWR600360GUN;0.000000;0.000000;0.000000;0.000000;"RACINGLINE 19"" X 8.5"" R360 WHEEL, GUNMETAL GREY, ET44 SET OF 4"
Racingline;1500.140000;VWR600360SVR;0.000000;0.000000;0.000000;0.000000;"Racingline 19"" x 8.5"" R360 Wheel, Silver ET44 -  Set of 4"
Racingline;412.530000;VWR610007;50.000000;50.000000;27.000000;12.570000;"Racingline 18'' x 8.5"" Wheel Gunmetal Grey ET45 -  1 Wheel"
Racingline;412.530000;VWR610360BLK;108.000000;54.000000;54.000000;49.500000;"RACINGLINE 19"" X 8.5"" R360 WHEEL, BLACK, ET44 -  1 WHEEL"
Racingline;412.530000;VWR610360GUN;54.000000;27.000000;54.000000;12.300000;"Racingline 19"" x 8.5"" R360 Wheel, Gunmetal Grey, ET44 - 1 Wheel"
Racingline;412.530000;VWR610360SVR;54.000000;54.000000;27.000000;12.000000;"RACINGLINE 19"" X 8.5"" R360 WHEEL, SILVER, ET44 -  1 WHEEL"
Racingline;102.380000;VWR620005MM;16.000000;16.000000;6.000000;0.500000;"RACINGLINE BRAKE KIT 5MM HUB ADAPTOR"
Racingline;163.800000;VWR630000;18.000000;14.000000;7.000000;1.850000;"STUD AND NUT CONVERSION KIT BALL HEAD NUT (OEM) 70MM STUDS CAR SET"
Racingline;163.800000;VWR630001;18.000000;14.000000;7.000000;1.850000;"STUD AND NUT CONVERSION KIT TAPERED (AFTERMARKET) 70MM STUDS CAR SET"
Racingline;163.800000;VWR630002;0.000000;0.000000;0.000000;0.000000;"STUD AND NUT CONVERSION KIT BALL HEAD NUT (OEM) 80MM STUDS CAR SET"
Racingline;163.800000;VWR630003;18.000000;14.000000;10.000000;2.100000;"STUD AND NUT CONVERSION KIT TAPERED (AFTERMARKET) 80MM STUDS CAR SET"
Racingline;5.460000;VWR630007;0.000000;0.000000;0.000000;0.000000;"RACINGLINE RADIAL WHEEL NUT (OEM) INDIVIDUAL 20 PER VEHICLE"
Racingline;5.460000;VWR630008;0.000000;0.000000;0.000000;0.000000;"RACINGLINE AFTERMAKET NUT (60 DEGREE TAPERED) INDIVIDUAL  20 PER VEHICLE"
Racingline;2.730000;VWR630009;0.000000;0.000000;0.000000;0.000000;"RACINGLINE 70MM WHEEL STUD"
Racingline;2.730000;VWR630010;0.000000;0.000000;0.000000;0.000000;"RACINGLINE 80MM WHEEL STUD"
Racingline;22.500000;VWR630100;0.000000;0.000000;0.000000;0.000000;"Racingline Wheel Hanger Pin"
Racingline;2.500000;VWR630137;0.000000;0.000000;0.000000;0.000000;"M14x1.5 37mm R13 Wheel Bolt Black"
Racingline;2.500000;VWR630139;0.000000;0.000000;0.000000;0.000000;"M14x1.5 39mm R13 Wheel Bolt Black"
Racingline;2.500000;VWR630142;0.000000;0.000000;0.000000;0.000000;"M14x1.5 42mm R13 Wheel Bolt Black"
Racingline;2.500000;VWR630147;0.000000;0.000000;0.000000;0.000000;"M14x1.5 47mm R13 Wheel Bolt Black"
Racingline;2.500000;VWR630237;0.000000;0.000000;0.000000;0.000000;"M14x1.5 37mm 60째 Taper Wheel Bolt"
Racingline;2.500000;VWR630239;0.000000;0.000000;0.000000;0.000000;"M14x1.5 39mm 60째 Taper Wheel Bolt"
Racingline;2.500000;VWR630242;0.000000;0.000000;0.000000;0.000000;"M14x1.5 42mm 60째 Taper Wheel Bolt"
Racingline;2.500000;VWR630247;0.000000;0.000000;0.000000;0.000000;"M14x1.5 47mm 60째 Taper Wheel Bolt"
Racingline;87.490000;VWR640012;22.000000;22.000000;22.000000;2.200000;"RL Spacers (Pair) 12.5mm OEM Bolts"
Racingline;93.740000;VWR640015;22.000000;22.000000;22.000000;2.200000;"RL Spacers (Pair) 15mm OEM Bolts"
Racingline;99.990000;VWR640017;22.000000;22.000000;22.000000;2.200000;"RL Spacers (Pair) 17.5mm OEM Bolts"
Racingline;106.240000;VWR640020;22.000000;22.000000;22.000000;2.200000;"RL Spacers (Pair) 20mm OEM Bolts"
Racingline;87.490000;VWR640112;22.000000;22.000000;22.000000;2.200000;"RL Spacers (Pair) 12.5mm Tapered Bolts"
Racingline;93.740000;VWR640115;22.000000;22.000000;22.000000;2.200000;"RL Spacers (Pair) 15mm Tapered Bolts"
Racingline;99.990000;VWR640117;22.000000;22.000000;22.000000;2.200000;"RL Spacers (Pair) 17.5mm Tapered Bolts"
Racingline;106.240000;VWR640120;22.000000;22.000000;22.000000;2.200000;"RL Spacers (Pair) 20mm Tapered Bolts"
Racingline;3547.640000;VWR650000-ANO;0.000000;0.000000;0.000000;0.000000;"RACINGLINE BRAKE CALIPER AND DISC UPGRADE 380MM FLOATING 6 POT - ANODIZED"
Racingline;3547.640000;VWR650000-BLK;61.000000;54.000000;32.000000;39.800000;"RACINGLINE BRAKE CALIPER AND DISC UPGRADE 380MM FLOATING 6 POT - BLACK"
Racingline;3547.640000;VWR650000-BLU;61.000000;54.000000;32.000000;39.800000;"Stage 3 Big Brake Kit 380mm 6 Pot /  MQB  /  MQB EVO / BLUE"
Racingline;3248.750000;VWR650000-CHR;61.000000;54.000000;32.000000;39.800000;"RACINGLINE BRAKE CALIPER AND DISC UPGRADE 380MM FLOATING 6 POT - CHROME"
Racingline;249.360000;VWR650000-PK;0.000000;0.000000;0.000000;0.000000;"Stage 3 Piston Kit (12 pistons)"
Racingline;3547.640000;VWR650000-RED;61.000000;54.000000;32.000000;39.800000;"RACINGLINE BRAKE CALIPER AND DISC UPGRADE 380MM FLOATING 6 POT - RED"
Racingline;3547.640000;VWR650000-YEL;61.000000;54.000000;32.000000;39.800000;"RACINGLINE BRAKE CALIPER AND DISC UPGRADE 380MM FLOATING 6 POT - YELLOW"
Racingline;3411.140000;VWR650001-ANO;0.000000;0.000000;0.000000;0.000000;"RACINGLINE BRAKE CALIPER AND DISC UPGRADE 355MM FLOATING 6 POT -ANODIZED"
Racingline;3411.140000;VWR650001-BLK;61.000000;54.000000;32.000000;39.800000;"RACINGLINE BRAKE CALIPER AND DISC UPGRADE 355MM FLOATING 6 POT -BLACK"
Racingline;3411.140000;VWR650001-BLU;0.000000;0.000000;0.000000;0.000000;"Stage 3 Big Brake Kit 355mm 6 Pot /  MQB  /  MQB EVO / BLUE"
Racingline;3411.140000;VWR650001-CHR;0.000000;0.000000;0.000000;0.000000;"RACINGLINE BRAKE CALIPER AND DISC UPGRADE 355MM FLOATING 6 POT -CHROME"
Racingline;3411.140000;VWR650001-RED;61.000000;54.000000;32.000000;39.800000;"RACINGLINE BRAKE CALIPER AND DISC UPGRADE 355MM FLOATING 6 POT -RED"
Racingline;3411.140000;VWR650001-YEL;0.000000;0.000000;0.000000;0.000000;"RACINGLINE BRAKE CALIPER AND DISC UPGRADE 355MM FLOATING 6 POT -YELLOW"
Racingline;3411.140000;VWR650002-ANO;0.000000;0.000000;0.000000;0.000000;"RACINGLINE BRAKE CALIPER AND DISC UPGRADE355MM FLOATING 6 POT -ANODIZED"
Racingline;3411.140000;VWR650002-BLK;0.000000;0.000000;0.000000;0.000000;"RACINGLINE BRAKE CALIPER AND DISC UPGRADE 355MM FLOATING 6 POT -BLACK"
Racingline;3411.140000;VWR650002-BLU;0.000000;0.000000;0.000000;0.000000;"Stage 3 Big Brake Kit 355mm 6 Pot / A5 Platform / BLUE"
Racingline;3411.140000;VWR650002-CHR;0.000000;0.000000;0.000000;0.000000;"RACINGLINE BRAKE CALIPER AND DISC UPGRADE 355MM FLOATING 6 POT -CHROME"
Racingline;3411.140000;VWR650002-RED;0.000000;0.000000;0.000000;0.000000;"RACINGLINE BRAKE CALIPER AND DISC UPGRADE 355MM FLOATING 6 POT -RED"
Racingline;3411.140000;VWR650002-YEL;0.000000;0.000000;0.000000;0.000000;"RACINGLINE BRAKE CALIPER AND DISC UPGRADE355MM FLOATING 6 POT -YELLOW"
Racingline;3547.640000;VWR650003-ANO;0.000000;0.000000;0.000000;0.000000;"RACINGLINE BRAKE CALIPER AND DISC UPGRADE 380MM FLOATING 6 POT - ANODIZED"
Racingline;3547.640000;VWR650003-BLK;0.000000;0.000000;0.000000;0.000000;"RACINGLINE BRAKE CALIPER AND DISC UPGRADE 380MM FLOATING 6 POT - BLACK"
Racingline;3547.640000;VWR650003-BLU;0.000000;0.000000;0.000000;0.000000;"Stage 3 Big Brake Kit 380mm 6 Pot / A5 Platform / BLUE"
Racingline;3547.640000;VWR650003-RED;0.000000;0.000000;0.000000;0.000000;"RACINGLINE BRAKE CALIPER AND DISC UPGRADE 380MM FLOATING 6 POT - RED"
Racingline;3547.640000;VWR650003-YEL;0.000000;0.000000;0.000000;0.000000;"RACINGLINE BRAKE CALIPER AND DISC UPGRADE 380MM FLOATING 6 POT - YELLOW"
Racingline;7507.500000;VWR651000-ANO;0.000000;0.000000;0.000000;0.000000;"BRAKE CALIPER AND CARBON-CERAMIC DISC 380MM FLOATING 6 POT -ANODIZED"
Racingline;7507.500000;VWR651000-BLK;0.000000;0.000000;0.000000;0.000000;"BRAKE CALIPER AND CARBON-CERAMIC DISC 380MM FLOATING 6 POT -BLACK"
Racingline;7507.500000;VWR651000-BLU;0.000000;0.000000;0.000000;0.000000;"Stage 3+ Carbon Ceramic Brake Kit 380mm 6 Pot / MQB /  MQB EVO / BLUE"
Racingline;7507.500000;VWR651000-RED;0.000000;0.000000;0.000000;0.000000;"BRAKE CALIPER AND CARBON-CERAMIC DISC 380MM FLOATING 6 POT -RED"
Racingline;7507.500000;VWR651000-YEL;0.000000;0.000000;0.000000;0.000000;"BRAKE CALIPER AND CARBON-CERAMIC DISC 380MM FLOATING 6 POT -YELLOW"
Racingline;7507.500000;VWR651001-ANO;0.000000;0.000000;0.000000;0.000000;"Racingline Carbon Brake Kit 380mm Stage 3 6 Pot / A5 Platform / Anodized"
Racingline;7507.500000;VWR651001-BLK;0.000000;0.000000;0.000000;0.000000;"Racingline Carbon Brake Kit 380mm Stage 3 6 Pot / A5 Platform / Black"
Racingline;7507.500000;VWR651001-BLU;0.000000;0.000000;0.000000;0.000000;"Stage 3+ Carbon Ceramic Brake Kit 380mm 6 Pot / A5 Platform / BLUE"
Racingline;7507.500000;VWR651001-RED;0.000000;0.000000;0.000000;0.000000;"Racingline Carbon Brake Kit 380mm Stage 3 6 Pot / A5 Platform / Red"
Racingline;7507.500000;VWR651001-YEL;0.000000;0.000000;0.000000;0.000000;"Racingline Carbon Brake Kit 380mm Stage 3 6 Pot / A5 Platform / Yellow"
Racingline;2013.380000;VWR652000-BLK;61.000000;49.000000;31.000000;35.500000;"Stage 2 Evo Big Brake Kit 345mm 4 Pot / MQB / BLACK NEW KIT PRE ORDER"
Racingline;2013.380000;VWR652000-BLU;0.000000;0.000000;0.000000;0.000000;"Stage 2 Evo Big Brake Kit 345mm 4 Pot / MQB / MQB EVO / BLUE"
Racingline;2013.380000;VWR652000-RED;61.000000;49.000000;31.000000;35.500000;"Stage 2 Evo Big Brake Kit 345mm 4 Pot / MQB  / RED NEW KIT PRE ORDER"
Racingline;2013.380000;VWR652001-BLK;61.000000;49.000000;33.000000;33.000000;"Stage 2 Evo Big Brake Kit 330mm 4 Pot / Polo 6R/6C, Ibiza 6J, Audi S1 / BLACK"
Racingline;2013.380000;VWR652001-RED;61.000000;49.000000;33.000000;33.000000;"Stage 2 Evo Big Brake Kit 330mm 4 Pot / Polo 6R/6C, Ibiza 6J, Audi S1 /  RED"
Racingline;2013.380000;VWR652002-BLK;62.000000;51.000000;30.000000;36.000000;"Stage 2 Evo Big Brake Kit 345mm 4 Pot / Polo AW / Ibiza 6F / Audi A1GB / BLACK"
Racingline;2013.380000;VWR652002-RED;62.000000;51.000000;30.000000;36.000000;"Stage 2 Evo Big Brake Kit 345mm 4 Pot / Polo AW / Ibiza 6F / Audi A1GB / RED"
Racingline;2013.380000;VWR652003-BLK;0.000000;0.000000;0.000000;0.000000;"Stage 2 Evo Big Brake Kit 345mm 4 Pot / A5 Platform"
Racingline;2013.380000;VWR652003-RED;0.000000;0.000000;0.000000;0.000000;"Racingline Big Brake Kit 345mm Stage 2 4 Pot / A5 Platform / Red New Kit Pre order"
Racingline;203.390000;VWR670000;18.000000;11.000000;10.000000;2.400000;"RACINGLINE BRAKE KIT REPLACEMENT 6 POT PADS 2012-"
Racingline;197.930000;VWR670001;15.000000;13.000000;10.000000;1.800000;"RACINGLINE BRAKE SPORT REPLACEMENT PADS 4 POT 2018 -ONWARDS"
Racingline;293.480000;VWR670002;14.000000;13.000000;9.000000;1.760000;"RACINGLINE BRAKE KIT SPORT PLUS REPLACEMENT PADS 4 POT 2018 -ONWARDS"
Racingline;354.900000;VWR670003;0.000000;0.000000;0.000000;0.000000;"RACINGLINE BRAKE KIT TRACK REPLACEMENT PADS 4 POT 2018 -ONWARDS"
Racingline;136.500000;VWR670004;11.000000;18.000000;10.000000;2.200000;"RACINGLINE PERFORMANCE BRAKE PADS- FRONT"
Racingline;85.310000;VWR670005;0.000000;0.000000;0.000000;0.000000;"RACINGLINE PERFORMANCE BRAKE PADS - REAR"
Racingline;170.630000;VWR670006;11.000000;18.000000;10.000000;2.800000;"RACINGLINE PERFORMANCE BRAKE PADS - FRONT"
Racingline;85.310000;VWR670007;10.000000;14.000000;9.000000;1.120000;"RACINGLINE PERFROMANCE BRAKE PADS - REAR"
Racingline;85.310000;VWR670008;13.000000;10.000000;10.000000;1.200000;"RACINGLINE RP700 BRAKE PADS - REAR 310mm MANUAL HANDBRAKE"
Racingline;189.740000;VWR670009;0.000000;0.000000;0.000000;0.000000;"Racingline Performance Brake Kit Pads / Sport   Stage 2 V2"
Racingline;358.310000;VWR6700CARBON;0.000000;0.000000;0.000000;0.000000;"RACINGLINE CARBON-CERAMIC SPEC PADS"
Racingline;361.730000;VWR6700TRACK;0.000000;0.000000;0.000000;0.000000;"RACINGLINE BRAKE KIT REPLACEMENT PADS (DS2500) 2012-"
Racingline;546.000000;VWR680000;0.000000;0.000000;0.000000;0.000000;"RACINGLINE BRAKE KIT 352MM REPLACEMENT ROTORS (DISCS) 6 PISTON CALIPER KIT"
Racingline;546.000000;VWR680001;0.000000;0.000000;0.000000;0.000000;"RACINGLINE BRAKE KIT 360MM REPLACEMENT ROTORS (DISCS) 6 PISTON CALIPER KIT"
Racingline;511.880000;VWR680002;0.000000;0.000000;0.000000;0.000000;"RACINGLINE BRAKE KIT 345MM REPLACEMENT ROTORS (COMPLETE) 4 PISTON CALIPER KIT"
Racingline;614.250000;VWR680003;53.000000;50.000000;17.000000;18.900000;"RACINGLINE BRAKE KIT 355MM REPLACEMENT ROTORS (DISCS)  6 PISTON CALIPER KIT"
Racingline;682.500000;VWR680004;51.000000;54.000000;17.000000;22.000000;"RACINGLINE BRAKE KIT 380MM REPLACEMENT ROTORS (DISCS) 6 PISTON CALIPER KIT"
Racingline;255.260000;VWR680005;0.000000;0.000000;0.000000;0.000000;"Racingline Brake Kit 355mm Rotor Fitting Kit (20 pieces) Stage 3"
Racingline;40.950000;VWR680006;0.000000;0.000000;0.000000;0.000000;"Racingline Brake Kit / Piston Seal Kit  Stage 3"
Racingline;40.950000;VWR680007;0.000000;0.000000;0.000000;0.000000;"Racingline Brake Kit / Piston Replacement Dust seals  Stage 3"
Racingline;273.000000;VWR680008;0.000000;0.000000;0.000000;0.000000;"Racingline Brake Kit 380mm Rotor Fitting Kit (24 pieces) Stage 3"
Racingline;409.500000;VWR680011;0.000000;0.000000;0.000000;0.000000;"Racingline Brake Kit / Rotor Bell Only pair   Stage 3"
Racingline;5419.050000;VWR680012;0.000000;0.000000;0.000000;0.000000;"Stage 3+ 355mm Carbon Brake Kit Replacement Rotors/Discs *requires carbon spec pads (VWR6700CARBON)"
Racingline;5419.050000;VWR680013;0.000000;0.000000;0.000000;0.000000;"RACINGLINE BRAKE KIT 380MM CARBON DISCS ONLY *"
Racingline;511.880000;VWR680014;51.000000;54.000000;17.000000;19.660000;"RACINGLINE BRAKE KIT 330MM REPLACEMENT DISCS"
Racingline;30.030000;VWR680015;0.000000;0.000000;0.000000;0.000000;"Racingline Brake Kit Piston Seal Kit   Stage 2"
Racingline;30.030000;VWR680016;0.000000;0.000000;0.000000;0.000000;"Racingline Brake Kit Dust Seal Kit   Stage 2"
Racingline;5210.630000;VWR680020;0.000000;0.000000;0.000000;0.000000;"Stage 3+ Rear 310mm Carbon discs and pads"
Racingline;249.990000;VWR682000;32.000000;13.000000;33.000000;15.500000;"Stage 2 Performance Rear Discs / Rotors 310mm"
Racingline;19.110000;VWR69000BF1;20.000000;20.000000;20.000000;0.600000;"Brake Fluid RBF312 / 500ml 300 DOT 4"
Racingline;13.650000;VWR699999;0.000000;0.000000;0.000000;0.000000;"R360 Centre Cap / Single"
Racingline;88.730000;VWR69G7FR;0.000000;0.000000;0.000000;0.000000;"RACINGLINE BRAKE LINE KIT FRONT - MQB"
Racingline;150.150000;VWR69G7KIT;31.000000;18.000000;4.000000;0.500000;"RACINGLINE BRAKE LINE KIT FRONT AND REAR - MQB PLATFORM"
Racingline;88.730000;VWR69G7RR;0.000000;0.000000;0.000000;0.000000;"RACINGLINE BRAKE LINE KIT REAR - MQB"
Racingline;136.490000;VWR700000;15.000000;15.000000;10.000000;0.500000;"RACINGLINE MANUAL GEAR KNOB MQB / MQB EVO"
Racingline;10.240000;VWR800000;12.000000;4.000000;1.000000;0.100000;"Badge - R Line - Silver"
Racingline;10.240000;VWR800001;12.000000;4.000000;1.000000;0.100000;"Badge - R Line - Black"
Racingline;47.780000;VWR800001-BLK;15.000000;15.000000;15.000000;0.500000;"RACINGLINE DOOR DECALS SHORT - BLACK"
Racingline;47.780000;VWR800001-SVR;15.000000;15.000000;15.000000;0.500000;"RACINGLINE DOOR DECALS SHORT - SILVER"
Racingline;10.240000;VWR800002;15.000000;8.000000;2.000000;0.100000;"Badge - OEM Plus Silver"
Racingline;50.510000;VWR800002-BLK;0.000000;0.000000;0.000000;0.000000;"RACINGLINE DOOR DECALS LONG - BLACK"
Racingline;50.510000;VWR800002-SVR;0.000000;0.000000;0.000000;0.000000;"RACINGLINE DOOR DECALS LONG - SILVER"
Racingline;10.240000;VWR800003;15.000000;8.000000;2.000000;0.100000;"Badge - OEM Plus Black"
Racingline;28.670000;VWR810000;17.000000;8.000000;7.000000;0.200000;"RACINGLINE REAR WIPER DELETE"
Racingline;80.540000;VWR810002;89.000000;4.000000;4.000000;0.520000;"RACINGLINE BONNET / HOOD GAS STRUT GOLF 8"
Racingline;273.000000;VWR810003;18.000000;10.000000;109.000000;1.700000;"Racingline MQB Carbon Fibre Rear Body Brace /AW Polo"
Racingline;204.750000;VWR810004;48.000000;13.000000;6.000000;0.680000;"Racingline Chassis Brace Support Front MQB / MQB Evo"
Racingline;177.450000;VWR810005;48.000000;13.000000;6.000000;0.400000;"Racingline Chassis Brace Support Rear FOR MQB / MQB Evo"
Racingline;286.650000;VWR810006;49.000000;5.000000;12.000000;1.520000;"RACINGLINE MQB / MQB EVO FRONT SUBFRAME BRACE"
Racingline;57.330000;VWR810009;6.000000;16.000000;19.000000;0.200000;"Racingline Propshaft Bearing Alignment Kit MQB / MQB Evo"
Racingline;455.910000;VWR8130S3;18.000000;10.000000;108.000000;2.550000;"A3 / S3 / RS3 8V (NO SALOON) RACINGLINE CARBON FIBRE REAR BRACE"
Racingline;455.910000;VWR8130S3-SEDAN;18.000000;10.000000;108.000000;2.550000;"A3 / S3 / RS3 8V (SALOON) RACINGLINE CARBON FIBRE REAR BRACE"
Racingline;443.630000;VWR814100;22.000000;8.000000;62.000000;2.600000;"A4,S4,RS4 / A5,S5,RS5 B9 RACINGLINE FRONT UPPER BRACE FRAME"
Racingline;23.210000;VWR81G7-HARDWARE;0.000000;0.000000;0.000000;0.000000;"Carbon Fibre Rear Brace Hardware Kit"
Racingline;455.910000;VWR81G700;18.000000;10.000000;108.000000;2.550000;"GOLF 7 / LEON 3 / OCTAVIA 5E RACINGLINE CARBON FIBRE REAR BRACE"
Racingline;43.740000;VWR90000;20.000000;10.000000;8.000000;0.300000;"Racingline Ignition Coil BLUE / MQB evo / MQB 2.0TSI, 1.8TSI, 2.5TFSI"
Racingline;43.740000;VWR900001;20.000000;10.000000;8.000000;0.300000;"Racingline Ignition Coil RED / MQB evo / MQB 2.0TSI, 1.8TSI, 2.5TFSI"
Racingline;43.740000;VWR900002;20.000000;10.000000;8.000000;0.300000;"Racingline Ignition Coil GREY / MQB evo / MQB 2.0TSI, 1.8TSI, 2.5TFSI"
Racingline;27.300000;VWRA001L;0.000000;0.000000;0.000000;0.000000;"RACING LINE BLACK SCREENED T-SHIRT -LARGE"
Racingline;27.300000;VWRA001M;0.000000;0.000000;0.000000;0.000000;"RACING LINE BLACK SCREENED T-SHIRT -MEDIUM"
Racingline;27.300000;VWRA001S;0.000000;0.000000;0.000000;0.000000;"RACING LINE BLACK SCREENED T-SHIRT -SMALL"
Racingline;27.300000;VWRA001XL;0.000000;0.000000;0.000000;0.000000;"RACING LINE BLACK SCREENED T-SHIRT -XL"
Racingline;27.300000;VWRA001XXL;0.000000;0.000000;0.000000;0.000000;"RACING LINE BLACK SCREENED T-SHIRT -XXL"
Racingline;51.190000;VWRA002L;0.000000;0.000000;0.000000;0.000000;"RACING LINE BLACK/RED HOODIE - LARGE"
Racingline;51.190000;VWRA002M;0.000000;0.000000;0.000000;0.000000;"RACING LINE BLACK/RED HOODIE - MEDIUM"
Racingline;51.190000;VWRA002S;0.000000;0.000000;0.000000;0.000000;"RACING LINE BLACK/RED HOODIE - SMALL"
Racingline;51.190000;VWRA002XL;0.000000;0.000000;0.000000;0.000000;"RACING LINE BLACK/RED HOODIE - XL"
Racingline;51.190000;VWRA002XXL;0.000000;0.000000;0.000000;0.000000;"RACING LINE BLACK/RED HOODIE - XXL"
Racingline;51.190000;VWRA003L;0.000000;0.000000;0.000000;0.000000;"RACING LINE ZIP GREY HOODIE - LARGE"
Racingline;51.190000;VWRA003M;0.000000;0.000000;0.000000;0.000000;"RACING LINE ZIP GREY HOODIE - MEDIUM"
Racingline;51.190000;VWRA003S;0.000000;0.000000;0.000000;0.000000;"RACING LINE ZIP GREY HOODIE - SMALL"
Racingline;51.190000;VWRA003XL;0.000000;0.000000;0.000000;0.000000;"RACING LINE ZIP GREY HOODIE - XL"
Racingline;51.190000;VWRA003XXL;0.000000;0.000000;0.000000;0.000000;"RACING LINE ZIP GREY HOODIE - XXL"
Racingline;51.190000;VWRA004L;0.000000;0.000000;0.000000;0.000000;"RACING LINE BLACK/YELLOW HOODIE - LARGE"
Racingline;51.190000;VWRA004M;0.000000;0.000000;0.000000;0.000000;"RACING LINE BLACK/YELLOW HOODIE - MEDIUM"
Racingline;51.190000;VWRA004S;0.000000;0.000000;0.000000;0.000000;"RACING LINE BLACK/YELLOW HOODIE - SMALL"
Racingline;51.190000;VWRA004XL;0.000000;0.000000;0.000000;0.000000;"RACING LINE BLACK/YELLOW HOODIE - XL"
Racingline;51.190000;VWRA004XXL;0.000000;0.000000;0.000000;0.000000;"RACING LINE BLACK/YELLOW HOODIE - XXL"
Racingline;8.190000;VWRA10000;12.000000;4.000000;3.000000;0.100000;"RACINGLINE WHEEL NUT KEYRING"
